18,18.6,50.5,801,11,9,9,12,1006,46,3,347
18,18.6,50.8,801,11,9,9,12,1006,46,3,347
18,18.6,50.8,801,11,9,9,12,1006,46,2,311
18,18.7,50.9,801,11,9,9,12,1006,46,3,347
19,18.7,51.5,801,11,9,9,12,1006,47,1,285
19,18.7,51.8,801,11,9,9,12,1006,46,3,347
19,18.7,51.5,801,11,9,9,12,1006,47,1,285
19,18.8,51.4,801,11,9,9,12,1006,47,1,285
19,18.8,51.3,801,11,9,9,12,1006,47,1,285
19,18.7,50.9,801,11,9,9,12,1006,47,1,285
19,18.7,51,801,11,9,9,12,1006,47,1,285
19,18.8,50.8,801,11,9,9,12,1006,47,1,285
19,18.8,51.1,801,11,9,9,12,1006,47,1,285
19,18.8,51.1,801,11,9,9,12,1006,46,4,348
19,19.7,48.3,801,11,9,9,11,1006,47,4,300
19,19.3,49.4,801,11,9,9,11,1006,47,4,300
19,19,50.3,801,10,9,9,12,1006,48,2,207
19,18.9,50.6,801,10,9,9,12,1006,48,2,207
19,19,50.5,801,10,9,9,12,1006,49,4,254
19,18.8,49.9,801,10,9,9,12,1006,49,4,254
19,18.7,49.6,801,10,9,9,12,1006,49,4,57
19,18.6,50.1,801,10,9,9,12,1006,49,4,57
19,18.4,50.1,801,10,9,9,12,1006,49,4,57
20,18.3,50.2,801,10,9,9,12,1006,49,3,252
20,18.2,50.4,801,10,9,9,12,1006,49,3,5
20,18,50.4,801,10,9,9,11,1006,49,3,309
20,18,50.5,801,10,9,9,11,1006,49,3,309
20,17.9,50.9,801,10,9,9,11,1006,49,3,309
20,17.8,51,801,10,8,9,11,1006,49,4,150
20,17.7,51.4,801,10,9,8,11,1007,49,2,327
20,17.5,51.3,801,10,9,8,11,1007,49,2,327
20,17.5,51.4,801,10,9,8,11,1007,49,2,360
20,17.4,51.2,801,10,9,8,11,1007,49,3,224
20,17.3,51,801,10,8,8,11,1007,49,4,243
20,17.3,50.9,801,10,8,8,11,1007,50,3,304
21,17.3,50.6,801,10,8,8,11,1007,50,3,281
21,17.2,50.4,801,10,8,8,11,1007,50,3,281
21,17.2,50.2,801,10,8,8,11,1007,50,3,281
21,17.2,50.3,801,10,8,7,11,1007,50,3,309
21,17.1,50.2,801,10,8,7,11,1007,50,3,309
21,17.1,50.2,801,10,8,7,11,1007,50,4,303
21,17.1,50.2,801,10,8,7,11,1007,50,3,29
21,17.1,50.2,801,10,8,7,11,1007,50,4,303
21,17,49.8,801,10,9,7,11,1007,51,2,223
21,16.9,50.3,801,10,9,7,11,1007,51,2,223
21,16.9,50.2,801,9,8,7,11,1007,51,3,351
21,16.9,50.4,801,9,8,8,11,1007,52,3,271
21,16.9,50.6,801,9,8,8,11,1007,52,3,266
22,16.9,50.9,801,9,8,8,11,1007,52,3,271
22,16.8,51,801,9,7,7,11,1007,53,3,311
22,16.8,51.2,801,9,8,7,11,1007,53,2,27
22,16.8,51.4,801,9,7,7,11,1007,53,3,311
22,16.8,51.7,801,9,7,6,11,1008,54,3,223
22,16.7,51.7,801,9,8,6,11,1008,54,2,339
22,16.7,51.8,801,9,8,6,11,1008,54,2,339
22,16.7,51.9,801,9,8,7,10,1008,54,2,307
22,16.7,52,801,9,8,7,10,1008,54,2,307
22,16.7,52,801,9,8,7,10,1008,54,2,307
22,16.7,52,800,9,7,7,10,1008,55,3,5
22,16.6,52,800,9,8,7,10,1008,55,2,313
23,16.6,52.2,800,9,8,6,10,1008,55,1,360
23,16.6,52.4,800,9,9,6,10,1008,55,1,28
23,16.6,52.4,800,9,9,6,10,1008,55,1,360
23,16.6,52.5,800,9,9,6,10,1008,55,1,28
23,16.5,52.6,800,9,9,6,10,1008,55,1,360
23,16.5,52.9,800,9,9,6,10,1008,55,1,360
23,16.5,53,800,9,8,6,10,1008,56,1,261
23,16.5,53.3,800,9,8,6,10,1008,56,1,261
23,16.4,53.4,800,9,8,6,10,1008,56,1,261
23,16.4,53.5,800,8,8,6,9,1008,58,1,307
23,16.3,53.5,800,8,8,6,9,1008,58,1,329
23,16.3,53.7,800,8,8,6,9,1008,58,1,329
23,16.3,53.8,800,8,8,6,9,1008,58,0,352
0,16.3,53.8,800,8,7,6,9,1008,58,3,285
0,16.2,53.7,800,8,7,6,9,1008,58,3,285
0,16.2,53.7,800,8,7,6,9,1008,58,2,294
0,16.2,53.7,800,8,8,6,9,1008,59,1,317
0,16.1,53.7,800,8,7,6,9,1008,59,2,360
0,16.1,53.7,800,8,8,6,9,1008,59,1,292
0,16.1,53.7,800,8,8,6,9,1008,59,1,355
0,16,53.8,800,8,8,6,9,1008,59,1,292
0,16,53.8,800,8,7,5,9,1008,60,1,318
0,16,53.8,800,8,7,5,9,1008,60,1,318
0,15.9,53.9,800,8,7,5,9,1008,60,1,318
0,16,54,800,8,8,6,9,1008,61,0,0
1,15.9,54,800,8,8,6,9,1008,61,0,0
1,15.9,54.1,800,8,8,6,9,1008,61,0,0
1,15.8,54.1,800,8,8,6,9,1008,61,0,330
1,15.8,54.2,800,8,8,6,9,1008,61,1,284
1,15.8,54.2,800,8,8,5,9,1008,62,0,0
1,15.8,54.3,800,8,8,5,9,1008,62,1,198
1,15.7,54.3,800,8,8,5,9,1008,62,1,198
1,15.7,54.4,800,8,8,5,9,1009,62,1,198
1,15.7,54.5,800,8,8,5,9,1008,62,1,198
1,15.7,54.5,800,8,7,5,9,1009,62,1,30
1,15.7,54.6,800,8,7,5,9,1009,62,1,30
1,15.6,54.6,800,7,7,5,9,1009,63,1,274
2,15.6,54.6,800,7,7,5,9,1009,63,1,333
2,15.6,54.7,800,7,7,5,9,1009,63,1,333
2,15.6,54.7,800,7,7,5,9,1009,63,1,334
2,15.5,54.7,800,7,7,5,9,1009,63,1,334
2,15.5,54.7,800,7,7,5,9,1009,63,1,334
2,15.5,54.8,800,7,7,5,9,1009,64,1,74
2,15.4,54.8,800,7,7,5,9,1009,64,1,236
2,15.5,54.9,800,7,7,5,9,1009,64,1,236
2,15.4,54.9,800,7,7,5,8,1009,64,1,236
2,15.4,54.9,800,7,7,5,8,1009,64,1,236
2,15.3,54.9,800,7,7,5,8,1009,64,1,236
2,15.3,54.9,801,7,7,5,8,1009,63,1,82
2,15.3,54.9,801,7,7,5,8,1009,63,1,82
3,15.3,54.9,801,7,7,5,8,1009,63,1,82
3,15.3,55,801,7,6,5,8,1009,63,2,352
3,15.2,54.9,801,7,6,5,8,1009,63,2,352
3,15.2,55,801,7,6,5,8,1009,63,2,352
3,15.2,55,801,7,6,5,8,1009,63,2,352
3,15.2,55,801,7,5,4,8,1010,64,3,281
3,15.2,55,801,7,5,4,8,1010,64,3,281
3,15.2,55,801,7,5,4,8,1010,64,3,281
3,15.1,55,801,7,6,5,8,1010,64,2,250
3,15.1,55,800,7,4,5,8,1010,64,4,349
3,15.1,55,800,7,4,5,8,1010,64,4,349
3,15.1,55,800,7,5,4,8,1010,64,3,101
4,15.1,55,800,7,5,4,8,1010,64,3,281
4,15,55,800,7,5,4,8,1010,64,3,281
4,15,55,800,7,5,4,8,1010,64,3,281
4,15,55,800,7,5,4,8,1010,65,2,306
4,15,55,800,7,5,4,8,1010,65,2,306
4,15,55,800,7,5,4,8,1010,65,2,306
4,15,55,800,7,6,4,8,1010,66,2,233
4,14.9,54.9,800,7,6,3,8,1010,66,1,267
4,14.9,54.9,800,7,7,3,8,1010,67,1,262
4,14.9,54.9,800,7,7,3,8,1010,67,1,262
4,14.9,54.9,800,7,7,3,8,1010,67,0,224
4,14.9,54.9,800,7,7,3,8,1010,67,0,224
4,14.8,54.8,800,6,6,3,8,1010,68,1,261
5,14.8,54.8,800,7,7,3,8,1010,68,1,15
5,14.8,54.7,800,7,7,3,8,1010,68,1,15
5,14.8,54.7,800,7,5,3,8,1010,68,2,324
5,14.8,54.7,800,7,5,3,8,1010,68,2,324
5,14.7,54.6,800,7,5,3,8,1011,68,3,288
5,14.7,54.5,800,7,5,3,8,1011,68,3,288
5,14.7,54.6,800,7,6,3,8,1011,68,1,36
5,14.7,54.5,800,7,6,3,8,1011,68,1,36
5,14.7,54.5,800,7,6,3,8,1011,68,1,36
5,14.6,54.5,800,6,5,3,8,1011,68,2,255
5,14.6,54.5,800,7,5,3,8,1010,68,2,255
5,14.6,54.5,800,6,5,3,8,1011,68,2,0
6,14.6,54.5,800,6,5,3,8,1011,68,2,248
6,14.6,54.5,800,6,5,3,8,1011,68,2,0
6,14.6,54.5,800,6,4,3,8,1011,68,3,252
6,14.6,54.5,800,6,5,3,8,1011,68,2,315
6,14.5,54.4,800,6,5,3,8,1011,68,2,351
6,14.5,54.4,800,6,5,3,8,1011,68,2,5
6,14.5,54.4,800,6,5,3,8,1011,68,2,5
6,14.5,54.4,800,6,5,3,8,1011,68,2,5
6,14.5,54.3,800,6,5,3,8,1011,68,2,311
6,14.4,54.3,800,6,5,3,8,1011,68,2,311
6,14.5,54.3,800,6,5,3,8,1011,68,2,311
6,14.4,54.3,800,6,5,3,8,1011,68,2,94
7,14.4,54.3,800,6,4,3,9,1011,68,3,235
7,14.4,54.3,800,6,4,3,9,1011,68,3,235
7,14.4,54.3,800,6,5,3,9,1011,69,2,274
7,14.4,54.2,800,6,4,3,9,1011,69,3,275
7,14.3,54.1,800,6,5,2,9,1012,69,2,24
7,14.3,54.1,800,6,4,3,8,1011,69,3,150
7,14.3,54.1,800,6,4,3,8,1011,69,3,150
7,14.3,54.1,800,6,4,3,8,1011,69,3,150
7,14.3,54.1,800,6,4,2,8,1012,69,3,241
7,14.3,54.1,800,6,4,2,8,1012,69,3,241
7,14.3,54.1,800,6,4,2,8,1012,69,3,58
7,14.2,54,800,6,5,2,8,1012,69,2,40
7,14.2,54,800,6,4,2,8,1012,69,3,327
8,14.2,54.1,800,6,5,2,8,1012,69,2,40
8,14.2,54,800,6,5,2,8,1012,69,2,28
8,14.2,54.1,800,6,5,2,8,1012,69,2,28
8,14.2,54.1,800,6,4,3,8,1012,69,3,305
8,14.2,54.1,800,6,4,2,8,1012,69,2,255
8,14.2,54.1,800,6,4,2,8,1012,69,2,255
8,14.2,54.1,800,6,5,2,8,1012,69,1,263
8,14.2,54.1,800,6,5,2,8,1012,69,1,263
8,14.2,54,800,6,6,3,8,1013,68,1,277
8,14.2,54,800,6,6,3,8,1013,68,1,277
8,14.2,54,800,6,6,3,8,1013,68,1,277
8,14.2,53.9,800,6,4,3,8,1013,68,3,223
8,14.4,57.6,800,6,4,3,8,1013,68,3,223
9,14.4,58.6,800,6,4,3,8,1013,68,3,223
9,14.8,53.8,800,6,4,3,8,1013,68,3,223
9,14.9,53.3,800,7,5,3,8,1013,68,3,318
9,15,53.1,800,7,5,3,8,1013,68,3,318
9,15.2,52.3,800,7,5,3,8,1013,68,3,318
9,15.4,51.5,801,7,7,3,8,1013,68,0,0
9,15.5,51.2,801,7,7,3,9,1013,67,0,9
9,15.6,50.5,801,7,7,5,9,1013,67,0,266
9,15.6,50.6,801,7,7,5,9,1013,67,0,266
9,15.4,50.9,801,7,7,5,9,1013,67,0,266
9,15.3,51.2,801,7,7,5,10,1013,66,1,306
9,15.3,51.4,801,7,7,4,10,1014,66,0,281
10,15.2,51.4,801,7,7,4,10,1014,66,1,272
10,15.2,51.3,801,7,7,4,10,1014,66,0,281
10,15.1,51.3,801,7,7,4,10,1014,66,1,272
10,15,47,801,8,8,6,10,1014,65,0,0
10,14.9,46.8,801,8,7,5,10,1014,64,2,246
10,14.8,45.8,801,8,7,5,10,1014,64,2,246
10,14.7,45.4,801,8,8,5,10,1013,63,1,188
10,14.8,45.5,801,8,8,5,10,1014,63,1,182
10,14.7,44.7,801,8,8,5,10,1014,63,1,182
10,14.6,44.6,800,9,9,7,10,1013,63,0,164
10,14.5,44.8,800,9,9,7,10,1013,63,0,164
10,14.5,53,800,9,9,7,11,1014,60,1,352
11,14.4,52.5,800,9,9,7,11,1014,60,1,352
11,14.4,50,800,9,9,7,11,1014,58,1,0
11,14.2,46.3,800,9,9,7,11,1013,58,1,317
11,14.2,46.1,800,9,9,7,11,1014,58,1,0
11,14.3,46.2,800,9,9,7,11,1013,58,1,317
11,14.1,45.6,800,9,9,7,11,1014,58,1,315
11,14.2,45.7,800,9,9,7,11,1014,58,1,315
11,14.3,45,800,10,10,8,11,1013,58,1,296
11,14.2,45.5,800,10,10,8,11,1014,58,1,0
11,14.3,46,800,10,9,8,11,1014,58,2,322
11,14.4,46.4,800,10,10,8,11,1014,58,1,0
11,14.3,46.1,800,10,9,8,12,1014,58,1,34
11,14.3,45.1,800,10,9,8,12,1014,58,1,34
12,14.3,45.9,800,10,9,8,11,1013,58,2,336
12,14.3,45.5,800,10,10,8,11,1013,58,1,324
12,14.3,45.4,800,10,10,8,12,1013,58,0,316
12,14.2,45.3,800,10,10,8,12,1013,58,0,316
12,14.1,45,800,10,10,8,12,1013,58,0,316
12,14.1,45,801,10,10,8,12,1013,57,0,0
12,14.2,45.6,801,10,9,8,12,1013,57,2,313
12,14.3,45.8,801,10,9,8,12,1013,57,2,313
12,14.3,46.5,801,11,9,9,12,1013,56,1,309
12,14.4,46.6,801,11,9,9,12,1013,55,3,302
12,14.4,47.5,801,11,9,9,12,1013,56,1,309
12,14.2,47.2,801,11,9,9,12,1013,55,1,250
13,14.4,46.6,801,11,9,9,12,1013,55,1,250
13,14.3,46,801,11,9,9,12,1013,55,1,250
13,14.5,46.6,801,11,9,9,12,1013,54,1,289
13,14.6,46.2,801,11,9,9,12,1013,54,1,289
13,14.7,46.2,801,11,9,9,12,1013,54,1,289
13,14.7,46.4,801,11,10,9,12,1012,54,1,294
13,14.7,46.5,801,11,10,9,13,1012,54,1,294
13,14.8,46.6,801,11,10,9,13,1012,53,1,281
13,14.8,46.6,801,11,10,9,13,1012,54,1,294
13,14.8,46.6,801,11,10,9,13,1012,53,1,294
13,14.8,46.7,801,11,10,10,13,1012,52,0,0
13,14.8,46.7,801,11,10,10,13,1012,52,1,5
14,14.8,46.7,801,12,10,10,13,1012,52,0,260
14,14.8,46.8,801,12,10,10,13,1012,51,1,28
14,14.9,47.1,801,12,10,10,13,1012,52,0,260
14,15.1,46.9,801,12,10,10,13,1012,51,1,28
14,15.3,46.5,801,12,10,10,13,1012,51,2,44
14,15.4,46.2,801,12,10,10,13,1012,51,2,44
14,15.5,46.1,801,12,11,10,13,1012,51,0,0
14,15.7,45.9,801,12,11,10,13,1012,51,0,0
14,15.8,45.8,801,12,11,10,13,1012,51,2,200
14,15.9,45.8,801,12,10,10,13,1012,52,2,263
14,16,45.8,801,12,10,10,13,1012,52,2,263
14,16.1,45.7,801,12,11,10,13,1012,52,3,337
14,16,45.8,801,12,11,10,13,1012,53,4,21
15,16.1,46.1,801,12,10,10,13,1012,53,3,352
15,16.1,46.3,801,12,10,10,13,1011,53,3,113
15,16.2,46.8,801,12,10,10,13,1011,53,2,5
15,16.3,48.1,801,12,10,10,13,1011,53,2,5
15,16.4,48.9,801,12,10,10,13,1011,53,2,5
15,16.4,49.5,801,12,10,10,13,1011,54,1,317
15,16.5,49.8,801,12,10,10,13,1011,54,2,325
15,16.3,49.6,801,12,10,10,13,1011,54,1,313
15,16.3,48.9,801,12,10,10,13,1011,54,1,313
15,16.5,48.8,801,12,10,10,13,1011,54,2,314
15,16.6,48.8,801,12,10,10,12,1011,55,3,317
15,16.6,49,801,12,10,10,13,1011,55,1,0
16,16.8,49.2,801,12,10,10,13,1011,55,1,269
16,16.9,49.3,801,11,10,10,13,1011,56,2,300
16,16.9,49.5,801,11,10,10,12,1011,56,2,320
16,17,49.6,801,11,10,10,12,1011,56,2,320
16,17,49.7,801,11,10,10,12,1011,56,1,242
16,17.1,49.9,801,11,10,10,12,1011,57,1,315
16,17.1,50,801,11,10,10,12,1011,57,1,315
16,17.2,50.3,801,11,10,10,12,1011,57,1,315
16,17.2,50.3,801,11,10,10,12,1011,57,1,312
16,17.2,50.4,801,11,10,10,12,1011,58,0,302
16,17.2,50.6,801,11,10,10,12,1012,58,0,5
16,17.2,50.8,801,11,10,10,12,1012,58,0,5
17,17,50.4,801,11,10,10,12,1012,58,0,5
17,17.1,49,801,11,10,10,12,1012,58,0,5
17,17.1,49.6,801,11,10,10,12,1011,59,1,306
17,17,50.1,801,11,10,10,12,1011,59,1,306
17,17,50.5,801,11,10,9,12,1012,60,0,320
17,17.1,50.7,801,11,10,9,12,1012,60,2,10
17,17.1,51.1,801,11,10,9,12,1012,60,2,348
17,17.1,51.4,801,11,10,9,12,1012,61,2,10
17,17.2,51.7,801,11,10,9,12,1012,61,2,10
17,17.2,52,801,11,10,9,12,1011,61,2,235
17,17.1,52.2,801,11,9,9,12,1011,62,1,333
17,17.2,52.5,801,11,9,9,12,1012,62,1,333
18,17.2,52.6,801,11,9,8,12,1011,63,1,348
18,17.2,52.7,801,11,9,8,12,1011,63,1,348
18,17.2,52.8,801,11,9,8,12,1012,63,2,347
18,17.2,52.9,801,10,9,8,12,1012,63,2,313
18,17.5,53,801,10,9,8,12,1012,64,3,290
18,17.2,52.8,801,10,9,8,12,1012,64,2,324
18,16.9,53.2,801,10,9,8,12,1012,64,4,313
18,16.7,53.1,801,10,9,8,12,1012,65,1,306
18,16.6,53.1,801,10,9,8,12,1012,64,4,313
18,16.5,53.2,801,10,9,8,12,1012,65,1,306
18,16.4,53.4,801,10,9,8,12,1012,65,2,277
18,16.3,53.5,801,10,9,7,12,1012,66,3,317
19,16.3,53.6,801,10,9,7,12,1012,66,3,317
19,16.2,53.7,801,10,9,8,12,1012,66,2,34
19,16.2,53.8,801,10,9,7,12,1012,66,2,15
19,16.1,53.7,801,10,9,7,12,1012,66,2,15
19,16.1,53.8,801,10,9,8,12,1012,67,0,262
19,16,53.7,801,10,9,8,12,1012,67,0,262
19,16.2,53.1,801,10,10,8,11,1012,67,0,170
19,16.1,53.5,801,10,10,8,11,1012,67,0,170
19,16,53.6,801,10,10,8,11,1012,67,0,170
19,16,53.8,801,10,10,7,12,1011,67,1,274
19,15.9,53.8,801,10,10,7,12,1012,68,0,315
19,15.9,53.9,801,10,10,7,12,1012,68,0,315
19,16.1,54.2,801,10,10,7,12,1012,68,1,302
20,16,54.2,801,10,10,7,12,1012,68,1,304
20,15.9,54.5,801,10,10,7,12,1012,69,1,328
20,15.8,54.6,801,10,10,7,12,1012,69,1,328
20,15.7,54.6,801,10,10,7,12,1012,69,1,328
20,15.7,54.7,801,10,10,6,12,1012,69,1,29
20,15.7,54.8,801,10,10,6,12,1012,69,1,29
20,15.7,54.9,801,10,10,6,12,1012,69,1,342
20,15.6,54.9,801,9,9,6,12,1012,70,1,284
20,15.6,55,801,9,9,6,11,1012,70,1,5
20,15.6,55,801,9,9,6,12,1012,70,1,284
20,15.5,55,801,9,9,6,12,1012,70,0,0
20,15.5,55.1,801,9,9,6,11,1012,72,0,223
21,15.5,55.2,801,9,9,6,12,1012,70,0,293
21,15.5,55.2,801,9,9,6,12,1012,70,0,293
21,15.5,55.3,801,9,9,6,12,1012,71,0,329
21,15.4,55.3,801,9,9,6,12,1012,71,0,329
21,15.4,55.3,801,9,9,6,12,1012,71,0,329
21,15.4,55.3,801,9,9,5,12,1012,71,0,286
21,15.5,55.4,801,9,9,5,12,1012,71,1,98
21,15.5,55.5,801,9,9,5,12,1012,71,0,286
21,15.4,55.5,801,9,9,5,12,1012,71,1,98
21,15.5,55.4,801,9,8,5,11,1012,71,2,273
21,15.5,55.3,801,9,9,6,11,1012,71,1,14
21,15.5,55.3,801,9,9,6,11,1012,71,1,14
22,15.5,55.6,801,9,9,5,11,1011,71,1,34
22,15.5,55.8,801,9,8,5,11,1011,71,2,231
22,15.5,56.1,801,9,9,5,11,1011,72,0,327
22,15.5,56.5,801,9,8,5,11,1011,71,2,231
22,15.5,56.8,801,9,9,5,11,1011,71,0,327
22,15.5,57.1,801,9,7,6,11,1011,72,3,300
22,15.5,57.2,801,9,7,6,11,1011,72,3,300
22,15.5,57.3,801,9,7,6,11,1011,72,3,300
22,15.5,57.6,801,9,7,5,11,1011,72,3,300
22,15.5,57.7,801,9,7,5,11,1011,72,3,300
22,15.5,57.8,801,9,7,5,11,1011,72,3,300
22,15.5,57.9,801,9,8,5,11,1011,73,1,309
22,15.4,57.9,801,9,9,5,11,1011,73,0,297
23,15.4,57.7,801,9,8,5,11,1011,73,1,309
23,15.5,57.6,801,9,9,5,11,1011,73,0,297
23,15.4,57.4,801,9,8,6,11,1011,73,2,282
23,15.4,57.3,801,9,8,6,11,1011,73,2,282
23,15.4,57.2,801,9,8,6,11,1011,73,2,282
23,15.4,57,801,8,8,5,10,1011,75,0,300
23,15.4,57,801,8,8,5,10,1011,75,0,300
23,15.3,56.9,801,8,8,5,10,1011,75,0,300
23,15.4,56.9,801,8,8,5,11,1011,74,1,0
23,15.3,56.8,801,8,8,5,10,1011,75,0,300
23,15.3,56.7,801,8,8,5,11,1011,74,0,300
23,15.3,56.6,801,8,8,5,11,1011,74,0,300
0,15.3,56.6,801,8,8,5,11,1011,74,0,323
0,15.3,56.5,801,8,8,5,11,1011,74,0,282
0,15.3,56.5,801,8,8,4,11,1010,75,1,281
0,15.2,56.4,801,8,8,4,11,1010,75,1,281
0,15.2,56.4,801,9,9,4,11,1010,75,1,0
0,15.2,56.4,801,8,8,4,11,1010,75,1,299
0,15.2,56.4,801,8,8,4,11,1010,75,1,299
0,15.2,56.3,801,8,8,4,11,1010,75,1,299
0,15.2,56.3,801,8,7,4,11,1010,75,2,300
0,15.2,56.3,801,8,7,4,11,1010,75,3,344
0,15.2,56.2,801,9,8,4,11,1010,76,2,288
0,15.1,56.2,801,9,8,4,11,1010,76,1,28
0,15.2,56.2,801,9,8,4,11,1010,76,1,28
1,15.1,56.2,801,9,8,4,11,1010,76,1,28
1,15.1,56.2,801,9,7,5,10,1010,78,3,282
1,15.1,56.1,801,9,7,5,10,1010,78,3,319
1,15.1,56.1,801,9,9,5,11,1009,78,1,308
1,15.1,56.1,801,9,9,5,11,1009,78,1,302
1,15.1,56.1,801,9,9,5,11,1009,78,1,302
1,15.1,56.1,801,9,9,5,12,1009,78,0,0
1,15.1,56.1,801,9,9,5,11,1009,78,1,313
1,15.1,56.1,801,9,9,5,12,1009,78,0,0
1,15.1,56.1,801,9,9,5,12,1009,78,0,0
1,15,56,801,9,9,5,12,1009,78,0,0
1,15,56,801,9,9,5,12,1009,77,1,271
2,15,56,801,9,9,5,12,1009,77,1,271
2,15,56,801,9,9,5,12,1009,77,1,271
2,15,56,801,9,9,5,12,1009,77,1,0
2,15,56,801,9,9,5,12,1009,77,1,0
2,15,56,801,9,9,5,12,1009,77,1,0
2,15,56,801,9,8,4,12,1008,77,2,340
2,15,56,801,9,9,4,12,1009,77,1,0
2,15,56,801,9,9,5,13,1008,78,1,292
2,15,56,801,9,9,5,13,1008,78,1,292
2,15,56,801,9,9,5,13,1008,78,1,292
2,15,56,801,10,9,5,13,1008,79,1,303
2,14.9,56,801,10,9,5,13,1008,78,1,309
3,14.9,56,801,10,9,5,13,1008,78,1,286
3,14.9,56,801,10,10,5,13,1008,78,1,163
3,14.9,56,801,10,10,5,13,1008,78,1,163
3,14.9,56,801,10,10,5,13,1008,78,1,163
3,14.9,56,801,10,10,5,13,1008,78,1,163
3,14.9,56,801,10,10,5,13,1008,78,1,163
3,14.9,56,801,10,10,5,13,1008,79,1,284
3,14.9,56,801,10,10,5,13,1008,79,1,286
3,14.9,56,801,10,10,5,13,1008,79,1,286
3,14.9,56,801,10,10,5,13,1008,80,1,302
3,14.9,56,801,10,9,5,13,1007,80,0,49
3,14.9,56,801,10,10,5,13,1008,80,0,337
3,14.9,56,801,10,9,5,13,1007,80,0,49
4,14.9,56.1,801,10,10,5,13,1007,79,0,49
4,14.9,56,801,10,10,4,13,1007,79,0,49
4,14.9,56.1,801,10,10,4,15,1007,78,0,101
4,14.8,56.1,801,10,10,4,15,1007,78,0,101
4,14.9,56.2,801,10,10,4,15,1007,78,0,101
4,14.9,56.2,801,10,9,3,15,1007,81,0,126
4,14.8,56.1,801,10,9,3,15,1007,81,0,126
4,14.8,56.2,801,10,9,3,15,1007,81,0,126
4,14.8,56.2,801,10,9,3,15,1007,81,0,126
4,14.8,56.2,801,10,9,3,15,1007,81,0,126
4,14.8,56.2,801,10,9,3,15,1007,81,0,126
4,14.8,56.3,801,11,10,3,16,1006,81,2,70
5,14.8,56.3,801,11,10,3,16,1006,81,2,70
5,14.8,56.4,801,11,10,3,16,1007,79,0,0
5,14.8,56.4,801,11,10,3,16,1007,79,0,0
5,14.8,56.5,801,11,10,3,16,1007,79,0,0
5,14.8,56.6,801,12,11,4,15,1006,71,1,310
5,14.8,56.7,801,12,11,4,15,1006,71,1,310
5,14.8,56.7,801,12,11,4,15,1006,71,1,310
5,14.8,56.8,801,12,11,4,15,1006,71,1,310
5,14.8,56.9,801,12,11,4,15,1006,71,1,310
5,14.8,57,801,13,12,5,15,1006,70,1,310
5,14.8,57.1,801,14,13,6,15,1006,68,3,300
5,14.8,57.1,801,14,13,6,15,1006,68,3,300
5,14.8,57.2,801,14,13,5,15,1006,68,3,300
6,14.8,57.3,801,14,13,5,15,1006,68,3,300
6,14.8,57.4,801,14,13,5,15,1006,68,3,300
6,14.8,57.4,801,14,13,5,15,1006,68,3,300
6,14.8,57.5,801,14,13,5,15,1006,68,3,300
6,14.8,57.5,801,14,13,5,15,1006,68,3,300
6,14.8,57.6,801,14,13,4,16,1006,68,6,230
6,14.8,57.7,801,14,13,4,16,1006,68,6,230
6,14.8,57.8,801,14,13,6,16,1006,68,6,230
6,14.8,57.9,801,14,13,6,16,1005,68,7,220
6,14.8,57.9,801,14,13,6,16,1005,68,7,220
6,14.8,58,801,14,13,6,16,1005,68,7,220
6,14.8,58.1,801,14,13,6,16,1005,70,1,36
7,14.8,58.2,801,14,13,13,16,1005,72,4,273
7,14.8,58.2,801,14,13,13,16,1005,74,2,262
7,14.8,58.3,801,14,13,13,16,1005,74,2,262
7,14.8,58.3,801,14,13,13,16,1005,74,3,299
7,14.8,58.4,801,14,13,13,16,1005,74,3,299
7,14.8,58.5,801,14,13,8,16,1005,71,1,220
7,14.8,58.5,801,14,13,8,16,1005,71,1,220
7,14.8,58.5,801,14,13,13,16,1004,73,6,109
7,14.8,58.6,801,14,13,13,16,1005,73,4,291
7,14.8,58.7,801,14,13,13,16,1005,73,4,291
7,14.8,58.7,801,14,13,13,16,1005,73,4,291
7,14.8,58.7,801,14,13,13,16,1005,72,2,274
8,14.8,58.8,801,14,13,13,16,1005,73,4,302
8,14.8,58.8,801,14,13,13,16,1005,73,4,302
8,14.8,58.9,801,14,13,13,16,1005,73,4,302
8,14.8,58.9,801,14,14,13,16,1005,72,4,215
8,14.8,58.9,801,14,14,13,16,1005,72,4,215
8,14.8,58.9,801,14,14,13,16,1005,72,3,347
8,14.8,59,801,14,14,13,16,1005,72,3,347
8,14.8,59,801,14,14,13,16,1005,72,3,347
8,14.8,58.9,801,14,14,12,16,1005,72,4,298
8,14.8,58.9,801,14,14,12,16,1005,72,4,298
8,14.8,58.9,801,14,14,12,16,1005,72,4,73
8,14.8,58.9,801,14,14,12,16,1005,72,4,73
8,14.8,58.9,801,14,14,12,16,1005,72,4,73
9,14.8,58.9,801,14,14,11,16,1005,72,4,310
9,14.9,58.9,801,14,14,11,16,1005,72,4,39
9,14.9,58.9,801,14,14,11,16,1005,72,4,39
9,14.9,58.9,801,14,14,11,17,1005,72,4,39
9,14.9,58.9,801,14,14,11,16,1005,73,4,310
9,14.9,58.9,801,14,14,11,16,1005,73,4,41
9,14.9,58.8,801,14,14,11,16,1005,73,3,273
9,15,58.9,801,14,14,11,16,1005,73,3,273
9,15,58.9,801,14,14,11,16,1005,73,4,282
9,15.1,57.6,801,14,14,11,16,1005,73,4,282
9,15,59.2,801,14,14,11,17,1006,73,4,318
9,15.6,57.9,801,14,14,11,17,1005,73,4,29
10,16,56.5,801,14,14,11,17,1005,74,2,320
10,16.4,55.5,801,14,14,11,17,1005,74,2,320
10,16.4,55.4,801,14,14,11,17,1005,74,2,320
10,16.3,55.6,801,14,14,12,17,1005,74,2,44
10,16.3,55.8,801,14,14,12,17,1005,74,2,22
10,16.3,55.7,801,14,14,12,17,1005,74,2,22
10,16.3,55.7,801,14,14,11,17,1005,74,1,46
10,16.4,55.7,801,14,14,11,17,1005,74,1,46
10,16.4,55.7,801,14,14,11,17,1005,74,1,46
10,16.5,55.7,801,15,14,12,17,1005,72,2,0
10,16.5,55.7,801,14,14,12,17,1005,73,2,350
10,16.6,55.5,801,15,14,12,17,1005,72,2,222
10,16.7,55.5,801,15,14,12,17,1005,72,2,142
11,16.7,55.7,801,15,14,12,17,1005,72,1,137
11,16.7,55.8,801,15,14,12,17,1005,71,3,30
11,16.8,55.7,801,15,14,12,17,1005,71,2,196
11,16.8,55.8,801,15,14,12,18,1005,71,2,186
11,16.9,55.8,801,15,14,12,18,1005,71,2,186
11,16.9,56,801,15,14,13,17,1005,70,2,298
11,17,56.2,801,15,14,13,18,1005,70,2,298
11,17,56.3,801,15,14,13,17,1005,70,2,298
11,17,56.6,801,15,15,13,17,1005,68,3,44
11,17.1,57.2,801,15,15,13,17,1005,69,2,41
11,18,55.5,801,16,15,13,17,1005,66,4,288
11,18.7,54.3,801,16,15,13,17,1005,66,4,288
12,18.9,53.6,801,16,15,14,18,1005,65,3,19
12,19,53.9,801,16,15,14,18,1005,66,3,19
12,19.4,53.1,801,16,15,14,18,1005,65,3,19
12,19.7,52.5,801,16,15,14,18,1005,64,3,279
12,20,52.1,801,16,15,14,18,1005,64,3,279
12,20.4,51.5,801,16,15,14,18,1005,61,1,65
12,20.6,51.2,801,16,15,14,18,1005,61,1,65
12,20.8,51,801,16,15,14,18,1005,60,1,65
12,21,50.5,801,16,16,14,18,1005,60,3,360
12,21.2,50.3,801,17,16,15,18,1005,59,2,311
12,21.2,50.1,801,17,16,15,18,1005,59,2,311
12,21.3,50.1,801,17,16,15,18,1005,59,2,288
13,21.5,50,801,17,16,15,18,1004,58,2,273
13,21.4,49.7,801,17,16,15,18,1005,57,2,258
13,21.7,49.6,801,17,16,15,18,1005,57,3,319
13,21.7,49,801,17,16,15,18,1005,57,2,331
13,21.8,48.7,801,17,16,15,18,1005,57,2,331
13,21.8,48.4,801,17,16,15,18,1005,55,3,291
13,21.8,48.3,801,17,16,15,18,1005,55,2,269
13,22,47.8,801,17,16,15,18,1005,55,3,350
13,22.2,47.3,801,17,16,15,18,1005,54,3,155
13,22.3,46.9,801,17,16,15,18,1005,54,3,155
13,22.5,46.8,801,17,16,15,18,1005,54,3,155
13,22.5,46.6,801,17,16,15,18,1005,54,2,161
13,22.5,46.6,801,17,16,15,18,1004,54,3,48
14,22.6,46,801,17,16,15,18,1004,54,3,48
14,22.7,46.4,801,17,16,15,18,1004,54,3,349
14,22.8,47.3,801,17,16,15,18,1004,54,3,317
14,23,47.5,801,17,16,15,18,1004,54,3,317
14,23.1,47.7,801,17,16,15,18,1005,53,3,244
14,23.1,48.2,801,17,16,15,18,1005,53,3,244
14,22.9,48.9,801,17,16,15,18,1004,54,4,57
14,22.9,47.6,801,17,16,15,18,1004,54,4,57
14,22.9,48.1,801,17,16,15,18,1004,53,3,257
14,22.7,48.5,801,17,16,15,18,1004,53,3,11
14,22.5,49.3,801,17,16,15,18,1004,53,3,11
14,22.4,50.1,801,17,16,15,18,1005,53,4,292
15,22.3,50.8,801,17,16,15,18,1004,53,3,262
15,22.1,51.2,801,17,16,15,18,1004,53,3,262
15,21.7,51.9,801,17,16,15,18,1004,53,2,348
15,21.5,52.7,801,17,16,15,18,1004,53,2,304
15,21.3,53.2,801,17,16,15,18,1004,53,2,304
15,21.2,53.5,801,17,16,15,18,1004,52,4,40
15,21,53.8,801,17,16,15,18,1004,52,4,40
15,21,54.1,801,17,16,15,18,1004,52,4,40
15,20.9,54.3,801,16,16,15,18,1004,52,3,311
15,20.7,54.6,801,16,15,15,17,1004,52,2,259
15,20.7,54.1,801,16,15,15,17,1005,51,3,269
15,20.7,54.4,801,16,15,15,17,1005,51,2,279
16,20.6,54.4,801,16,15,15,17,1005,51,3,269
16,20.5,54.3,801,16,15,15,17,1005,51,2,279
16,20.4,54.3,801,16,15,15,17,1005,50,2,349
16,20.4,54.5,801,16,15,14,17,1005,51,4,213
16,20.3,54.4,801,16,15,14,17,1005,51,4,213
16,20.3,54.4,801,16,15,14,17,1005,50,3,229
16,20.3,54.2,801,16,15,14,17,1005,50,3,229
16,20.2,54.4,801,16,15,14,17,1005,51,3,339
16,20.1,54.3,801,16,15,14,17,1005,51,3,339
16,20.1,54.3,801,16,15,14,17,1005,51,2,22
16,20,54.3,801,16,15,14,17,1005,52,2,136
16,20,54.2,801,16,15,14,17,1005,52,2,136
16,19.9,54.2,801,16,15,14,17,1005,52,3,287
17,19.8,54.3,801,16,15,14,17,1005,52,3,311
17,19.8,54.4,801,16,15,14,17,1005,52,2,355
17,19.7,54.1,801,16,15,14,17,1005,53,2,188
17,19.7,53.6,801,16,14,14,16,1006,53,4,30
17,19.7,54,801,15,14,13,16,1006,53,3,33
17,19.9,53.8,801,15,14,13,16,1006,53,3,33
17,20.6,50.7,801,15,14,13,16,1005,53,3,40
17,21,50.6,801,15,14,13,16,1006,53,3,323
17,21.2,49.6,801,15,14,13,16,1006,53,3,323
17,21.5,50,801,15,14,13,16,1006,53,3,323
17,21.3,50.8,801,15,14,13,16,1006,54,2,255
17,21,51.4,801,15,14,13,16,1006,54,3,298
18,20.7,52.1,801,15,14,13,16,1006,54,3,298
18,20.6,52.5,801,15,14,12,16,1006,54,4,241
18,20.4,52.9,801,15,14,12,16,1006,54,4,241
18,20.2,53.1,801,15,14,12,16,1006,54,2,265
18,20.1,53.3,801,15,14,12,16,1006,54,2,265
18,20,53.4,801,15,13,12,16,1006,55,2,253
18,19.9,53.5,801,14,13,12,16,1006,55,3,34
18,19.9,53.7,801,15,13,12,16,1006,55,4,330
18,19.7,53.7,801,14,13,11,15,1007,55,3,334
18,19.7,53.8,801,14,13,11,15,1007,55,3,334
18,19.6,54,801,14,13,11,15,1007,55,3,334
18,19.6,53.8,801,14,13,12,15,1007,54,3,227
18,19.5,53.9,801,14,13,12,15,1007,54,3,227
19,19.4,53.9,801,14,13,12,15,1007,54,3,227
19,19.4,53.9,801,14,13,12,15,1007,54,4,360
19,19.4,54,801,14,13,12,15,1007,54,4,11
19,19.4,54.1,801,14,13,12,15,1007,54,4,11
19,19.4,54.1,801,14,13,12,15,1007,54,4,11
19,19.3,54.1,801,14,13,12,15,1007,54,2,296
19,19.3,54.3,801,14,13,12,15,1007,54,2,296
19,19.2,54.2,801,14,13,12,15,1007,54,3,240
19,19.2,54.4,801,14,13,11,15,1007,55,3,252
19,19.2,54.4,801,14,12,11,15,1007,55,2,279
19,19.1,54.3,801,14,12,11,15,1007,55,2,279
19,19.1,54.2,801,14,12,11,15,1007,55,2,237
20,19.1,54.2,801,13,12,11,14,1008,56,2,304
20,19.1,54,801,13,12,10,14,1008,56,2,300
20,19.1,53.8,801,13,12,10,14,1008,56,2,300
20,19.1,53.7,801,13,12,10,14,1008,56,2,300
20,19.1,53.5,801,13,12,10,14,1008,56,2,300
20,19.1,53.2,801,13,12,10,14,1008,56,2,300
20,19,53.2,801,13,12,10,14,1008,57,2,83
20,19,52.6,801,13,12,10,14,1008,57,2,83
20,19,52.6,801,13,12,11,14,1008,57,2,266
20,18.9,52.5,801,13,12,10,14,1008,58,2,5
20,18.9,52.4,801,13,12,10,14,1008,58,2,5
20,18.9,52.4,801,13,12,10,14,1009,58,2,360
21,18.9,52.2,801,13,12,10,14,1009,58,2,360
21,18.9,52.2,801,13,12,10,14,1009,58,3,61
21,18.9,52.1,801,13,12,10,14,1009,58,3,61
21,18.9,51.9,801,13,11,9,14,1009,59,1,313
21,18.9,52.1,801,13,11,9,14,1009,59,1,313
21,18.9,51.9,801,13,11,9,14,1009,59,1,313
21,18.9,51.9,801,12,11,9,14,1009,60,2,37
21,18.9,51.6,801,12,11,9,13,1009,60,2,236
21,18.9,51.7,801,12,11,9,13,1009,61,2,259
21,18.9,51.7,801,12,11,10,13,1009,61,1,0
21,18.8,51.5,801,12,11,8,13,1010,62,1,337
21,18.9,51.6,801,12,11,10,13,1009,61,1,0
21,18.9,51.5,801,12,11,8,13,1010,62,1,307
22,18.9,51.7,801,12,11,8,13,1010,62,1,307
22,18.8,51.7,801,12,11,9,13,1009,63,2,226
22,18.8,51.8,801,12,11,9,13,1009,63,2,226
22,18.8,51.8,801,12,11,9,13,1010,63,2,319
22,18.8,52,801,12,10,9,13,1010,64,1,273
22,18.9,52.2,801,12,10,9,13,1010,64,1,0
22,20,49.8,801,12,10,9,13,1010,64,1,243
22,20.7,48.3,801,11,10,7,13,1010,65,0,285
22,21.3,46.6,801,11,10,7,13,1010,65,0,285
22,21.7,46.5,801,11,10,8,13,1010,66,0,308
22,22,45.8,801,11,10,8,13,1010,66,0,308
22,22.2,45.2,801,11,10,8,13,1010,66,0,308
23,22.3,45.2,801,11,10,8,13,1010,66,1,0
23,22.6,44.2,801,11,10,8,13,1010,66,1,0
23,22.6,45.5,801,11,10,8,13,1010,66,1,0
23,22.2,46.3,801,11,10,7,13,1011,67,0,30
23,21.6,47.8,801,11,10,7,13,1011,67,0,30
23,21,49,801,11,10,7,13,1011,67,0,30
23,20.5,50.1,801,11,10,7,13,1011,68,1,285
23,20.2,51.1,801,11,10,7,13,1011,68,1,285
23,19.9,51.8,801,11,10,7,13,1011,68,0,0
23,19.6,52.1,801,11,10,7,13,1011,68,0,0
23,19.4,52.7,801,11,10,7,13,1011,68,0,0
23,19.2,53.1,801,11,10,7,13,1011,69,0,0
23,19.1,53.5,801,11,10,7,13,1011,69,0,317
0,18.9,53.7,801,11,10,6,13,1011,69,0,317
0,18.8,54.1,801,11,10,6,13,1011,69,0,317
0,18.7,54.3,801,11,9,6,13,1011,69,0,306
0,18.6,54.6,801,11,9,6,13,1011,70,0,306
0,18.6,54.9,801,10,9,6,12,1011,70,0,311
0,18.4,55,801,10,9,6,13,1012,71,0,5
0,18.4,55.3,801,10,9,6,13,1012,71,1,338
0,18.3,55.4,801,10,9,6,13,1012,71,0,311
0,18.2,55.5,801,10,10,6,13,1012,71,0,259
0,18.2,55.7,801,10,10,6,13,1012,71,0,259
0,18.1,55.8,801,10,10,6,13,1012,71,0,259
0,18,55.9,801,10,10,6,13,1012,71,1,313
0,18,56,801,10,10,6,13,1012,72,1,313
1,17.9,56.1,801,10,10,6,13,1012,71,1,355
1,17.8,56.2,801,10,10,6,13,1012,71,1,355
1,17.8,56.3,801,10,10,6,13,1012,71,1,355
1,17.8,56.3,801,10,10,6,13,1012,71,1,355
1,17.8,56.4,801,10,10,6,13,1012,72,1,271
1,17.7,56.4,801,10,10,6,13,1012,72,1,271
1,17.7,56.5,801,10,10,6,13,1012,72,0,0
1,17.6,56.5,801,10,10,6,13,1012,72,0,0
1,17.6,56.6,801,10,10,6,13,1012,72,0,0
1,17.5,56.6,801,10,10,6,13,1012,72,0,256
1,17.5,56.6,801,9,9,6,13,1011,73,1,296
1,17.5,56.7,801,9,9,6,12,1011,75,1,296
2,17.4,56.7,801,9,9,6,13,1011,73,1,296
2,17.4,56.7,801,9,9,6,12,1012,75,1,298
2,17.4,56.7,801,9,9,6,12,1012,75,1,298
2,17.3,56.7,801,9,9,5,12,1012,75,0,0
2,17.3,56.7,801,9,9,6,12,1012,75,0,323
2,17.3,56.8,801,9,9,5,12,1012,75,0,0
2,17.2,56.8,801,9,9,5,12,1012,75,0,328
2,17.2,56.8,801,9,9,5,12,1012,75,0,328
2,17.2,56.9,801,9,9,5,12,1012,76,0,320
2,17.2,56.9,801,9,9,5,12,1012,76,0,320
2,17.1,56.9,801,9,9,5,12,1012,76,0,320
2,17.1,56.9,801,9,9,5,12,1011,76,1,303
3,17.1,57,801,9,9,5,12,1011,76,1,303
3,17,57,801,9,9,5,12,1011,76,1,303
3,17,57,801,9,9,5,12,1012,77,0,269
3,17,57,801,9,8,5,12,1012,77,1,296
3,17,57,801,9,8,5,12,1012,77,1,296
3,16.9,57,801,9,9,5,12,1012,77,1,297
3,16.9,57.1,801,9,9,5,12,1012,77,1,0
3,16.9,57.1,801,9,9,5,12,1012,77,1,317
3,16.9,57.1,801,9,9,6,12,1013,77,0,321
3,16.8,57.1,801,9,9,6,12,1013,77,0,321
3,16.8,57.1,801,9,8,6,12,1013,77,1,304
3,16.8,57.1,801,9,9,6,12,1013,78,1,327
3,16.8,57.1,801,9,9,6,12,1013,78,1,327
4,16.7,57.1,801,9,9,6,12,1013,78,1,331
4,16.7,57.1,801,9,9,6,12,1013,78,1,335
4,16.7,57.1,801,9,9,6,12,1013,78,1,331
4,16.7,57.2,801,8,8,6,12,1013,78,1,311
4,16.6,57.1,801,8,8,6,12,1013,78,1,311
4,16.6,57.1,801,8,8,6,12,1013,78,1,311
4,16.6,57.1,801,8,8,6,11,1013,78,0,276
4,16.6,57.2,801,8,8,5,11,1013,78,0,276
4,16.5,57.1,801,8,8,4,12,1013,80,1,0
4,16.5,57.2,801,8,8,5,12,1013,80,1,282
4,16.5,57.2,801,8,8,5,12,1013,80,1,282
4,16.5,57.2,801,8,8,5,12,1012,80,1,282
5,16.4,57.1,801,8,8,5,11,1013,80,0,278
5,16.5,57.2,801,8,8,5,11,1013,80,0,278
5,16.4,57.2,801,8,8,5,11,1013,80,0,278
5,16.4,57.2,801,8,8,5,11,1013,81,1,290
5,16.4,57.2,801,8,8,5,11,1013,81,1,290
5,16.4,57.2,801,8,8,5,11,1013,80,0,288
5,16.3,57.1,801,8,8,5,11,1013,80,0,288
5,16.3,57.2,801,8,8,5,11,1013,81,0,285
5,16.3,57.2,801,8,8,5,11,1013,82,0,0
5,16.3,57.2,801,8,6,5,11,1013,81,3,330
5,16.3,57.2,801,8,6,5,11,1013,81,3,330
5,16.2,57.1,801,8,6,5,11,1013,81,3,330
5,16.2,57.2,801,8,6,5,11,1013,81,3,330
6,16.2,57.2,801,8,6,5,11,1013,81,3,330
6,16.2,57.2,801,8,6,4,11,1013,80,3,330
6,16.1,57.2,801,8,6,4,11,1013,80,3,330
6,16.1,57.2,801,8,6,4,11,1013,81,2,340
6,16.1,57.2,801,8,6,4,11,1013,81,2,340
6,16.1,57.2,801,8,6,3,11,1013,81,2,340
6,16.1,57.2,801,8,6,3,11,1013,81,2,340
6,16,57.2,801,8,6,3,11,1013,81,2,340
6,16,57.2,801,8,6,3,11,1014,81,2,340
6,16,57.2,801,8,6,3,11,1014,81,2,340
6,16,57.2,801,8,6,4,11,1014,81,3,320
6,16,57.2,801,8,6,4,11,1014,81,3,320
7,15.9,57.2,801,7,6,4,11,1014,82,3,320
7,15.9,57.2,801,7,7,4,11,1014,82,0,299
7,15.9,57.2,801,7,7,4,11,1014,82,0,299
7,15.9,57.2,801,7,7,4,11,1014,82,0,299
7,15.9,57.3,801,7,7,4,11,1014,82,0,300
7,15.9,57.3,801,7,7,3,11,1014,82,0,300
7,15.8,57.2,801,7,7,3,11,1014,82,0,300
7,15.8,57.2,801,7,7,3,11,1014,82,0,300
7,15.8,57.2,801,7,7,3,11,1014,82,0,300
7,15.8,57.2,801,7,7,3,9,1014,83,0,295
7,15.8,57.2,801,7,7,3,9,1015,83,0,295
7,15.7,57.2,801,7,7,3,9,1015,83,0,296
8,15.7,57.2,801,7,7,3,9,1015,83,0,296
8,15.7,57.2,801,7,7,3,9,1015,83,0,296
8,15.7,57.2,801,7,7,3,9,1015,83,0,296
8,15.7,57.2,801,7,5,3,9,1014,82,3,320
8,15.7,57.2,801,7,5,3,9,1014,82,3,320
8,15.7,57.2,801,7,7,4,9,1014,82,0,296
8,15.7,57.2,801,7,7,4,9,1014,82,0,296
8,15.6,57.1,801,7,7,4,9,1014,82,0,296
8,15.7,57.2,801,7,6,4,11,1015,82,2,340
8,15.7,57.2,801,7,6,4,11,1015,82,2,340
8,15.6,57.1,801,7,6,4,11,1015,82,2,340
8,15.6,57,801,7,7,4,10,1015,82,1,291
8,15.6,57,801,8,8,4,10,1015,82,0,285
9,15.6,57,801,8,8,4,10,1015,82,0,285
9,15.7,57,801,8,8,4,10,1015,82,0,285
9,15.7,56.9,801,8,7,4,11,1016,81,2,310
9,15.7,56.9,801,8,7,4,11,1016,81,2,310
9,15.7,56.9,801,8,7,4,11,1016,81,2,310
9,15.7,56.8,801,8,8,3,12,1016,82,0,298
9,15.7,56.8,801,8,8,3,12,1016,81,0,298
9,15.7,56.8,801,8,8,3,12,1016,81,0,298
9,15.7,56.6,801,8,8,5,12,1016,78,1,253
9,15.7,56.6,801,8,8,5,12,1016,78,1,253
9,15.7,56.5,801,9,9,5,12,1016,77,0,306
9,15.8,56.5,801,9,9,6,12,1016,77,0,306
10,15.8,56.4,801,9,9,5,13,1017,77,1,313
10,15.8,56.4,801,9,9,5,13,1017,77,1,313
10,15.8,56.3,801,9,9,5,13,1017,76,1,313
10,15.9,56.4,801,9,9,5,13,1017,76,1,313
10,15.9,56.4,801,9,9,5,13,1017,76,1,313
10,15.9,56.4,801,10,9,7,13,1017,75,2,321
10,15.8,56.4,801,10,9,7,13,1017,75,2,321
10,15.8,56.4,801,10,9,7,13,1017,75,2,321
10,15.9,56.4,801,10,9,6,13,1017,75,2,321
10,15.9,56.4,801,10,9,7,13,1016,73,1,283
10,15.9,56.4,801,10,9,7,13,1016,74,1,283
10,15.9,56.4,801,11,10,8,14,1017,72,0,317
11,15.9,56.4,801,11,9,7,13,1017,72,0,317
11,15.9,56.4,801,11,10,8,14,1017,72,0,317
11,15.9,56.6,801,11,10,8,13,1017,71,0,332
11,15.9,56.8,801,11,10,8,13,1017,70,0,332
11,15.9,56.8,801,11,10,8,13,1017,70,0,332
11,16,56.9,801,11,10,8,14,1017,70,2,250
11,16,57,801,11,10,8,14,1017,70,2,250
11,16,57,801,11,10,8,14,1017,70,2,246
11,16,57,801,12,11,8,15,1017,67,1,248
11,16,57.1,801,12,11,8,15,1017,67,1,248
11,16,57,801,12,11,8,15,1017,67,1,248
11,16,57,801,12,11,10,15,1017,66,2,250
11,16,57,801,12,11,10,15,1017,66,1,249
12,16.1,57,801,12,11,10,15,1017,65,0,329
12,16.1,57,801,12,11,10,15,1017,65,0,329
12,16.1,57,801,12,11,10,14,1017,65,0,329
12,16,56.9,801,12,11,10,14,1017,65,0,329
12,16,56.9,801,12,11,10,14,1017,65,0,329
12,16.1,56.9,801,13,12,10,15,1017,65,0,242
12,16.1,56.9,801,13,12,10,15,1017,65,0,242
12,16.1,56.8,801,13,12,11,15,1017,65,0,242
12,16.1,56.8,801,13,12,11,15,1017,65,0,255
12,16.1,56.8,801,13,12,11,15,1017,65,0,255
12,16.1,56.8,801,13,12,11,15,1017,65,0,255
12,16.1,56.7,801,13,12,11,15,1017,64,0,132
13,16.1,56.7,801,13,13,11,15,1017,64,0,132
13,16.1,56.7,801,14,13,12,15,1017,65,0,94
13,16.2,56.7,801,14,13,12,15,1017,65,0,94
13,16.1,56.6,801,14,13,12,16,1017,64,0,94
13,16.2,56.6,801,14,13,12,15,1017,65,0,94
13,16.2,56.6,801,14,13,12,16,1017,64,0,67
13,16.2,56.6,801,14,13,12,16,1017,65,0,67
13,16.2,56.6,801,14,13,12,16,1017,65,0,67
13,16.2,56.6,801,14,13,12,16,1017,67,0,136
13,16.2,56.7,801,14,13,12,16,1017,67,1,76
13,16.1,56.6,801,14,13,12,16,1017,67,0,136
13,16.2,56.7,801,14,13,12,16,1017,67,0,120
13,16.2,56.7,801,14,13,12,16,1017,67,0,84
14,16.2,56.7,801,14,13,12,16,1017,67,0,84
14,16.1,56.6,801,14,13,12,16,1017,68,0,68
14,16.2,56.7,801,14,13,12,16,1017,65,0,68
14,16.2,56.7,801,14,13,12,16,1017,65,0,68
14,16.2,56.7,801,14,13,12,16,1017,65,1,87
14,16.1,56.6,801,14,13,12,15,1017,68,1,87
14,16.1,56.6,801,14,13,12,16,1017,68,1,87
14,16.2,56.7,801,14,13,13,15,1017,66,1,64
14,16.1,56.7,801,14,13,12,16,1017,68,1,87
14,16.1,56.7,801,14,13,13,15,1017,66,1,64
14,16.1,56.8,801,14,13,12,16,1018,67,0,44
14,16.2,56.8,801,14,13,12,16,1018,67,0,82
15,16.1,56.8,801,14,13,12,16,1018,67,0,82
15,16.1,56.8,801,14,13,12,16,1018,67,0,82
15,16.1,56.9,801,14,13,13,16,1018,68,0,62
15,16.1,56.9,801,14,13,13,16,1018,68,0,62
15,16.1,56.9,801,13,13,12,17,1018,70,1,61
15,16,56.9,801,13,13,12,16,1018,70,0,69
15,16,56.9,801,13,13,12,16,1018,70,0,69
15,16.1,57,801,13,13,12,16,1018,70,0,54
15,16,57,801,13,13,12,16,1018,70,0,54
15,16,57,801,13,12,12,16,1018,70,0,121
15,16,57.1,801,13,12,12,16,1018,71,0,121
15,16,57.1,801,13,12,12,16,1018,71,0,121
16,16,57.1,801,13,12,12,16,1018,71,0,121
16,16,57.1,801,13,13,12,16,1018,71,1,142
16,16.1,57.2,801,13,13,12,16,1018,71,1,142
16,16.1,57.4,801,13,13,12,15,1018,71,2,63
16,16.2,57.6,801,13,13,12,15,1018,71,2,63
16,16.2,57.9,801,13,13,12,15,1018,71,2,63
16,16.2,58.2,801,13,12,12,15,1018,72,0,93
16,16.2,58.4,801,13,12,12,15,1018,72,0,93
16,16.2,58.6,801,13,12,12,15,1019,72,0,75
16,16.2,59.1,801,13,12,12,15,1019,72,0,75
16,16.2,60,801,13,12,12,15,1019,72,1,79
16,16.3,61,801,13,12,12,14,1019,71,1,79
16,16.3,61.7,801,13,12,12,14,1019,72,1,79
17,16.3,62.5,801,13,12,12,14,1019,71,1,79
17,16.3,62.9,801,13,12,12,14,1019,72,2,100
17,16.3,63.3,801,13,12,12,14,1019,72,2,100
17,16.3,64.1,801,13,12,12,14,1019,72,2,100
17,16.3,64.7,801,13,12,12,14,1019,72,2,100
17,16.3,64.9,801,13,12,11,14,1019,73,2,80
17,16.4,66.1,801,12,12,11,13,1019,74,2,80
17,16.4,66.6,801,12,11,10,13,1019,75,0,95
17,16.4,68,801,12,11,10,13,1019,75,0,95
17,16.4,70.4,801,12,11,10,13,1019,76,0,95
17,16.5,71.1,801,12,11,10,13,1019,76,0,37
17,16.5,68.6,801,12,11,10,13,1019,76,0,37
18,16.5,69.2,801,12,11,9,13,1019,77,0,37
18,16.5,69,801,12,11,9,13,1019,77,1,90
18,16.5,68.4,801,12,11,9,14,1019,76,1,90
18,16.5,68,801,11,10,8,13,1019,78,2,90
18,16.6,68.3,801,11,10,8,13,1019,78,2,90
18,16.6,68,801,11,10,8,13,1020,78,2,90
18,16.6,68.5,801,11,10,8,13,1020,78,2,90
18,16.6,68.7,801,11,10,8,13,1020,78,2,90
18,16.7,69,801,11,10,8,13,1020,78,2,90
18,16.7,69.1,801,11,10,8,13,1020,78,2,70
18,16.7,69.4,801,11,10,8,13,1020,78,0,352
18,16.7,69.5,801,11,10,8,13,1020,78,0,352
19,16.7,69.7,801,11,10,8,13,1020,78,0,352
19,16.8,69.9,801,11,10,8,13,1020,78,0,352
19,16.8,70.1,801,11,10,8,13,1020,78,2,70
19,16.8,70.1,801,11,10,8,13,1020,78,2,70
19,16.9,70.4,801,11,10,7,13,1020,79,2,70
19,16.9,70.5,801,11,10,7,13,1020,79,2,70
19,16.9,70.5,801,11,10,7,13,1020,79,2,70
19,16.9,69,801,11,10,7,13,1020,79,2,70
19,16.7,68.5,801,10,10,7,13,1020,79,2,70
19,16.6,68.6,801,10,10,7,13,1020,79,1,40
19,16.6,68.7,801,10,9,7,13,1020,79,1,40
19,16.5,68.7,801,10,9,7,12,1021,79,1,40
19,16.5,68.6,801,10,9,7,12,1021,79,1,40
20,16.5,68.3,801,10,9,7,12,1021,79,1,40
20,16.4,67.9,801,10,9,6,12,1021,80,1,40
20,16.4,67.9,801,10,9,6,12,1021,80,1,40
20,16.4,67.7,801,10,9,6,12,1021,80,2,360
20,16.3,67.5,801,10,9,6,12,1021,80,2,360
20,16.3,67.3,801,10,9,6,12,1021,80,2,360
20,16.3,67.2,801,10,9,6,12,1021,81,2,360
20,16.2,67.1,801,10,9,6,12,1021,80,2,360
20,16.2,67,801,10,9,6,12,1021,81,2,360
20,16.3,67,801,10,10,6,12,1021,82,0,315
20,16.2,66.8,801,10,9,6,12,1021,81,2,360
20,16.2,66.7,801,10,8,6,12,1021,82,3,320
21,16.2,66.7,801,10,8,6,12,1021,82,3,320
21,16.2,66.8,801,10,8,6,13,1021,82,3,320
21,16.2,66.7,801,10,8,6,13,1021,82,3,320
21,16.1,66.6,801,10,8,6,13,1021,82,3,320
21,16.2,66.6,801,10,8,6,13,1021,82,3,320
21,16.2,66.6,801,10,8,5,13,1021,83,3,310
21,16.1,66.5,801,10,8,5,12,1022,83,3,310
21,16.1,66.4,801,10,8,5,13,1021,83,3,310
21,16.1,66.3,801,10,8,5,12,1022,83,3,310
21,16.2,66.4,801,10,8,5,13,1022,83,3,340
21,16.1,66.2,801,10,8,5,13,1022,83,3,340
21,16.1,66,801,10,8,5,13,1022,83,3,340
21,16.1,65.8,801,10,8,6,13,1021,83,3,340
22,16.1,65.7,801,10,8,6,13,1022,83,3,340
22,16,65.5,801,10,8,6,13,1022,83,3,340
22,16,65.3,801,10,8,6,13,1022,83,3,340
22,16.1,65.3,801,10,8,5,13,1022,82,3,340
22,16,65.2,801,10,8,5,13,1022,82,3,340
22,16,65.1,801,10,8,5,13,1022,82,3,330
22,16,65.2,801,10,8,5,13,1022,82,3,330
22,16.1,65.2,801,10,8,5,13,1022,82,3,330
22,16,65.5,801,10,8,5,13,1022,83,3,330
22,16,65.7,801,10,8,5,13,1022,83,3,330
22,16.1,65.8,801,10,8,5,13,1022,83,3,330
22,16,65.7,801,10,8,5,13,1022,83,3,330
23,16.1,65.9,801,10,8,5,13,1022,83,3,330
23,16,65.8,801,10,8,5,13,1022,83,3,330
23,16,65.8,801,10,8,5,13,1022,83,3,330
23,16,65.9,801,10,8,5,13,1023,83,4,320
23,16,65.9,801,10,8,5,13,1022,82,4,320
23,16,66,801,10,8,5,13,1023,83,4,320
23,16,66,801,10,8,5,13,1022,82,4,320
23,16,66.2,801,9,7,5,12,1023,83,4,320
23,16,66.2,801,10,8,5,13,1023,83,4,320
23,16,66.2,801,10,8,5,13,1023,83,4,320
23,16,66.1,801,10,8,5,13,1023,83,4,330
23,16.1,66.2,801,10,8,5,13,1023,83,4,330
0,16,66.1,801,10,8,5,13,1023,83,4,330
0,16,66.1,801,10,8,5,13,1023,83,4,330
0,16,66.1,801,10,8,5,13,1023,83,4,330
0,16,66.1,801,10,8,5,13,1023,83,4,330
0,16,66.1,801,10,8,5,13,1023,83,4,330
0,16,66.2,801,10,8,5,13,1023,83,4,330
0,16,66.1,801,10,10,5,13,1023,83,0,257
0,16,66.1,801,10,10,5,13,1023,83,0,257
0,16,66,801,10,10,5,13,1023,83,0,257
0,16,66,801,10,10,5,13,1023,83,0,305
0,16,66,801,10,10,5,13,1023,83,0,305
0,16,65.9,801,10,10,5,13,1023,83,1,311
0,16,65.9,801,10,10,5,13,1023,83,1,311
1,16,65.8,801,10,10,5,13,1023,83,1,311
1,16,65.8,801,10,10,5,13,1023,83,0,294
1,16,65.7,801,10,10,5,13,1023,83,0,294
1,16,65.7,801,10,10,5,13,1023,83,0,294
1,16,65.7,801,10,10,5,13,1023,83,0,294
1,16,65.6,801,10,10,5,13,1022,83,0,265
1,16,65.6,801,10,10,5,13,1023,83,0,265
1,15.9,65.5,801,10,10,5,13,1023,83,0,265
1,15.9,65.4,801,10,10,6,13,1023,83,1,246
1,15.9,65.4,801,10,10,6,13,1023,83,1,246
1,16,65.4,801,10,10,6,12,1023,83,1,251
1,15.9,65.3,801,10,10,6,12,1023,83,1,239
2,15.9,65.2,801,10,10,6,12,1023,83,1,239
2,15.9,65.2,801,10,10,6,13,1023,83,1,239
2,15.9,65.1,801,10,10,6,13,1023,83,1,239
2,15.9,65.1,801,10,10,6,13,1023,83,1,239
2,15.9,65,801,10,10,6,13,1023,83,1,239
2,15.9,65,801,10,9,6,12,1023,83,1,246
2,15.9,65,801,10,9,6,12,1023,83,1,248
2,15.9,64.9,801,10,9,6,12,1023,83,1,248
2,15.9,64.9,801,10,9,7,12,1023,83,1,249
2,15.9,64.9,801,10,9,7,12,1023,83,1,249
2,15.8,64.8,801,10,10,7,12,1023,84,1,242
2,15.9,64.9,801,10,10,7,12,1023,84,1,242
2,15.8,64.7,801,10,10,7,12,1023,84,1,237
3,15.8,64.7,801,9,9,7,12,1023,84,1,237
3,15.8,64.7,801,9,9,7,12,1023,84,0,239
3,15.8,64.7,801,9,9,7,12,1023,84,0,239
3,15.8,64.6,801,9,9,7,12,1023,84,0,239
3,15.8,64.6,801,9,9,6,11,1023,84,0,247
3,15.8,64.6,801,9,9,6,11,1023,84,0,247
3,15.8,64.5,801,9,9,6,11,1023,84,1,251
3,15.8,64.5,801,9,9,5,12,1023,84,0,266
3,15.8,64.5,801,9,9,5,12,1023,84,0,266
3,15.8,64.5,801,9,9,5,12,1023,84,0,266
3,15.8,64.5,801,9,9,5,12,1024,84,1,251
4,15.7,64.4,801,9,9,5,12,1023,84,1,251
4,15.8,64.4,801,9,9,5,12,1024,84,1,250
4,15.8,64.4,801,9,9,5,11,1023,84,1,250
4,15.7,64.3,801,9,9,6,12,1023,84,1,249
4,15.7,64.2,801,9,9,5,11,1023,84,1,250
4,15.7,64.3,801,9,9,6,12,1023,84,1,253
4,15.8,64.3,801,9,9,6,12,1023,84,1,253
4,15.8,64.3,801,9,9,5,12,1023,84,1,247
4,15.7,64.2,801,9,9,5,12,1023,84,1,247
4,15.7,64.2,801,9,9,5,12,1023,84,0,270
4,15.7,64.2,801,9,9,5,12,1023,84,0,270
4,15.7,64.2,801,9,9,5,12,1024,84,1,262
5,15.7,64.1,801,9,9,5,12,1024,84,1,262
5,15.7,64.1,801,9,9,5,12,1024,85,1,262
5,15.7,64.1,801,9,8,6,12,1024,84,2,316
5,15.7,64.1,801,9,8,6,12,1024,84,2,316
5,15.7,64.1,801,9,8,6,12,1024,84,2,316
5,15.7,64,801,9,8,6,12,1024,84,2,316
5,15.7,64.1,801,9,9,6,12,1023,84,1,292
5,15.7,64,801,9,9,6,12,1023,84,1,292
5,15.7,64,801,9,9,6,12,1023,84,1,292
5,15.6,63.9,801,9,9,6,12,1023,84,0,298
5,15.6,63.9,801,9,9,6,12,1023,84,0,298
5,15.6,63.9,801,9,9,6,11,1023,84,0,280
5,15.7,64,801,9,9,5,11,1024,84,0,280
6,15.6,63.9,801,9,9,5,11,1024,84,0,280
6,15.6,63.9,801,9,9,5,11,1024,84,0,280
6,15.6,63.9,801,9,9,5,11,1024,84,1,301
6,15.6,63.9,801,9,9,5,11,1024,84,1,301
6,15.6,63.9,801,9,9,5,11,1024,84,1,301
6,15.6,63.9,801,9,9,6,11,1024,85,0,300
6,15.6,63.8,801,9,9,6,12,1024,84,0,300
6,15.6,63.9,801,9,9,6,11,1024,85,1,270
6,15.6,63.9,801,9,9,6,12,1024,84,1,270
6,15.6,63.9,801,9,9,6,11,1024,85,1,270
6,15.6,63.8,801,9,9,5,12,1024,84,1,304
6,15.6,63.8,801,9,9,5,12,1024,84,1,304
7,15.6,63.8,801,9,9,5,12,1024,84,1,304
7,15.5,63.7,801,9,9,6,12,1024,84,0,285
7,15.6,63.8,801,9,9,6,12,1024,84,0,285
7,15.6,63.8,801,9,9,6,12,1024,84,0,285
7,15.5,63.7,801,9,9,6,12,1024,84,2,272
7,15.5,63.7,801,9,9,6,12,1024,84,2,272
7,15.5,63.7,801,9,9,6,12,1024,84,2,272
7,15.5,63.7,801,9,8,6,12,1024,84,2,272
7,15.5,63.7,801,9,8,6,12,1024,84,2,294
7,15.5,63.7,801,9,8,6,12,1024,84,2,294
7,15.5,63.7,801,9,9,6,12,1024,84,1,157
7,15.5,63.7,801,9,9,6,12,1024,84,1,157
8,15.5,63.7,801,9,9,6,12,1024,84,1,157
8,15.5,63.7,801,9,9,6,12,1025,84,1,269
8,15.5,63.7,801,9,9,6,12,1025,84,1,269
8,15.5,63.7,801,9,9,6,12,1025,84,1,269
8,15.5,63.7,801,9,9,6,12,1025,84,1,269
8,15.5,63.7,801,9,9,6,12,1025,84,1,269
8,15.5,63.6,801,9,9,6,12,1025,83,1,180
8,15.5,63.6,801,9,9,6,12,1025,83,1,180
8,15.5,63.6,801,9,8,6,12,1025,83,2,309
8,15.5,63.5,801,9,8,6,12,1025,83,2,309
8,15.5,63.5,801,9,9,6,12,1025,83,1,269
8,15.5,63.4,801,9,9,6,12,1025,83,1,269
8,15.5,63.3,801,9,9,6,12,1025,83,1,269
9,15.5,63.3,801,9,9,6,12,1025,83,1,269
9,15.5,63.3,801,9,9,6,12,1025,83,1,269
9,15.5,63.2,801,10,9,6,12,1025,82,2,294
9,15.6,63.2,801,10,9,6,12,1025,82,2,294
9,15.6,63.2,801,10,9,6,12,1025,82,2,294
9,15.6,63.2,801,10,9,6,12,1025,82,2,92
9,15.6,63.1,801,10,9,6,12,1025,82,2,92
9,15.6,63.1,801,10,10,7,13,1025,81,2,329
9,15.6,63,801,10,10,7,13,1025,81,2,329
9,15.7,63.1,800,11,10,7,13,1025,80,2,329
9,15.6,63,800,11,10,7,13,1025,80,4,298
9,15.7,63,800,11,10,7,13,1026,79,4,298
10,15.7,62.9,800,11,10,7,13,1026,79,4,298
10,15.7,62.9,800,11,10,7,13,1026,79,4,298
10,15.7,62.9,800,11,10,7,13,1026,79,4,294
10,15.7,62.8,800,11,10,7,13,1026,79,4,294
10,15.8,62.9,800,11,10,7,13,1026,79,4,294
10,15.8,62.8,800,11,11,8,14,1025,77,4,290
10,15.8,62.8,800,11,11,8,14,1025,77,4,290
10,15.8,62.8,800,11,11,8,14,1025,77,4,290
10,15.9,62.8,800,12,11,9,14,1026,75,4,328
10,15.9,62.8,800,12,11,9,14,1026,74,4,328
10,15.9,62.7,800,12,11,9,14,1026,75,4,328
10,15.9,62.7,800,12,11,9,14,1026,74,4,328
10,15.9,62.7,800,12,11,9,14,1026,74,3,350
11,16,62.8,800,13,12,10,14,1026,74,3,328
11,16,62.9,800,13,12,10,14,1026,73,3,328
11,16,62.9,800,13,12,10,14,1026,73,3,328
11,16,62.9,800,13,12,10,14,1026,73,3,328
11,16,62.8,800,13,12,10,14,1026,73,3,328
11,16.1,62.8,800,13,12,10,15,1026,73,3,319
11,16.1,62.7,800,13,12,10,15,1026,73,3,319
11,16.1,62.7,800,13,12,10,15,1026,73,3,319
11,16.2,62.7,800,13,12,11,15,1026,72,3,306
11,16.2,62.6,800,13,12,11,15,1026,72,3,306
11,16.2,62.6,800,13,12,11,15,1026,72,3,306
11,16.3,62.6,800,14,13,11,16,1026,70,3,316
12,16.3,62.6,800,14,13,12,15,1025,70,3,316
12,16.3,62.6,800,14,13,12,16,1026,70,1,325
12,16.4,62.6,800,14,13,12,16,1026,69,1,325
12,16.4,62.6,800,14,13,12,16,1026,69,1,325
12,16.4,62.6,800,14,13,12,16,1025,68,0,20
12,16.4,62.6,800,14,13,12,16,1025,68,0,20
12,16.5,62.7,800,14,13,12,16,1025,68,0,20
12,16.5,62.9,800,14,13,12,16,1025,67,2,323
12,16.5,63,800,14,14,12,16,1025,68,2,323
12,16.6,63.4,800,15,14,12,17,1025,67,2,323
12,16.6,63.5,800,15,14,12,17,1025,67,2,323
12,16.6,63.7,800,15,14,12,17,1025,67,2,323
13,16.7,63.9,800,15,14,13,17,1025,67,1,347
13,16.7,64.1,800,15,14,13,17,1025,66,0,313
13,16.7,64.1,800,15,14,12,17,1025,66,0,313
13,16.7,64.3,800,15,14,12,17,1025,66,0,313
13,16.8,64.3,800,15,14,12,17,1025,66,0,313
13,16.8,64.4,800,15,14,12,17,1025,65,0,0
13,16.8,64.4,800,15,14,12,17,1025,65,1,264
13,16.8,64.3,800,15,14,12,17,1025,65,1,264
13,16.8,64.2,800,15,14,12,17,1025,65,1,264
13,16.8,64.2,800,15,15,13,18,1025,65,0,270
13,16.8,64.1,800,15,15,13,17,1024,65,0,322
13,16.8,64,800,15,15,13,18,1025,65,1,312
13,16.8,63.9,800,15,15,13,18,1025,65,1,312
14,16.8,63.7,800,15,15,13,18,1025,65,1,312
14,16.8,63.8,800,15,14,13,17,1025,65,0,330
14,16.8,63.8,800,15,14,13,17,1025,65,0,330
14,16.8,63.6,800,15,14,13,17,1025,65,0,317
14,16.8,63.6,800,15,15,14,17,1025,65,1,0
14,16.8,63.5,800,15,15,13,17,1025,65,1,245
14,16.8,63.6,800,16,15,14,17,1024,64,1,245
14,16.9,63.4,800,16,15,14,17,1024,64,1,245
14,16.8,63.4,800,16,15,13,18,1024,64,0,220
14,16.8,63.4,800,16,15,13,18,1024,64,0,220
14,16.8,63.3,800,16,15,13,18,1024,64,0,0
14,16.9,63.4,800,16,15,13,18,1024,64,1,265
15,16.8,63.4,800,16,15,14,18,1024,64,0,0
15,16.8,63.3,800,16,15,14,18,1024,64,1,285
15,16.8,63.2,800,16,15,14,18,1024,64,1,286
15,16.8,63.1,800,16,15,13,18,1024,64,2,10
15,16.8,63.2,800,16,15,13,18,1024,64,1,276
15,16.8,63.1,800,16,15,13,18,1024,64,2,10
15,16.8,63.1,800,16,15,13,18,1024,64,2,283
15,16.8,63.1,800,16,15,13,18,1024,64,2,283
15,16.8,63,800,16,15,13,18,1024,64,2,283
15,16.8,63,800,16,15,13,18,1024,64,1,292
15,16.8,63,800,16,15,13,18,1024,64,1,292
15,16.8,63,800,16,15,13,17,1024,64,1,9
16,16.8,63,800,16,15,13,18,1024,64,1,9
16,16.8,63,800,16,15,13,18,1024,64,1,9
16,16.8,63,800,16,15,13,17,1025,64,0,153
16,16.8,63,800,16,15,13,18,1025,64,0,153
16,16.8,63,800,16,15,13,17,1024,64,1,300
16,16.8,63,800,16,15,13,17,1025,64,1,300
16,16.8,63,800,16,15,13,17,1024,64,1,300
16,16.8,63,800,16,15,13,17,1025,64,1,300
16,16.7,63,800,15,15,13,17,1025,64,0,295
16,16.8,62.5,800,15,15,13,17,1025,65,0,295
16,16.9,61.9,800,15,15,13,17,1025,65,0,295
16,16.9,61.6,800,15,14,13,17,1025,65,0,295
16,16.9,62,800,15,14,13,17,1025,66,0,273
17,16.8,62.3,800,15,14,13,17,1025,66,0,273
17,16.8,62.6,800,15,14,13,17,1025,67,0,289
17,16.7,62.8,800,15,14,13,17,1025,67,0,289
17,16.7,62.9,800,15,14,13,16,1025,67,0,289
17,16.7,63,800,14,14,12,16,1025,69,0,284
17,16.7,63.1,800,14,14,12,16,1025,70,1,272
17,16.6,63.1,800,14,14,12,16,1025,69,0,284
17,16.6,63.2,800,14,13,12,16,1025,70,0,269
17,16.6,63.2,800,14,13,12,16,1025,70,0,269
17,16.6,63.3,800,14,13,12,16,1025,70,0,269
17,16.5,63.3,800,14,13,11,15,1025,72,1,278
17,16.5,63.3,800,14,13,11,15,1025,72,1,278
18,16.5,63.3,800,13,13,11,15,1025,72,1,264
18,16.5,63.3,800,13,13,11,15,1025,73,0,38
18,16.5,63.3,800,13,13,11,15,1025,72,0,38
18,16.5,63.3,800,13,13,11,15,1025,73,0,38
18,16.5,63.3,800,13,12,11,15,1025,73,0,38
18,16.5,63.3,800,13,12,11,14,1025,74,0,16
18,16.4,63.3,800,13,12,11,14,1025,74,0,16
18,16.4,63.3,800,13,12,11,14,1025,74,1,285
18,16.4,63.3,800,13,12,11,14,1025,74,1,285
18,16.4,63.3,800,13,12,10,14,1025,74,1,285
18,16.4,63.3,800,13,12,10,14,1025,74,1,285
18,16.4,63.4,800,13,12,10,14,1025,74,1,285
18,16.4,63.4,800,13,12,10,14,1025,75,0,269
19,16.4,63.4,800,13,12,10,14,1025,75,0,269
19,16.4,63.4,800,12,12,10,14,1025,75,2,267
19,16.4,63.4,800,12,12,10,14,1025,75,2,267
19,16.3,63.4,800,12,12,10,14,1025,75,2,267
19,16.3,63.4,800,12,12,10,14,1025,75,2,267
19,16.3,63.4,800,12,11,9,14,1025,76,1,284
19,16.3,63.4,800,12,11,9,14,1025,76,1,284
19,16.3,63.5,800,12,11,9,14,1025,76,2,301
19,16.3,63.5,800,12,11,9,14,1026,76,2,301
19,16.3,63.5,800,12,11,9,14,1026,76,2,301
19,16.3,63.6,800,12,11,8,14,1026,76,2,312
19,16.3,63.6,800,12,11,8,14,1026,76,2,312
20,16.3,63.7,800,12,11,8,14,1026,76,2,312
20,16.3,63.8,800,12,11,8,14,1026,75,3,249
20,16.3,63.9,800,12,11,8,13,1026,76,3,249
20,16.3,64,800,12,11,8,13,1026,76,3,249
20,16.3,64.1,800,12,11,8,13,1026,76,3,205
20,16.3,64.3,800,12,11,8,13,1026,76,3,205
20,16.3,64.4,800,12,11,8,13,1026,76,3,205
20,16.3,64.5,800,12,11,8,13,1026,76,2,346
20,16.3,64.6,800,12,11,8,13,1026,76,2,346
20,16.3,64.7,800,12,11,8,13,1026,76,2,346
20,16.3,64.8,800,12,11,8,14,1025,75,2,266
20,16.3,64.9,800,12,11,8,14,1025,75,2,266
21,16.3,65,800,12,11,8,14,1025,75,2,266
21,16.3,65.2,800,12,11,8,14,1026,76,1,59
21,16.4,65.3,800,12,11,7,14,1026,76,1,59
21,16.3,65.3,800,12,11,8,14,1026,76,1,59
21,16.3,65.5,800,12,11,7,14,1026,76,1,59
21,16.3,65.6,800,12,11,7,14,1026,76,1,59
21,16.3,65.7,800,12,11,7,13,1025,76,2,264
21,16.3,65.8,800,12,11,8,14,1025,77,2,264
21,16.4,65.9,800,12,11,7,13,1025,76,2,264
21,16.3,66,800,11,10,7,13,1026,77,2,262
21,16.4,66.1,800,11,10,7,14,1025,77,2,263
21,16.4,66.2,800,11,10,7,13,1026,77,2,262
21,16.4,66.3,800,11,10,7,13,1025,78,2,263
22,16.4,66.4,800,11,10,7,13,1026,78,2,263
22,16.4,66.5,800,11,10,7,13,1026,78,2,263
22,16.4,66.5,800,11,10,7,13,1026,78,2,263
22,16.3,66.4,800,11,10,7,13,1025,78,1,264
22,16.4,66.5,800,11,10,7,13,1025,78,1,264
22,16.4,66.5,800,11,10,7,13,1025,78,2,254
22,16.4,66.5,800,11,10,7,13,1025,78,2,254
22,16.4,66.5,800,11,10,7,13,1026,78,2,260
22,16.4,66.5,800,11,10,7,13,1026,78,2,260
22,16.4,66.6,800,11,10,7,13,1026,78,2,260
22,16.4,66.7,800,11,10,6,13,1026,79,2,260
22,16.4,66.8,800,11,10,6,13,1026,79,2,260
23,16.4,66.9,800,11,10,6,13,1026,79,2,260
23,16.4,67,800,11,10,6,13,1026,79,2,258
23,16.4,67,800,11,10,6,13,1026,79,2,266
23,16.4,67.2,800,11,10,6,13,1026,79,2,266
23,16.4,67.3,801,11,10,6,13,1025,78,3,252
23,16.4,67.3,801,11,10,6,13,1025,78,3,252
23,16.4,67.3,801,11,10,6,12,1026,79,3,259
23,16.4,67.3,801,11,10,6,12,1026,79,3,259
23,16.4,67.3,801,10,10,6,13,1026,80,3,263
23,16.4,67.2,801,11,10,6,12,1026,79,3,263
23,16.4,67,801,10,10,6,12,1026,79,3,254
23,16.3,66.8,801,10,10,6,12,1026,79,3,254
0,16.3,66.7,801,10,9,6,13,1025,79,2,253
0,16.3,66.6,801,11,10,6,12,1025,79,2,253
0,16.3,66.4,801,10,9,6,13,1025,79,2,253
0,16.3,66.3,801,10,9,6,12,1026,79,2,258
0,16.3,66.2,801,10,9,6,12,1026,80,3,245
0,16.3,66.1,801,10,9,6,12,1026,80,3,245
0,16.3,66,801,10,9,6,12,1026,80,2,256
0,16.3,66,801,10,9,6,12,1026,80,2,256
0,16.2,65.9,801,10,10,6,13,1026,79,1,330
0,16.2,65.8,801,10,10,5,13,1026,79,1,330
0,16.2,65.7,801,10,9,5,13,1025,78,1,336
0,16.2,65.7,801,10,9,5,13,1025,78,1,336
0,16.2,65.6,801,10,9,5,13,1025,78,1,336
1,16.2,65.6,801,10,9,6,13,1025,79,1,336
1,16.2,65.5,801,10,9,6,13,1026,78,0,222
1,16.2,65.5,801,10,9,6,13,1026,78,0,222
1,16.1,65.4,801,10,10,6,13,1025,79,0,222
1,16.1,65.3,801,10,9,6,13,1025,79,2,245
1,16.1,65.3,801,10,10,6,13,1025,79,0,222
1,16.1,65.2,801,10,10,6,13,1025,79,1,268
1,16.1,65.2,801,10,10,6,13,1025,79,1,268
1,16.1,65.1,801,10,10,6,13,1025,79,1,268
1,16.1,65.1,801,10,10,6,13,1025,79,1,274
1,16.1,65,801,10,10,6,12,1025,79,1,267
1,16.1,65,801,10,9,6,12,1025,79,1,267
2,16.1,65,801,10,9,6,12,1025,79,1,267
2,16,64.9,801,10,9,6,12,1025,80,1,271
2,16,64.9,801,9,9,5,12,1026,81,1,271
2,16,64.9,801,9,9,5,12,1026,81,1,271
2,16,64.8,801,9,9,5,12,1026,81,1,273
2,16,64.8,801,9,9,5,12,1026,81,1,273
2,16,64.8,801,10,10,6,12,1025,80,1,284
2,16,64.7,801,10,10,6,12,1025,80,1,284
2,16,64.7,801,10,9,6,12,1025,81,1,270
2,16,64.7,801,10,9,6,12,1025,81,1,270
2,16,64.7,801,10,9,6,12,1025,81,1,270
2,16,64.7,801,10,9,5,12,1025,80,2,260
2,16,64.6,801,9,9,5,12,1025,81,1,276
3,15.9,64.6,801,9,9,5,12,1025,81,1,276
3,15.9,64.5,801,9,9,5,12,1025,81,1,276
3,15.9,64.5,801,10,10,6,12,1025,81,1,267
3,15.9,64.5,801,10,10,6,12,1025,81,1,267
3,15.9,64.5,801,10,10,6,12,1025,81,1,267
3,15.9,64.5,801,10,10,7,12,1025,81,0,268
3,15.9,64.5,801,10,10,7,12,1025,81,0,268
3,15.9,64.4,801,9,9,5,12,1026,81,0,291
3,15.9,64.4,801,10,10,4,12,1025,80,0,291
3,15.8,64.4,801,9,9,5,12,1026,81,0,291
3,15.9,64.4,801,10,7,7,12,1025,80,5,330
3,15.8,64.4,801,10,7,7,12,1025,80,5,330
4,15.8,64.3,801,10,7,7,12,1025,80,5,330
4,15.8,64.3,801,9,7,7,12,1025,80,5,330
4,15.8,64.3,801,9,9,7,12,1026,81,0,299
4,15.8,64.3,801,9,9,7,12,1026,81,0,299
4,15.8,64.3,801,9,9,7,12,1026,81,0,299
4,15.8,64.3,801,9,9,7,12,1026,82,0,277
4,15.7,64.2,801,9,9,7,12,1026,82,0,257
4,15.7,64.2,801,9,9,7,12,1026,82,0,257
4,15.7,64.2,801,9,9,7,12,1026,82,0,257
4,15.7,64.2,801,9,6,7,12,1025,82,5,320
4,15.7,64.2,801,9,6,7,12,1025,82,5,320
4,15.7,64.2,801,9,6,7,12,1025,82,5,320
5,15.7,64.2,801,9,6,7,12,1025,82,5,320
5,15.7,64.2,801,9,6,7,12,1025,82,5,320
5,15.7,64.1,801,9,9,7,11,1025,82,0,284
5,15.6,64,801,9,9,7,11,1025,82,0,284
5,15.7,64.1,801,9,6,7,11,1025,81,5,330
5,15.6,64,801,9,6,7,11,1025,81,5,330
5,15.7,64.1,801,9,6,7,11,1025,81,5,330
5,15.6,64,801,9,9,7,11,1025,81,0,232
5,15.6,64,801,9,9,7,11,1025,81,0,232
5,15.6,64,801,9,9,6,11,1025,82,0,275
5,15.6,64,801,9,9,6,11,1025,82,0,275
5,15.6,64,801,9,9,6,11,1025,82,0,275
5,15.6,64,801,9,9,6,11,1025,82,1,277
6,15.6,64,801,9,9,6,11,1025,82,1,277
6,15.6,63.9,801,9,9,6,11,1026,83,0,293
6,15.6,64,801,9,9,6,11,1026,83,0,293
6,15.6,63.9,801,9,9,6,11,1026,83,0,293
6,15.5,63.9,801,9,9,6,11,1025,84,0,298
6,15.5,63.9,801,9,6,6,11,1026,84,6,330
6,15.5,63.9,801,9,6,6,11,1026,84,6,330
6,15.5,63.8,801,9,5,6,11,1026,83,6,330
6,15.5,63.8,801,9,6,6,11,1026,83,5,330
6,15.5,63.8,801,9,6,6,11,1026,83,5,330
6,15.5,63.8,801,9,9,6,11,1025,83,0,298
6,15.5,63.8,801,9,9,6,11,1025,83,0,298
7,15.5,63.8,801,9,9,6,11,1025,83,0,298
7,15.5,63.8,801,9,6,6,11,1026,83,5,330
7,15.5,63.8,801,9,6,6,11,1026,83,5,330
7,15.4,63.7,801,9,6,6,11,1026,83,5,330
7,15.4,63.7,801,9,9,6,11,1026,83,0,288
7,15.4,63.7,801,9,9,6,11,1026,83,0,304
7,15.4,63.7,801,9,9,6,11,1026,83,0,288
7,15.4,63.7,801,9,9,6,11,1026,83,0,291
7,15.4,63.7,801,9,9,6,11,1025,83,0,291
7,15.4,63.7,801,9,9,6,11,1026,83,0,291
7,15.4,63.7,801,9,9,6,11,1025,83,0,291
7,15.4,63.7,801,9,9,6,11,1026,82,0,297
8,15.4,63.7,801,9,9,6,11,1026,82,0,297
8,15.4,63.7,801,9,9,6,11,1026,82,0,297
8,15.4,63.7,801,9,9,6,11,1026,82,1,297
8,15.4,63.7,801,9,9,6,11,1026,82,1,297
8,15.3,63.7,801,9,9,6,11,1026,82,1,297
8,15.4,63.7,801,9,9,6,11,1026,81,0,293
8,15.3,63.6,801,9,9,6,11,1026,81,0,293
8,15.3,63.5,801,9,9,6,11,1026,81,0,293
8,15.4,63.5,801,9,9,6,12,1025,82,0,293
8,15.3,63.5,801,9,9,6,12,1026,82,0,290
8,15.4,63.5,801,9,9,6,12,1026,82,1,249
8,15.4,63.4,801,9,9,6,12,1026,82,1,249
8,15.4,63.3,801,9,9,6,12,1026,83,1,249
9,15.4,63.3,801,9,9,6,12,1026,83,1,244
9,15.4,63.2,801,9,9,6,12,1026,83,1,244
9,15.4,63.2,801,10,8,6,13,1026,83,3,247
9,15.4,63.2,801,10,8,6,12,1026,82,3,247
9,15.5,63.5,801,10,8,6,13,1026,83,3,247
9,15.6,62,801,10,9,6,13,1026,83,2,254
9,15.5,60.2,801,10,9,6,13,1026,83,2,254
9,15.4,60,801,10,10,6,13,1026,81,1,255
9,15.4,59.6,801,11,10,7,13,1026,81,2,251
9,15.4,59.5,801,11,10,7,13,1026,81,2,239
9,15.4,59.6,801,11,10,7,13,1026,81,2,239
9,15.4,59.9,801,11,10,7,13,1026,81,2,239
10,15.7,60.3,801,11,10,7,13,1026,81,2,239
10,16.2,59.7,801,11,10,7,14,1026,81,1,243
10,16.6,59.3,801,11,10,7,14,1026,80,2,245
10,17,59.2,801,11,10,7,14,1026,80,2,245
10,17.2,59.1,801,11,10,7,14,1026,80,2,245
10,17,59.4,801,11,10,8,14,1026,79,2,244
10,16.7,60.2,801,11,11,8,14,1026,79,2,243
10,16.6,60.5,801,12,11,8,14,1027,79,2,243
10,16.4,58.9,801,12,11,8,14,1027,79,2,243
10,16.3,57,801,12,12,9,14,1026,79,2,249
10,16.2,57.9,801,12,12,9,14,1027,78,2,249
10,16.2,59.1,801,12,12,10,14,1026,78,1,276
10,16.2,59.3,801,13,12,10,15,1026,77,1,276
11,16.3,59.6,801,12,12,10,14,1026,76,1,276
11,16.6,59.2,801,12,12,10,14,1026,76,1,276
11,16.7,58.8,801,13,12,10,15,1026,76,1,255
11,16.9,58.5,801,13,12,10,15,1026,76,1,255
11,17,58,801,13,12,10,15,1026,76,1,255
11,17.4,57.5,801,13,12,10,15,1026,76,1,249
11,17.7,57.7,801,13,12,10,15,1026,77,1,247
11,17.8,57.8,801,13,13,11,15,1026,76,1,247
11,17.9,57.6,801,13,12,11,15,1026,76,0,343
11,18.1,57.6,801,13,13,11,16,1026,77,0,343
11,18.2,57.5,801,13,12,11,15,1026,76,1,260
11,18.3,57.5,801,14,13,11,16,1026,76,0,343
12,18.4,57.5,801,14,14,12,16,1026,75,0,289
12,18.5,57.5,801,14,14,12,16,1026,75,0,28
12,18.6,57.4,801,14,14,12,16,1026,75,0,28
12,18.7,57.5,801,14,14,12,16,1026,73,0,28
12,18.7,57.4,801,14,14,11,17,1026,73,0,60
12,18.4,55.7,801,14,14,12,16,1026,73,0,60
12,18.1,56.4,801,14,14,12,16,1026,73,0,60
12,18.1,56.9,801,14,14,12,16,1025,73,0,60
12,18.1,57.2,801,15,14,12,16,1025,73,0,71
12,18.1,57.2,801,15,14,12,16,1026,72,0,71
12,18.1,57.4,801,15,15,13,16,1025,72,0,151
12,18.1,57.3,801,15,15,13,16,1025,72,0,151
13,18.1,57.3,801,15,15,13,16,1025,72,0,151
13,18.1,57.3,801,15,14,13,16,1025,73,0,151
13,18.2,57.4,801,15,15,13,17,1025,72,1,302
13,18.2,57.4,801,15,15,13,17,1025,72,1,302
13,18.2,57.3,801,15,15,13,17,1025,72,1,302
13,18.2,57.3,801,15,15,13,17,1025,73,0,282
13,18.2,57.3,801,15,15,14,17,1025,73,0,13
13,18.2,57.4,801,15,15,14,17,1025,73,0,13
13,18.2,57.4,801,15,15,14,17,1025,73,1,140
13,18.3,57.4,801,15,15,14,17,1025,73,1,140
13,18.3,57.4,801,15,15,14,17,1025,72,1,140
13,18.3,57.4,801,15,15,14,17,1025,72,1,140
13,18.2,57.3,801,16,15,14,17,1024,73,0,161
14,18.1,57.1,801,16,15,15,17,1024,73,0,161
14,17.9,57.3,801,16,15,14,17,1024,72,0,173
14,17.8,57.5,801,16,15,15,17,1024,73,0,173
14,17.8,57.7,801,16,15,15,17,1024,73,0,173
14,17.7,57.8,801,16,16,15,18,1024,72,0,153
14,17.7,57.9,801,16,16,15,18,1024,73,0,153
14,17.6,57.9,801,16,16,15,18,1024,72,0,153
14,17.6,58.1,801,16,16,15,18,1024,73,0,153
14,17.5,58.2,801,16,16,15,18,1024,73,0,169
14,17.5,58.2,801,16,16,15,18,1024,73,0,169
14,17.5,58.2,801,16,16,15,18,1024,73,0,169
14,17.5,58.3,801,16,16,14,18,1024,73,0,264
15,17.5,58.3,801,16,16,15,18,1024,73,0,298
15,17.4,58.3,801,16,16,15,18,1024,73,0,12
15,17.4,58.4,801,16,16,15,18,1024,73,0,298
15,17.4,58.4,801,16,16,15,18,1024,73,1,278
15,17.4,58.5,801,16,16,15,18,1024,74,0,271
15,17.3,58.5,801,16,16,15,18,1024,74,0,271
15,17.3,58.4,801,16,16,15,18,1024,74,0,271
15,17.3,58.6,801,16,16,15,18,1024,74,2,218
15,17.3,58.6,801,16,16,15,18,1023,74,3,273
15,17.3,58.7,801,16,16,15,18,1024,74,3,0
15,17.3,58.8,801,16,16,15,18,1024,74,3,0
15,17.3,58.9,801,16,16,15,18,1024,75,3,281
16,17.3,58.9,801,16,16,15,18,1024,75,2,0
16,17.2,59,801,16,16,15,18,1024,75,3,281
16,17.2,59,801,16,16,14,18,1024,75,2,243
16,17.2,59.1,801,16,16,14,18,1024,75,2,243
16,17.2,59.2,801,16,16,14,18,1024,75,2,243
16,17.1,59.2,801,16,15,14,18,1024,76,2,259
16,17.4,60.2,801,16,15,14,18,1024,76,2,259
16,17.8,59.9,801,16,15,14,18,1024,76,2,259
16,18,59.6,801,16,15,14,18,1024,75,2,267
16,18.2,59.2,801,15,15,14,17,1024,77,2,245
16,18.4,58.9,801,15,15,14,17,1024,77,2,245
16,18.6,58.5,801,15,15,14,17,1024,77,1,348
16,18.7,58.3,801,15,15,14,17,1024,77,1,348
17,18.7,57.9,801,15,15,14,17,1024,77,1,348
17,18.8,57.6,801,15,15,13,17,1024,78,2,278
17,18.9,57.6,801,15,15,13,17,1024,78,2,278
17,18.9,57.3,801,15,15,13,17,1024,78,2,278
17,18.9,57.2,801,15,15,13,17,1024,78,2,278
17,19,57.2,801,15,14,12,17,1024,79,1,233
17,19.1,57.1,801,15,14,12,17,1024,79,1,233
17,19.1,56.8,801,14,14,12,16,1024,80,1,226
17,19.2,56.8,801,14,14,12,16,1024,80,1,226
17,19,57,801,14,14,12,16,1024,80,1,226
17,19,57.1,801,14,13,11,15,1024,82,0,226
17,18.8,57.2,801,14,13,11,15,1024,82,0,226
18,18.7,57.2,801,14,13,11,15,1024,82,3,210
18,18.5,57.5,801,13,13,11,15,1024,82,3,210
18,18.5,57.8,801,13,13,11,15,1024,82,3,210
18,18.4,57.9,801,13,13,11,15,1024,82,0,332
18,18.3,58.1,801,13,13,10,14,1025,83,3,210
18,18.3,58.2,801,13,13,10,14,1025,83,3,210
18,18.2,58.2,801,13,13,10,14,1025,83,3,210
18,18.1,58.2,801,13,12,9,14,1025,83,3,210
18,18,58.4,801,13,12,9,14,1025,83,3,210
18,17.9,58.6,801,13,12,9,14,1025,83,0,0
18,17.8,58.7,801,13,12,9,14,1025,83,4,220
18,17.8,58.9,801,13,12,9,14,1025,83,4,220
18,17.7,59,801,12,12,9,14,1025,83,4,220
19,17.6,59.1,801,12,12,9,14,1025,83,4,220
19,17.6,59.1,801,12,12,9,14,1025,83,4,220
19,17.6,59.2,801,12,12,9,14,1024,83,4,220
19,17.5,59.2,801,12,12,9,14,1024,83,4,220
19,17.5,59.3,801,12,12,9,14,1025,83,3,230
19,17.4,59.3,801,12,12,9,14,1025,84,3,230
19,17.4,59.4,801,12,12,9,14,1025,84,3,230
19,17.3,59.3,801,12,11,9,14,1025,84,0,292
19,17.3,59.4,801,12,11,9,14,1025,84,0,292
19,17.3,59.5,801,12,11,9,14,1025,83,4,230
19,17.3,59.5,801,12,11,9,14,1025,84,0,292
19,17.2,59.5,801,12,11,8,14,1025,83,4,230
20,17.2,59.6,801,12,11,8,14,1025,83,4,230
20,17.2,59.6,801,12,11,8,14,1025,83,4,230
20,17.2,59.7,801,12,11,9,13,1025,83,4,230
20,17.1,59.7,801,12,11,8,14,1025,84,2,240
20,17.1,59.8,801,12,11,9,13,1025,83,4,230
20,17.1,59.8,801,12,11,8,13,1025,84,0,262
20,17.1,60,801,12,11,8,14,1025,85,1,241
20,17,60,801,12,11,8,14,1025,85,1,241
20,17,60,801,12,11,8,14,1025,85,1,241
20,17,60.1,801,11,11,8,13,1025,85,1,247
20,17,60.6,801,11,11,8,13,1025,85,1,245
20,17,60.8,801,11,11,8,13,1025,85,0,274
21,17,61,801,11,11,8,13,1025,85,0,274
21,17,61.1,801,11,11,8,13,1025,85,3,280
21,17,61.1,801,11,11,8,13,1025,85,0,274
21,17,61.2,801,11,11,8,13,1025,85,3,280
21,16.9,61.2,801,11,11,8,13,1025,85,3,280
21,17,61.4,801,11,10,8,13,1025,84,1,297
21,16.9,61.5,801,11,10,8,13,1025,84,1,297
21,17,61.7,801,11,10,8,13,1026,84,1,297
21,17,61.7,801,11,10,8,13,1025,84,0,309
21,16.9,61.8,801,11,10,8,13,1025,84,0,309
21,16.9,61.8,801,11,10,7,13,1025,84,0,309
21,17,61.9,801,11,10,7,13,1025,84,2,310
21,17,62,801,11,10,7,13,1025,84,0,309
22,16.9,62,801,11,10,7,13,1025,84,0,238
22,16.9,62,801,11,10,7,13,1025,83,2,310
22,16.9,62.1,801,11,10,7,13,1025,83,2,310
22,16.9,62.1,801,11,10,7,13,1025,83,2,310
22,16.9,62.2,801,11,10,7,13,1025,84,0,257
22,16.9,62.3,801,11,10,8,13,1025,83,0,253
22,16.9,62.4,801,11,10,7,13,1025,84,0,257
22,16.9,62.4,801,11,10,8,13,1025,83,0,253
22,16.9,62.4,801,11,10,6,13,1026,84,3,310
22,16.9,62.5,801,11,10,7,13,1026,84,3,300
22,16.9,62.6,801,11,10,7,13,1026,84,3,300
22,16.8,62.6,801,11,10,6,13,1025,84,3,310
23,16.8,62.6,801,11,10,6,13,1025,84,3,310
23,16.8,62.6,801,11,10,7,12,1026,84,0,257
23,16.8,62.6,801,11,10,7,12,1026,84,0,257
23,16.8,62.6,801,11,10,7,12,1026,84,0,257
23,16.7,62.6,801,11,10,7,12,1026,84,0,257
23,16.7,62.5,801,11,10,8,12,1025,81,1,252
23,16.7,62.6,801,11,10,8,12,1025,81,1,252
23,16.7,62.6,801,11,10,8,12,1025,81,1,252
23,16.7,62.6,801,10,9,7,12,1026,83,1,257
23,16.7,62.7,801,10,9,7,12,1026,83,1,257
23,16.6,62.6,801,10,10,7,12,1025,82,1,257
23,16.6,62.6,801,10,9,7,12,1025,82,1,252
0,16.6,62.6,801,10,9,7,12,1025,82,1,252
0,16.6,62.6,801,10,9,7,12,1025,82,1,248
0,16.6,62.6,801,10,9,7,12,1025,82,1,248
0,16.5,62.6,801,10,10,7,12,1025,81,2,239
0,16.5,62.6,801,10,10,7,12,1025,81,2,239
0,16.5,62.6,801,11,10,7,12,1025,80,2,240
0,16.5,62.6,801,11,10,7,12,1025,80,2,240
0,16.5,62.6,801,10,10,8,12,1025,80,1,249
0,16.5,62.6,801,10,10,8,12,1025,80,1,249
0,16.5,62.6,801,10,9,7,12,1025,80,2,243
0,16.4,62.5,801,10,9,7,12,1025,80,2,241
0,16.4,62.5,801,10,9,7,12,1025,80,0,0
0,16.4,62.5,801,10,9,7,12,1025,80,0,0
1,16.4,62.5,801,10,9,7,12,1025,81,3,248
1,16.4,62.5,801,10,9,7,12,1025,81,3,248
1,16.4,62.5,801,10,9,7,12,1025,81,2,250
1,16.3,62.5,801,10,9,7,12,1025,82,2,250
1,16.3,62.5,801,10,9,7,12,1025,82,2,250
1,16.3,62.5,801,10,8,7,12,1025,82,3,250
1,16.3,62.5,801,10,8,7,12,1025,82,3,250
1,16.3,62.5,801,10,8,7,12,1025,82,3,240
1,16.3,62.5,801,10,8,8,12,1025,82,3,241
1,16.3,62.5,801,10,8,8,12,1025,82,3,241
1,16.3,62.5,801,10,8,8,12,1025,83,3,237
1,16.2,62.5,801,10,8,8,12,1025,83,3,237
2,16.2,62.5,801,10,9,8,12,1025,83,2,247
2,16.2,62.5,801,10,9,8,12,1025,83,2,248
2,16.2,62.5,801,10,9,8,12,1025,83,2,247
2,16.2,62.5,801,10,9,8,12,1025,83,2,248
2,16.2,62.5,801,10,10,7,12,1025,83,1,274
2,16.2,62.5,801,10,9,7,12,1025,84,2,254
2,16.1,62.4,801,10,9,7,12,1025,84,2,254
2,16.1,62.5,801,10,9,7,12,1025,84,2,254
2,16.1,62.5,801,10,9,7,12,1025,84,2,260
2,16.1,62.5,801,10,9,7,12,1025,84,2,254
2,16.1,62.5,801,10,9,7,12,1025,84,2,260
2,16.1,62.5,801,10,8,7,11,1025,84,2,257
2,16.1,62.5,801,10,9,7,11,1025,84,2,255
3,16,62.4,801,10,9,7,11,1025,84,2,255
3,16,62.4,801,10,8,7,11,1025,83,2,256
3,16,62.5,801,10,8,7,11,1025,83,2,256
3,16,62.5,801,10,8,7,11,1025,83,2,256
3,16,62.5,801,10,8,7,11,1025,83,2,256
3,16,62.5,801,9,9,7,11,1025,82,0,0
3,16,62.5,801,9,9,7,11,1025,82,0,0
3,16,62.5,801,9,9,7,11,1025,82,0,308
3,16,62.5,801,9,9,7,11,1025,82,1,306
3,16,62.5,801,9,9,7,11,1025,82,0,308
3,15.9,62.5,801,9,8,7,11,1025,81,2,261
3,15.9,62.5,801,9,8,7,11,1025,80,3,251
4,15.9,62.5,801,9,7,7,11,1025,79,3,251
4,15.9,62.5,801,9,7,7,11,1025,79,3,251
4,15.9,62.5,801,9,9,7,11,1025,79,0,271
4,15.9,62.5,801,9,9,7,11,1025,79,1,264
4,15.8,62.5,801,9,9,7,11,1025,79,1,264
4,15.8,62.5,801,9,9,7,11,1025,79,1,264
4,15.8,62.5,801,9,9,7,11,1025,79,1,264
4,15.8,62.5,801,9,9,7,11,1025,80,0,257
4,15.8,62.5,801,9,9,7,11,1025,80,0,257
4,15.8,62.5,801,9,9,7,11,1025,80,0,257
4,15.8,62.5,801,9,8,7,11,1025,81,2,255
4,15.8,62.6,801,9,8,7,11,1025,82,2,255
5,15.8,62.6,801,9,8,7,11,1025,80,2,256
5,15.7,62.5,801,9,8,7,11,1025,81,2,256
5,15.7,62.5,801,9,8,7,11,1025,81,2,222
5,15.7,62.5,801,9,8,7,11,1025,81,2,222
5,15.7,62.5,801,9,8,7,11,1025,81,2,222
5,15.7,62.5,801,9,8,7,11,1025,81,2,222
5,15.7,62.5,801,9,9,6,11,1025,81,1,252
5,15.6,62.5,801,9,9,6,11,1025,81,1,252
5,15.6,62.5,801,9,9,6,11,1025,81,1,297
5,15.6,62.5,801,9,8,6,11,1025,81,2,242
5,15.6,62.5,801,9,9,6,11,1025,81,1,297
5,15.6,62.5,801,9,8,6,12,1025,80,1,297
5,15.6,62.5,801,9,8,6,12,1025,80,1,297
6,15.6,62.5,801,9,8,6,12,1025,80,1,297
6,15.6,62.5,801,9,9,6,11,1025,81,1,280
6,15.6,62.5,801,9,9,6,11,1025,81,1,280
6,15.5,62.5,801,9,9,6,11,1025,81,1,280
6,15.5,62.5,801,9,8,6,11,1025,80,1,279
6,15.5,62.5,801,9,8,6,12,1025,80,1,279
6,15.5,62.5,801,9,8,6,12,1025,80,1,279
6,15.5,62.5,801,9,9,6,12,1025,79,1,305
6,15.5,62.5,801,9,9,6,12,1025,80,1,287
6,15.5,62.5,801,9,8,6,12,1025,79,1,305
6,15.5,62.6,801,9,8,6,12,1025,78,1,290
6,15.4,62.5,801,9,8,6,11,1025,78,1,300
7,15.4,62.5,801,9,8,6,11,1025,76,1,300
7,15.4,62.5,801,9,8,6,11,1025,76,1,300
7,15.4,62.5,801,9,8,6,10,1025,76,1,271
7,15.4,62.5,801,9,9,5,10,1025,76,1,293
7,15.4,62.5,801,9,8,6,10,1025,76,1,271
7,15.4,62.6,801,9,8,6,10,1025,78,2,273
7,15.4,62.6,801,9,8,6,10,1025,78,2,273
7,15.3,62.5,801,9,8,5,10,1026,76,1,235
7,15.4,62.6,801,9,8,5,10,1026,76,1,235
7,15.3,62.5,801,9,8,5,10,1026,76,1,235
7,15.3,62.6,801,9,6,5,11,1026,74,5,320
7,15.3,62.6,801,9,8,5,11,1025,76,1,316
8,15.3,62.6,801,9,8,5,11,1025,76,1,316
8,15.3,62.6,801,9,8,5,11,1025,76,1,316
8,15.3,62.6,801,9,8,5,10,1026,78,2,254
8,15.3,62.6,801,9,8,5,10,1026,78,2,254
8,15.3,62.5,801,9,8,5,10,1026,78,2,254
8,15.3,62.5,801,9,8,5,10,1026,78,2,254
8,15.3,62.5,801,9,9,6,10,1026,81,0,313
8,15.3,62.5,801,9,9,6,10,1026,81,0,313
8,15.3,62.4,801,9,9,6,10,1026,81,0,313
8,15.2,62.3,801,9,9,6,13,1026,82,1,311
8,15.3,62.3,801,9,9,6,13,1026,82,1,311
8,15.3,62.3,801,9,9,5,13,1025,83,1,90
8,15.3,62.2,801,9,9,5,12,1026,84,1,309
9,15.3,62.2,801,9,9,5,12,1026,84,1,261
9,15.3,62.1,801,9,9,5,12,1026,84,1,309
9,15.3,62,801,9,9,5,12,1026,84,1,261
9,15.3,62,801,9,7,5,12,1026,83,5,320
9,15.3,62,801,9,9,5,12,1026,83,1,260
9,15.3,62,801,10,9,5,12,1026,83,1,273
9,15.3,61.9,801,9,9,5,12,1026,83,1,260
9,15.3,61.9,801,10,10,5,12,1026,83,1,288
9,15.3,61.9,800,11,10,9,13,1026,83,2,259
9,15.3,61.8,801,11,10,6,13,1026,82,2,259
9,15.3,62,800,11,10,9,13,1026,83,2,259
9,15.4,62,801,11,10,6,13,1026,80,1,246
10,15.4,62,801,11,10,6,13,1026,80,1,246
10,15.4,61.9,801,10,10,6,13,1027,82,1,290
10,15.4,61.9,801,11,10,6,13,1026,80,2,238
10,15.4,61.9,801,10,10,6,13,1027,82,1,290
10,15.4,61.8,801,10,10,6,13,1027,82,1,290
10,15.4,61.7,800,11,10,9,14,1027,81,2,311
10,15.5,61.6,801,11,10,7,14,1027,81,2,311
10,15.8,61.1,800,11,11,9,14,1027,81,2,311
10,16.2,60.9,800,11,11,9,14,1027,81,2,311
10,16.5,61.4,800,12,11,9,14,1027,79,0,303
10,16.8,61.6,800,12,11,10,14,1027,79,0,303
10,17,61.7,800,12,11,10,14,1027,78,0,303
11,17.2,61.9,800,12,11,10,15,1026,76,0,350
11,17.3,61.9,800,12,11,11,15,1026,74,0,350
11,17.3,62.1,800,12,11,10,14,1027,76,0,15
11,17.3,62.5,800,12,11,10,14,1027,76,0,15
11,17.3,62.7,800,12,11,10,14,1027,76,0,15
11,17.3,62.8,800,12,12,10,15,1027,75,2,252
11,17.2,59.7,800,12,12,10,15,1026,75,1,248
11,17,59.6,800,12,12,10,15,1026,75,1,248
11,17.1,60.3,800,13,12,11,15,1027,74,1,268
11,17.2,60.6,800,13,12,11,15,1027,74,1,268
11,17.3,61.1,800,13,12,11,15,1026,74,0,276
11,17.3,61.2,800,13,12,11,15,1026,74,0,307
11,17.4,61.3,800,13,13,11,15,1026,74,0,307
12,17.5,61.6,800,13,13,11,15,1026,74,0,307
12,17.6,61.5,800,13,13,11,15,1026,74,0,307
12,17.8,61.1,800,14,13,12,15,1026,73,1,352
12,18,60.8,800,14,13,12,15,1026,73,1,352
12,18.2,60.3,800,14,13,12,15,1026,73,1,352
12,18.4,60,800,14,13,11,16,1026,71,1,316
12,18.5,59.8,800,14,13,11,16,1026,71,1,316
12,18.7,59.5,800,14,13,11,16,1026,71,1,316
12,18.7,58.7,800,14,13,12,17,1026,71,1,304
12,18.6,57.6,800,14,13,12,17,1026,71,1,304
12,18.8,57.9,801,14,13,12,16,1026,70,1,304
12,19,58.2,801,14,13,12,16,1026,70,1,304
13,19,58.5,801,14,13,13,17,1026,70,1,302
13,19.2,58.7,801,14,13,13,16,1026,70,1,302
13,19.3,58.9,801,14,13,13,17,1026,70,1,302
13,19.4,59,801,14,14,13,17,1026,69,0,284
13,19.4,59.1,801,14,14,13,17,1026,69,0,322
13,19.5,59.2,801,14,14,13,18,1025,69,0,322
13,19.6,59.2,801,14,14,13,17,1026,69,0,322
13,19.5,59.2,801,14,14,13,17,1026,69,0,322
13,19,55.4,801,15,14,13,19,1025,69,0,135
13,18.6,56.9,801,15,14,13,19,1025,69,0,135
13,18.4,57.9,801,15,14,13,19,1025,69,0,135
13,18.2,58.8,801,15,14,13,19,1025,69,0,135
13,18.1,59.6,801,15,14,13,18,1025,69,1,143
14,18,60.5,801,15,14,13,18,1025,69,1,143
14,18,61.4,801,15,14,13,19,1025,69,0,139
14,17.9,62.6,801,15,14,13,19,1025,69,0,139
14,17.9,64,801,15,14,13,19,1025,70,0,139
14,17.8,65.1,801,15,14,13,19,1025,70,0,139
14,17.8,65,801,15,15,13,19,1025,71,0,133
14,17.8,64.8,801,15,14,13,19,1025,71,0,133
14,17.8,64.8,801,15,15,13,19,1025,70,0,133
14,17.7,64.8,801,15,15,13,18,1025,71,0,127
14,17.7,64.8,801,15,15,13,18,1025,71,0,127
14,17.7,65.2,801,15,15,13,19,1025,72,0,131
14,17.7,65.3,801,15,15,13,19,1025,72,0,131
15,17.6,65.5,801,15,15,13,19,1025,72,0,131
15,17.6,65.7,801,15,15,13,19,1025,72,0,131
15,17.5,65.9,801,15,14,13,19,1025,73,0,86
15,17.5,66,801,15,14,13,19,1025,73,0,86
15,17.5,66.2,801,15,15,13,20,1025,73,0,115
15,17.5,66.5,801,15,15,13,19,1024,73,0,86
15,17.5,66.6,801,15,15,13,20,1025,73,0,115
15,17.6,68.5,801,15,15,13,20,1025,73,0,115
15,18,68,801,15,14,13,19,1025,74,1,103
15,18.4,67.3,801,15,15,13,20,1025,74,1,103
15,18.7,66.9,801,15,14,13,19,1025,75,1,101
15,18.9,66.6,801,15,14,13,19,1025,75,1,101
16,19.1,66.4,801,15,14,13,19,1025,75,1,101
16,19.2,66.1,801,15,14,13,19,1025,75,1,0
16,19.4,65.9,801,15,14,13,19,1025,75,1,0
16,19.5,65.8,801,15,14,13,20,1025,75,2,110
16,19.6,65.8,801,15,14,13,20,1025,75,2,110
16,19.5,66.2,800,15,14,13,19,1025,76,2,110
16,19.4,66.1,800,15,14,13,19,1025,76,2,110
16,19.3,66.5,800,15,14,13,19,1025,76,2,110
16,19.3,66.8,800,14,14,12,17,1025,77,0,241
16,19.3,66.9,800,14,14,12,17,1025,77,0,241
16,19.3,66.9,800,14,13,12,16,1025,79,2,110
16,19.3,66.9,800,14,13,12,16,1025,79,2,110
16,19.3,67,800,14,13,12,16,1025,79,2,110
17,19.3,67.2,800,14,13,12,16,1025,79,2,110
17,19.3,67.2,800,14,13,12,16,1025,79,2,110
17,19.3,68.4,800,14,13,12,16,1025,79,0,284
17,19.1,66.9,800,14,13,12,16,1025,79,0,284
17,18.9,66.2,801,13,13,11,16,1025,80,0,288
17,18.9,66,801,13,13,11,16,1025,80,1,100
17,19.1,67.6,801,13,13,11,16,1025,80,1,100
17,19.1,68.3,801,13,13,11,16,1025,80,1,100
17,19.2,68.8,801,13,12,11,15,1025,81,1,100
17,19.2,69,801,13,12,10,15,1025,81,1,90
17,19.4,69.1,801,13,12,11,15,1025,81,1,100
17,19.4,69.3,801,13,12,10,15,1025,81,1,90
18,19.5,69.6,801,12,12,10,15,1025,81,1,90
18,19.5,69.6,801,12,12,10,15,1025,81,1,90
18,19.5,69.6,801,12,11,10,14,1024,81,1,90
18,19.6,69.7,801,12,12,11,14,1025,81,1,90
18,19.5,70,801,12,11,10,14,1025,81,0,0
18,19.5,70.1,801,12,11,10,13,1025,81,0,0
18,19.6,70.1,801,12,11,10,13,1025,81,0,0
18,19.6,70.3,801,12,11,10,13,1024,81,0,0
18,19.6,70.3,801,12,11,9,13,1025,81,0,0
18,19.7,70.2,801,12,11,9,13,1025,81,0,0
18,19.7,70,801,12,11,9,13,1025,81,0,0
18,19.8,70.1,801,12,11,9,13,1025,81,0,0
19,19.8,70.1,801,11,11,10,13,1025,81,0,0
19,19.8,70.1,801,11,11,10,13,1025,81,0,0
19,19.8,70.1,801,11,11,10,14,1024,81,0,0
19,19.8,70.7,801,11,10,10,13,1025,81,0,0
19,19.7,70.9,801,11,10,10,13,1025,81,0,0
19,19.5,70.8,801,11,10,9,13,1025,81,1,260
19,19.3,70.1,801,11,10,9,13,1025,81,1,260
19,19.1,70.2,801,11,10,9,13,1025,81,1,260
19,19,70.3,801,11,10,9,14,1025,80,1,260
19,18.9,70.2,801,11,10,9,13,1025,80,1,260
19,18.9,70.3,800,11,10,9,13,1025,80,2,270
19,18.8,70.1,800,11,10,9,13,1025,80,2,270
19,18.7,70,800,11,10,9,14,1024,80,2,270
20,18.7,70,800,11,10,8,13,1025,80,2,270
20,18.6,69.9,800,11,10,8,13,1025,80,2,270
20,18.6,69.7,800,11,10,8,13,1025,80,2,270
20,18.5,69.7,800,11,10,8,13,1025,80,2,270
20,18.5,69.6,800,11,10,8,13,1025,80,2,270
20,18.4,69.5,800,11,10,8,13,1025,79,1,0
20,18.4,69.5,800,11,10,8,13,1025,79,1,0
20,18.4,69.5,800,11,10,8,13,1025,79,1,0
20,18.3,69.3,800,11,10,8,13,1025,79,1,0
20,18.3,69.3,800,11,10,8,13,1025,79,1,0
20,18.2,69.2,800,10,10,8,13,1025,79,2,330
20,18.2,69.1,800,10,10,8,13,1025,79,2,330
21,18.2,69,800,10,10,8,13,1025,80,2,330
21,18.1,68.9,800,10,10,8,13,1025,80,2,330
21,18.1,69.1,800,10,10,8,13,1025,80,2,330
21,18.1,69.2,800,10,9,8,13,1025,80,1,0
21,18.2,69.9,800,10,10,8,13,1025,80,2,330
21,18.2,70.3,800,10,9,8,13,1025,80,1,0
21,18.2,70.7,800,10,9,7,13,1025,78,1,0
21,18.2,70.8,800,10,9,7,13,1026,78,1,0
21,18.3,71,800,10,9,8,13,1026,78,1,0
21,18.3,71.1,800,10,9,8,13,1026,78,1,0
21,18.3,71.1,800,10,9,6,13,1026,78,1,0
21,18.4,71.2,800,11,10,6,14,1025,77,2,330
21,18.4,71.3,800,11,10,6,14,1025,77,2,330
22,18.4,71.3,800,11,10,6,14,1025,77,2,330
22,18.4,71.3,800,11,10,6,14,1025,77,2,330
22,18.4,71.3,800,10,10,6,14,1025,78,2,330
22,18.4,71.3,800,10,10,6,14,1025,78,2,330
22,18.4,71.3,800,10,10,6,14,1025,78,2,330
22,18.5,71.3,801,10,9,6,14,1025,78,3,320
22,18.5,71.2,801,10,9,6,14,1025,78,3,320
22,18.5,71.1,801,10,9,7,14,1025,77,3,320
22,18.5,70.9,801,10,10,7,12,1025,78,0,255
22,18.5,70.6,801,10,10,7,12,1025,77,0,255
22,18.5,70.3,801,10,10,7,12,1025,78,0,255
22,18.5,70.1,801,10,8,6,12,1025,77,3,310
23,18.5,69.9,801,10,8,6,12,1025,77,3,310
23,18.5,69.7,801,10,9,7,13,1026,75,1,347
23,18.5,69.5,801,10,9,7,13,1026,75,1,347
23,18.5,69.2,801,10,10,7,13,1026,75,1,347
23,18.5,69,801,10,10,7,13,1026,75,1,347
23,18.5,68.9,801,10,10,7,13,1026,75,1,347
23,18.4,68.8,801,11,10,8,14,1026,74,3,330
23,18.3,68.7,801,11,10,8,14,1025,72,3,330
23,18.2,68.6,801,11,10,8,14,1026,72,3,330
23,18.2,68.6,800,11,10,8,14,1026,72,3,350
23,18.1,68.7,800,11,10,8,14,1025,72,3,350
23,18.1,68.6,800,11,10,8,14,1025,72,3,350
0,18,68.8,800,11,10,8,14,1026,72,3,350
0,18,68.8,800,11,10,8,14,1025,72,3,350
0,18,68.8,800,11,10,8,14,1026,72,3,350
0,17.9,68.7,800,10,10,8,12,1026,73,1,339
0,17.9,68.7,800,10,10,8,12,1026,73,1,339
0,17.9,68.7,800,10,10,8,12,1026,73,1,339
0,17.9,68.7,800,10,10,8,12,1026,72,0,346
0,17.9,68.6,800,10,8,8,12,1025,74,4,330
0,17.8,68.5,800,10,10,8,12,1026,74,0,346
0,17.8,68.4,801,10,7,8,12,1026,75,5,330
0,17.8,68.4,801,10,7,8,12,1026,75,5,330
0,17.7,68.3,800,10,8,8,12,1025,75,4,330
0,17.7,68.2,801,10,7,8,12,1026,74,5,330
1,17.7,68.2,801,10,7,8,12,1026,74,5,330
1,17.7,68.2,801,10,10,8,12,1026,75,0,299
1,17.7,68.1,801,10,10,8,12,1026,74,0,299
1,17.6,68.1,801,10,10,8,12,1026,74,0,299
1,17.6,68,800,10,10,7,13,1026,74,0,298
1,17.6,68,800,10,8,7,13,1026,74,4,330
1,17.6,68,800,10,10,7,12,1026,74,0,298
1,17.5,67.9,800,10,7,7,12,1026,74,4,330
1,17.5,67.9,800,10,8,7,12,1026,73,4,330
1,17.5,67.9,800,10,8,7,12,1026,73,4,330
1,17.5,67.8,800,10,8,7,12,1026,73,4,330
1,17.5,67.8,800,10,10,7,12,1026,73,0,297
2,17.5,67.8,800,10,10,7,12,1025,73,0,297
2,17.5,67.8,800,10,8,7,13,1025,73,4,330
2,17.4,67.7,800,10,8,7,13,1026,71,4,330
2,17.4,67.7,800,10,8,7,13,1026,71,4,330
2,17.4,67.7,800,10,10,7,13,1025,70,0,301
2,17.4,67.7,800,10,8,7,13,1026,71,4,330
2,17.4,67.6,800,10,10,7,13,1025,70,0,301
2,17.3,67.6,800,10,10,7,13,1025,70,0,301
2,17.3,67.5,800,10,10,7,13,1026,69,0,297
2,17.3,67.5,800,10,10,7,13,1026,69,0,280
2,17.3,67.5,800,10,10,7,13,1026,69,0,280
2,17.3,67.5,800,10,8,7,13,1025,68,4,330
3,17.2,67.4,800,10,8,7,13,1025,68,4,330
3,17.2,67.4,800,10,8,7,13,1025,68,4,330
3,17.2,67.4,800,10,10,7,13,1025,68,0,297
3,17.2,67.4,800,10,10,7,13,1025,68,0,297
3,17.2,67.3,800,10,10,7,13,1025,68,0,297
3,17.2,67.3,800,10,10,7,13,1025,68,1,295
3,17.1,67.2,800,10,10,7,13,1025,68,0,298
3,17.2,67.3,800,10,10,7,13,1025,68,0,298
3,17.1,67.2,800,10,10,7,13,1025,68,0,298
3,17.1,67.2,800,10,10,7,13,1025,67,0,297
3,17.1,67.2,800,10,10,7,13,1025,68,0,303
3,17.1,67.1,800,10,10,7,13,1025,68,0,303
3,17,67.1,800,10,9,7,13,1025,76,0,302
4,17.1,67.1,800,10,10,7,13,1025,68,0,302
4,17.1,67.1,800,10,10,7,13,1025,68,0,302
4,17,67.1,800,10,10,7,13,1025,68,0,299
4,17,67.1,801,10,10,7,13,1025,69,0,304
4,17,67.1,800,10,10,7,13,1025,69,0,299
4,17,67.1,801,10,9,7,13,1025,69,6,330
4,17,67,801,10,7,7,13,1025,69,6,330
4,16.9,67,801,10,9,7,13,1025,69,6,330
4,16.9,67,801,10,7,7,13,1025,69,6,330
4,16.9,67,801,10,7,7,13,1025,69,6,330
4,16.9,67,801,10,7,7,13,1025,69,6,330
4,16.9,66.9,801,10,7,7,13,1025,69,6,330
5,16.9,66.9,801,10,10,7,13,1025,70,1,305
5,16.9,66.9,801,10,8,7,13,1025,71,3,289
5,16.8,66.8,801,10,8,7,13,1025,71,3,289
5,16.8,66.8,801,10,8,7,13,1025,71,3,289
5,16.8,66.8,801,10,10,7,13,1025,72,0,298
5,16.8,66.8,801,10,10,7,13,1025,72,0,298
5,16.8,66.8,801,10,10,7,13,1025,72,0,298
5,16.8,66.8,801,10,7,7,13,1025,73,7,330
5,16.8,66.8,801,10,7,7,13,1025,74,7,330
5,16.8,66.8,801,10,7,7,13,1025,73,7,330
5,16.7,66.7,800,10,10,7,12,1025,74,0,249
5,16.7,66.7,800,10,10,7,13,1025,74,0,249
5,16.7,66.7,800,10,7,7,13,1025,74,6,330
6,16.7,66.6,800,10,7,7,13,1025,75,6,330
6,16.7,66.6,800,10,7,7,13,1025,75,6,330
6,16.7,66.6,800,10,10,7,13,1025,74,0,274
6,16.7,66.6,800,10,10,7,13,1025,74,0,274
6,16.7,66.6,800,10,10,7,12,1025,73,0,268
6,16.6,66.5,800,10,10,7,13,1025,72,1,278
6,16.6,66.5,800,10,10,7,13,1025,72,1,278
6,16.6,66.5,800,10,10,7,13,1025,72,1,278
6,16.6,66.5,800,10,10,7,13,1025,71,1,280
6,16.6,66.5,800,10,10,7,13,1025,71,1,280
6,16.6,66.5,800,10,10,7,13,1025,71,1,280
6,16.5,66.4,800,10,10,6,13,1025,71,1,255
7,16.5,66.4,800,10,10,6,13,1025,71,1,256
7,16.5,66.4,800,10,10,6,13,1025,71,1,256
7,16.5,66.4,800,10,10,6,13,1025,70,1,256
7,16.5,66.3,800,10,10,6,13,1025,70,1,256
7,16.5,66.3,800,10,10,6,13,1025,70,1,256
7,16.4,66.3,801,10,10,6,13,1025,70,1,256
7,16.4,66.3,801,10,9,6,13,1025,69,1,258
7,16.4,66.3,801,10,9,6,13,1025,69,1,258
7,16.4,66.2,801,9,9,6,13,1025,70,2,259
7,16.4,66.2,801,10,9,6,13,1025,69,2,259
7,16.4,66.2,801,10,9,6,13,1025,69,2,259
7,16.4,66.2,801,10,9,6,13,1025,69,2,250
8,16.4,66.1,801,10,9,6,13,1025,70,2,250
8,16.4,66.1,801,10,9,6,13,1025,69,2,250
8,16.4,66.1,801,10,8,6,12,1025,72,3,249
8,16.3,66,801,10,8,6,12,1025,72,3,249
8,16.3,65.9,801,10,8,6,12,1025,72,3,249
8,16.3,65.9,801,9,9,6,12,1026,72,2,245
8,16.3,65.9,801,9,9,6,12,1026,72,2,245
8,16.3,65.8,801,9,9,6,13,1026,72,1,298
8,16.3,65.7,801,9,9,6,13,1026,72,1,298
8,16.3,65.7,801,9,9,6,13,1026,72,1,298
8,16.3,65.7,801,9,9,6,13,1026,71,1,242
8,16.6,65.2,801,10,10,6,13,1026,70,1,242
8,16.8,64.5,801,10,10,6,13,1026,70,1,242
9,17.1,63.9,801,10,9,6,14,1026,69,0,322
9,17.3,63.3,801,10,9,6,14,1026,69,0,322
9,17.6,62.7,801,10,9,6,14,1026,69,0,322
9,17.8,62.2,801,10,9,6,14,1026,68,0,322
9,18.1,60.5,801,10,9,6,14,1026,68,0,322
9,18.1,61.9,801,10,9,6,14,1026,68,0,322
9,19.1,61.3,801,11,9,6,14,1026,68,2,253
9,20.7,57,801,11,10,6,14,1026,68,2,253
10,22.3,55.4,800,12,11,8,15,1026,64,1,259
10,21.8,56.5,801,14,13,11,16,1026,63,2,262
10,21.8,56,800,12,11,9,16,1026,65,1,287
10,21.9,56.3,801,13,12,11,15,1026,64,2,262
10,21.9,55.7,800,12,11,9,16,1026,65,1,287
10,22,55.3,800,12,11,9,16,1026,65,1,287
10,22.3,53.7,801,13,12,11,15,1026,64,2,262
10,22.3,53.8,800,12,11,9,16,1026,65,1,287
18,25.4,82,801,12,11,9,14,1019,82,0,70
18,25.9,60.8,801,12,11,9,14,1019,82,0,70
18,25.9,56.5,801,12,11,9,14,1019,82,0,70
18,25.9,56.1,801,12,11,9,14,1019,82,0,70
11,22.3,56.6,801,11,10,10,14,1022,80,3,340
11,22.1,57.7,801,11,10,10,14,1022,80,3,340
11,22.2,59.1,801,11,10,10,14,1022,80,3,340
11,22.2,57,801,11,10,10,14,1022,80,3,340
12,21.6,61.3,801,11,10,10,14,1021,80,0,13
12,21.7,60.9,801,11,10,10,14,1021,80,0,13
12,22.2,59.9,801,11,10,9,14,1021,82,3,340
12,22.4,59.4,801,11,10,10,14,1021,81,3,320
12,22.5,64.2,801,11,10,10,14,1021,82,3,320
12,22.2,60.7,801,11,10,10,14,1021,81,3,320
12,22.1,61.6,801,11,10,10,14,1021,81,3,320
12,22.2,61.8,801,11,11,10,14,1021,82,3,340
12,22.3,60.3,801,11,11,10,14,1021,82,3,340
13,22.3,61.5,801,11,11,10,14,1021,82,3,340