50.5,18,50.5,50.5,50.5,50.5,50.5,0,46
50.8,18,50.5,50.5,50.5,50.5,50.5,0,46
50.8,18,50.8,50.5,50.5,50.5,50.5,0,46
50.9,18,50.8,50.8,50.5,50.5,50.5,0,46
51.5,19,50.9,50.8,50.8,50.5,50.5,0,47
51.8,19,51.5,50.9,50.8,50.8,50.5,0,46
51.5,19,51.8,51.5,50.9,50.8,50.8,0,47
51.4,19,51.5,51.8,51.5,50.9,50.8,0,47
51.3,19,51.4,51.5,51.8,51.5,50.9,0,47
50.9,19,51.3,51.4,51.5,51.8,51.5,0,47
51,19,50.9,51.3,51.4,51.5,51.8,0,47
50.8,19,51,50.9,51.3,51.4,51.5,0,47
51.1,19,50.8,51,50.9,51.3,51.4,0,47
51.1,19,51.1,50.8,51,50.9,51.3,0,46
48.3,19,51.1,51.1,50.8,51,50.9,0,47
49.4,19,48.3,51.1,51.1,50.8,51,0,47
50.3,19,49.4,48.3,51.1,51.1,50.8,0,48
50.6,19,50.3,49.4,48.3,51.1,51.1,0,48
50.5,19,50.6,50.3,49.4,48.3,51.1,0,49
49.9,19,50.5,50.6,50.3,49.4,48.3,0,49
49.6,19,49.9,50.5,50.6,50.3,49.4,0,49
50.1,19,49.6,49.9,50.5,50.6,50.3,0,49
50.1,19,50.1,49.6,49.9,50.5,50.6,0,49
50.2,20,50.1,50.1,49.6,49.9,50.5,0,49
50.4,20,50.2,50.1,50.1,49.6,49.9,0,49
50.4,20,50.4,50.2,50.1,50.1,49.6,0,49
50.5,20,50.4,50.4,50.2,50.1,50.1,0,49
50.9,20,50.5,50.4,50.4,50.2,50.1,0,49
51,20,50.9,50.5,50.4,50.4,50.2,0,49
51.4,20,51,50.9,50.5,50.4,50.4,0,49
51.3,20,51.4,51,50.9,50.5,50.4,0,49
51.4,20,51.3,51.4,51,50.9,50.5,0,49
51.2,20,51.4,51.3,51.4,51,50.9,0,49
51,20,51.2,51.4,51.3,51.4,51,0,49
50.9,20,51,51.2,51.4,51.3,51.4,0,50
50.6,21,50.9,51,51.2,51.4,51.3,0,50
50.4,21,50.6,50.9,51,51.2,51.4,0,50
50.2,21,50.4,50.6,50.9,51,51.2,0,50
50.3,21,50.2,50.4,50.6,50.9,51,0,50
50.2,21,50.3,50.2,50.4,50.6,50.9,0,50
50.2,21,50.2,50.3,50.2,50.4,50.6,0,50
50.2,21,50.2,50.2,50.3,50.2,50.4,0,50
50.2,21,50.2,50.2,50.2,50.3,50.2,0,50
49.8,21,50.2,50.2,50.2,50.2,50.3,0,51
50.3,21,49.8,50.2,50.2,50.2,50.2,0,51
50.2,21,50.3,49.8,50.2,50.2,50.2,0,51
50.4,21,50.2,50.3,49.8,50.2,50.2,0,52
50.6,21,50.4,50.2,50.3,49.8,50.2,0,52
50.9,22,50.6,50.4,50.2,50.3,49.8,0,52
51,22,50.9,50.6,50.4,50.2,50.3,0,53
51.2,22,51,50.9,50.6,50.4,50.2,0,53
51.4,22,51.2,51,50.9,50.6,50.4,0,53
51.7,22,51.4,51.2,51,50.9,50.6,0,54
51.7,22,51.7,51.4,51.2,51,50.9,0,54
51.8,22,51.7,51.7,51.4,51.2,51,0,54
51.9,22,51.8,51.7,51.7,51.4,51.2,0,54
52,22,51.9,51.8,51.7,51.7,51.4,0,54
52,22,52,51.9,51.8,51.7,51.7,0,54
52,22,52,52,51.9,51.8,51.7,0,55
52,22,52,52,52,51.9,51.8,0,55
52.2,23,52,52,52,52,51.9,0,55
52.4,23,52.2,52,52,52,52,0,55
52.4,23,52.4,52.2,52,52,52,0,55
52.5,23,52.4,52.4,52.2,52,52,0,55
52.6,23,52.5,52.4,52.4,52.2,52,0,55
52.9,23,52.6,52.5,52.4,52.4,52.2,0,55
53,23,52.9,52.6,52.5,52.4,52.4,0,56
53.3,23,53,52.9,52.6,52.5,52.4,0,56
53.4,23,53.3,53,52.9,52.6,52.5,0,56
53.5,23,53.4,53.3,53,52.9,52.6,0,58
53.5,23,53.5,53.4,53.3,53,52.9,0,58
53.7,23,53.5,53.5,53.4,53.3,53,0,58
53.8,23,53.7,53.5,53.5,53.4,53.3,0,58
53.8,0,53.8,53.7,53.5,53.5,53.4,0,58
53.7,0,53.8,53.8,53.7,53.5,53.5,0,58
53.7,0,53.7,53.8,53.8,53.7,53.5,0,58
53.7,0,53.7,53.7,53.8,53.8,53.7,0,59
53.7,0,53.7,53.7,53.7,53.8,53.8,0,59
53.7,0,53.7,53.7,53.7,53.7,53.8,0,59
53.7,0,53.7,53.7,53.7,53.7,53.7,0,59
53.8,0,53.7,53.7,53.7,53.7,53.7,0,59
53.8,0,53.8,53.7,53.7,53.7,53.7,0,60
53.8,0,53.8,53.8,53.7,53.7,53.7,0,60
53.9,0,53.8,53.8,53.8,53.7,53.7,0,60
54,0,53.9,53.8,53.8,53.8,53.7,0,61
54,1,54,53.9,53.8,53.8,53.8,0,61
54.1,1,54,54,53.9,53.8,53.8,0,61
54.1,1,54.1,54,54,53.9,53.8,0,61
54.2,1,54.1,54.1,54,54,53.9,0,61
54.2,1,54.2,54.1,54.1,54,54,0,62
54.3,1,54.2,54.2,54.1,54.1,54,0,62
54.3,1,54.3,54.2,54.2,54.1,54.1,0,62
54.4,1,54.3,54.3,54.2,54.2,54.1,0,62
54.5,1,54.4,54.3,54.3,54.2,54.2,0,62
54.5,1,54.5,54.4,54.3,54.3,54.2,0,62
54.6,1,54.5,54.5,54.4,54.3,54.3,0,62
54.6,1,54.6,54.5,54.5,54.4,54.3,0,63
54.6,2,54.6,54.6,54.5,54.5,54.4,0,63
54.7,2,54.6,54.6,54.6,54.5,54.5,0,63
54.7,2,54.7,54.6,54.6,54.6,54.5,0,63
54.7,2,54.7,54.7,54.6,54.6,54.6,0,63
54.7,2,54.7,54.7,54.7,54.6,54.6,0,63
54.8,2,54.7,54.7,54.7,54.7,54.6,0,64
54.8,2,54.8,54.7,54.7,54.7,54.7,0,64
54.9,2,54.8,54.8,54.7,54.7,54.7,0,64
54.9,2,54.9,54.8,54.8,54.7,54.7,0,64
54.9,2,54.9,54.9,54.8,54.8,54.7,0,64
54.9,2,54.9,54.9,54.9,54.8,54.8,0,64
54.9,2,54.9,54.9,54.9,54.9,54.8,0,63
54.9,2,54.9,54.9,54.9,54.9,54.9,0,63
54.9,3,54.9,54.9,54.9,54.9,54.9,0,63
55,3,54.9,54.9,54.9,54.9,54.9,0,63
54.9,3,55,54.9,54.9,54.9,54.9,0,63
55,3,54.9,55,54.9,54.9,54.9,0,63
55,3,55,54.9,55,54.9,54.9,0,63
55,3,55,55,54.9,55,54.9,0,64
55,3,55,55,55,54.9,55,0,64
55,3,55,55,55,55,54.9,0,64
55,3,55,55,55,55,55,0,64
55,3,55,55,55,55,55,0,64
55,3,55,55,55,55,55,0,64
55,3,55,55,55,55,55,0,64
55,4,55,55,55,55,55,0,64
55,4,55,55,55,55,55,0,64
55,4,55,55,55,55,55,0,64
55,4,55,55,55,55,55,0,65
55,4,55,55,55,55,55,0,65
55,4,55,55,55,55,55,0,65
55,4,55,55,55,55,55,0,66
54.9,4,55,55,55,55,55,0,66
54.9,4,54.9,55,55,55,55,0,67
54.9,4,54.9,54.9,55,55,55,0,67
54.9,4,54.9,54.9,54.9,55,55,0,67
54.9,4,54.9,54.9,54.9,54.9,55,0,67
54.8,4,54.9,54.9,54.9,54.9,54.9,0,68
54.8,5,54.8,54.9,54.9,54.9,54.9,0,68
54.7,5,54.8,54.8,54.9,54.9,54.9,0,68
54.7,5,54.7,54.8,54.8,54.9,54.9,0,68
54.7,5,54.7,54.7,54.8,54.8,54.9,0,68
54.6,5,54.7,54.7,54.7,54.8,54.8,0,68
54.5,5,54.6,54.7,54.7,54.7,54.8,0,68
54.6,5,54.5,54.6,54.7,54.7,54.7,0,68
54.5,5,54.6,54.5,54.6,54.7,54.7,0,68
54.5,5,54.5,54.6,54.5,54.6,54.7,0,68
54.5,5,54.5,54.5,54.6,54.5,54.6,0,68
54.5,5,54.5,54.5,54.5,54.6,54.5,0,68
54.5,5,54.5,54.5,54.5,54.5,54.6,0,68
54.5,6,54.5,54.5,54.5,54.5,54.5,0,68
54.5,6,54.5,54.5,54.5,54.5,54.5,0,68
54.5,6,54.5,54.5,54.5,54.5,54.5,0,68
54.5,6,54.5,54.5,54.5,54.5,54.5,0,68
54.4,6,54.5,54.5,54.5,54.5,54.5,0,68
54.4,6,54.4,54.5,54.5,54.5,54.5,0,68
54.4,6,54.4,54.4,54.5,54.5,54.5,0,68
54.4,6,54.4,54.4,54.4,54.5,54.5,0,68
54.3,6,54.4,54.4,54.4,54.4,54.5,0,68
54.3,6,54.3,54.4,54.4,54.4,54.4,0,68
54.3,6,54.3,54.3,54.4,54.4,54.4,0,68
54.3,6,54.3,54.3,54.3,54.4,54.4,0,68
54.3,7,54.3,54.3,54.3,54.3,54.4,0,68
54.3,7,54.3,54.3,54.3,54.3,54.3,0,68
54.3,7,54.3,54.3,54.3,54.3,54.3,0,69
54.2,7,54.3,54.3,54.3,54.3,54.3,0,69
54.1,7,54.2,54.3,54.3,54.3,54.3,0,69
54.1,7,54.1,54.2,54.3,54.3,54.3,0,69
54.1,7,54.1,54.1,54.2,54.3,54.3,0,69
54.1,7,54.1,54.1,54.1,54.2,54.3,0,69
54.1,7,54.1,54.1,54.1,54.1,54.2,0,69
54.1,7,54.1,54.1,54.1,54.1,54.1,0,69
54.1,7,54.1,54.1,54.1,54.1,54.1,0,69
54,7,54.1,54.1,54.1,54.1,54.1,0,69
54,7,54,54.1,54.1,54.1,54.1,0,69
54.1,8,54,54,54.1,54.1,54.1,0,69
54,8,54.1,54,54,54.1,54.1,0,69
54.1,8,54,54.1,54,54,54.1,0,69
54.1,8,54.1,54,54.1,54,54,0,69
54.1,8,54.1,54.1,54,54.1,54,0,69
54.1,8,54.1,54.1,54.1,54,54.1,0,69
54.1,8,54.1,54.1,54.1,54.1,54,0,69
54.1,8,54.1,54.1,54.1,54.1,54.1,0,69
54,8,54.1,54.1,54.1,54.1,54.1,0,68
54,8,54,54.1,54.1,54.1,54.1,0,68
54,8,54,54,54.1,54.1,54.1,0,68
53.9,8,54,54,54,54.1,54.1,0,68
57.6,8,53.9,54,54,54,54.1,0,68
58.6,9,57.6,53.9,54,54,54,0,68
53.8,9,58.6,57.6,53.9,54,54,0,68
53.3,9,53.8,58.6,57.6,53.9,54,0,68
53.1,9,53.3,53.8,58.6,57.6,53.9,0,68
52.3,9,53.1,53.3,53.8,58.6,57.6,0,68
51.5,9,52.3,53.1,53.3,53.8,58.6,0,68
51.2,9,51.5,52.3,53.1,53.3,53.8,0,67
50.5,9,51.2,51.5,52.3,53.1,53.3,0,67
50.6,9,50.5,51.2,51.5,52.3,53.1,0,67
50.9,9,50.6,50.5,51.2,51.5,52.3,0,67
51.2,9,50.9,50.6,50.5,51.2,51.5,0,66
51.4,9,51.2,50.9,50.6,50.5,51.2,0,66
51.4,10,51.4,51.2,50.9,50.6,50.5,0,66
51.3,10,51.4,51.4,51.2,50.9,50.6,0,66
51.3,10,51.3,51.4,51.4,51.2,50.9,0,66
47,10,51.3,51.3,51.4,51.4,51.2,0,65
46.8,10,47,51.3,51.3,51.4,51.4,0,64
45.8,10,46.8,47,51.3,51.3,51.4,0,64
45.4,10,45.8,46.8,47,51.3,51.3,0,63
45.5,10,45.4,45.8,46.8,47,51.3,0,63
44.7,10,45.5,45.4,45.8,46.8,47,0,63
44.6,10,44.7,45.5,45.4,45.8,46.8,0,63
44.8,10,44.6,44.7,45.5,45.4,45.8,0,63
53,10,44.8,44.6,44.7,45.5,45.4,0,60
52.5,11,53,44.8,44.6,44.7,45.5,0,60
50,11,52.5,53,44.8,44.6,44.7,0,58
46.3,11,50,52.5,53,44.8,44.6,0,58
46.1,11,46.3,50,52.5,53,44.8,0,58
46.2,11,46.1,46.3,50,52.5,53,0,58
45.6,11,46.2,46.1,46.3,50,52.5,0,58
45.7,11,45.6,46.2,46.1,46.3,50,0,58
45,11,45.7,45.6,46.2,46.1,46.3,0,58
45.5,11,45,45.7,45.6,46.2,46.1,0,58
46,11,45.5,45,45.7,45.6,46.2,0,58
46.4,11,46,45.5,45,45.7,45.6,0,58
46.1,11,46.4,46,45.5,45,45.7,0,58
45.1,11,46.1,46.4,46,45.5,45,0,58
45.9,12,45.1,46.1,46.4,46,45.5,0,58
45.5,12,45.9,45.1,46.1,46.4,46,0,58
45.4,12,45.5,45.9,45.1,46.1,46.4,0,58
45.3,12,45.4,45.5,45.9,45.1,46.1,0,58
45,12,45.3,45.4,45.5,45.9,45.1,0,58
45,12,45,45.3,45.4,45.5,45.9,0,57
45.6,12,45,45,45.3,45.4,45.5,0,57
45.8,12,45.6,45,45,45.3,45.4,0,57
46.5,12,45.8,45.6,45,45,45.3,0,56
46.6,12,46.5,45.8,45.6,45,45,0,55
47.5,12,46.6,46.5,45.8,45.6,45,0,56
47.2,12,47.5,46.6,46.5,45.8,45.6,0,55
46.6,13,47.2,47.5,46.6,46.5,45.8,0,55
46,13,46.6,47.2,47.5,46.6,46.5,0,55
46.6,13,46,46.6,47.2,47.5,46.6,0,54
46.2,13,46.6,46,46.6,47.2,47.5,0,54
46.2,13,46.2,46.6,46,46.6,47.2,0,54
46.4,13,46.2,46.2,46.6,46,46.6,0,54
46.5,13,46.4,46.2,46.2,46.6,46,0,54
46.6,13,46.5,46.4,46.2,46.2,46.6,0,53
46.6,13,46.6,46.5,46.4,46.2,46.2,0,54
46.6,13,46.6,46.6,46.5,46.4,46.2,0,53
46.7,13,46.6,46.6,46.6,46.5,46.4,0,52
46.7,13,46.7,46.6,46.6,46.6,46.5,0,52
46.7,14,46.7,46.7,46.6,46.6,46.6,0,52
46.8,14,46.7,46.7,46.7,46.6,46.6,0,51
47.1,14,46.8,46.7,46.7,46.7,46.6,0,52
46.9,14,47.1,46.8,46.7,46.7,46.7,0,51
46.5,14,46.9,47.1,46.8,46.7,46.7,0,51
46.2,14,46.5,46.9,47.1,46.8,46.7,0,51
46.1,14,46.2,46.5,46.9,47.1,46.8,0,51
45.9,14,46.1,46.2,46.5,46.9,47.1,0,51
45.8,14,45.9,46.1,46.2,46.5,46.9,0,51
45.8,14,45.8,45.9,46.1,46.2,46.5,0,52
45.8,14,45.8,45.8,45.9,46.1,46.2,0,52
45.7,14,45.8,45.8,45.8,45.9,46.1,0,52
45.8,14,45.7,45.8,45.8,45.8,45.9,0,53
46.1,15,45.8,45.7,45.8,45.8,45.8,0,53
46.3,15,46.1,45.8,45.7,45.8,45.8,0,53
46.8,15,46.3,46.1,45.8,45.7,45.8,0,53
48.1,15,46.8,46.3,46.1,45.8,45.7,0,53
48.9,15,48.1,46.8,46.3,46.1,45.8,0,53
49.5,15,48.9,48.1,46.8,46.3,46.1,0,54
49.8,15,49.5,48.9,48.1,46.8,46.3,0,54
49.6,15,49.8,49.5,48.9,48.1,46.8,0,54
48.9,15,49.6,49.8,49.5,48.9,48.1,0,54
48.8,15,48.9,49.6,49.8,49.5,48.9,0,54
48.8,15,48.8,48.9,49.6,49.8,49.5,0,55
49,15,48.8,48.8,48.9,49.6,49.8,0,55
49.2,16,49,48.8,48.8,48.9,49.6,0,55
49.3,16,49.2,49,48.8,48.8,48.9,0,56
49.5,16,49.3,49.2,49,48.8,48.8,0,56
49.6,16,49.5,49.3,49.2,49,48.8,0,56
49.7,16,49.6,49.5,49.3,49.2,49,0,56
49.9,16,49.7,49.6,49.5,49.3,49.2,0,57
50,16,49.9,49.7,49.6,49.5,49.3,0,57
50.3,16,50,49.9,49.7,49.6,49.5,0,57
50.3,16,50.3,50,49.9,49.7,49.6,0,57
50.4,16,50.3,50.3,50,49.9,49.7,0,58
50.6,16,50.4,50.3,50.3,50,49.9,0,58
50.8,16,50.6,50.4,50.3,50.3,50,0,58
50.4,17,50.8,50.6,50.4,50.3,50.3,0,58
49,17,50.4,50.8,50.6,50.4,50.3,0,58
49.6,17,49,50.4,50.8,50.6,50.4,0,59
50.1,17,49.6,49,50.4,50.8,50.6,0,59
50.5,17,50.1,49.6,49,50.4,50.8,0,60
50.7,17,50.5,50.1,49.6,49,50.4,0,60
51.1,17,50.7,50.5,50.1,49.6,49,0,60
51.4,17,51.1,50.7,50.5,50.1,49.6,0,61
51.7,17,51.4,51.1,50.7,50.5,50.1,0,61
52,17,51.7,51.4,51.1,50.7,50.5,0,61
52.2,17,52,51.7,51.4,51.1,50.7,0,62
52.5,17,52.2,52,51.7,51.4,51.1,0,62
52.6,18,52.5,52.2,52,51.7,51.4,0,63
52.7,18,52.6,52.5,52.2,52,51.7,0,63
52.8,18,52.7,52.6,52.5,52.2,52,0,63
52.9,18,52.8,52.7,52.6,52.5,52.2,0,63
53,18,52.9,52.8,52.7,52.6,52.5,0,64
52.8,18,53,52.9,52.8,52.7,52.6,0,64
53.2,18,52.8,53,52.9,52.8,52.7,0,64
53.1,18,53.2,52.8,53,52.9,52.8,0,65
53.1,18,53.1,53.2,52.8,53,52.9,0,64
53.2,18,53.1,53.1,53.2,52.8,53,0,65
53.4,18,53.2,53.1,53.1,53.2,52.8,0,65
53.5,18,53.4,53.2,53.1,53.1,53.2,0,66
53.6,19,53.5,53.4,53.2,53.1,53.1,0,66
53.7,19,53.6,53.5,53.4,53.2,53.1,0,66
53.8,19,53.7,53.6,53.5,53.4,53.2,0,66
53.7,19,53.8,53.7,53.6,53.5,53.4,0,66
53.8,19,53.7,53.8,53.7,53.6,53.5,0,67
53.7,19,53.8,53.7,53.8,53.7,53.6,0,67
53.1,19,53.7,53.8,53.7,53.8,53.7,0,67
53.5,19,53.1,53.7,53.8,53.7,53.8,0,67
53.6,19,53.5,53.1,53.7,53.8,53.7,0,67
53.8,19,53.6,53.5,53.1,53.7,53.8,0,67
53.8,19,53.8,53.6,53.5,53.1,53.7,0,68
53.9,19,53.8,53.8,53.6,53.5,53.1,0,68
54.2,19,53.9,53.8,53.8,53.6,53.5,0,68
54.2,20,54.2,53.9,53.8,53.8,53.6,0,68
54.5,20,54.2,54.2,53.9,53.8,53.8,0,69
54.6,20,54.5,54.2,54.2,53.9,53.8,0,69
54.6,20,54.6,54.5,54.2,54.2,53.9,0,69
54.7,20,54.6,54.6,54.5,54.2,54.2,0,69
54.8,20,54.7,54.6,54.6,54.5,54.2,0,69
54.9,20,54.8,54.7,54.6,54.6,54.5,0,69
54.9,20,54.9,54.8,54.7,54.6,54.6,0,70
55,20,54.9,54.9,54.8,54.7,54.6,0,70
55,20,55,54.9,54.9,54.8,54.7,0,70
55,20,55,55,54.9,54.9,54.8,0,70
55.1,20,55,55,55,54.9,54.9,0,72
55.2,21,55.1,55,55,55,54.9,0,70
55.2,21,55.2,55.1,55,55,55,0,70
55.3,21,55.2,55.2,55.1,55,55,0,71
55.3,21,55.3,55.2,55.2,55.1,55,0,71
55.3,21,55.3,55.3,55.2,55.2,55.1,0,71
55.3,21,55.3,55.3,55.3,55.2,55.2,0,71
55.4,21,55.3,55.3,55.3,55.3,55.2,0,71
55.5,21,55.4,55.3,55.3,55.3,55.3,0,71
55.5,21,55.5,55.4,55.3,55.3,55.3,0,71
55.4,21,55.5,55.5,55.4,55.3,55.3,0,71
55.3,21,55.4,55.5,55.5,55.4,55.3,0,71
55.3,21,55.3,55.4,55.5,55.5,55.4,0,71
55.6,22,55.3,55.3,55.4,55.5,55.5,0,71
55.8,22,55.6,55.3,55.3,55.4,55.5,0,71
56.1,22,55.8,55.6,55.3,55.3,55.4,0,72
56.5,22,56.1,55.8,55.6,55.3,55.3,0,71
56.8,22,56.5,56.1,55.8,55.6,55.3,0,71
57.1,22,56.8,56.5,56.1,55.8,55.6,0,72
57.2,22,57.1,56.8,56.5,56.1,55.8,0,72
57.3,22,57.2,57.1,56.8,56.5,56.1,0,72
57.6,22,57.3,57.2,57.1,56.8,56.5,0,72
57.7,22,57.6,57.3,57.2,57.1,56.8,0,72
57.8,22,57.7,57.6,57.3,57.2,57.1,0,72
57.9,22,57.8,57.7,57.6,57.3,57.2,0,73
57.9,22,57.9,57.8,57.7,57.6,57.3,0,73
57.7,23,57.9,57.9,57.8,57.7,57.6,0,73
57.6,23,57.7,57.9,57.9,57.8,57.7,0,73
57.4,23,57.6,57.7,57.9,57.9,57.8,0,73
57.3,23,57.4,57.6,57.7,57.9,57.9,0,73
57.2,23,57.3,57.4,57.6,57.7,57.9,0,73
57,23,57.2,57.3,57.4,57.6,57.7,0,75
57,23,57,57.2,57.3,57.4,57.6,0,75
56.9,23,57,57,57.2,57.3,57.4,0,75
56.9,23,56.9,57,57,57.2,57.3,0,74
56.8,23,56.9,56.9,57,57,57.2,0,75
56.7,23,56.8,56.9,56.9,57,57,0,74
56.6,23,56.7,56.8,56.9,56.9,57,0,74
56.6,0,56.6,56.7,56.8,56.9,56.9,0,74
56.5,0,56.6,56.6,56.7,56.8,56.9,0,74
56.5,0,56.5,56.6,56.6,56.7,56.8,0,75
56.4,0,56.5,56.5,56.6,56.6,56.7,0,75
56.4,0,56.4,56.5,56.5,56.6,56.6,0,75
56.4,0,56.4,56.4,56.5,56.5,56.6,0,75
56.4,0,56.4,56.4,56.4,56.5,56.5,0,75
56.3,0,56.4,56.4,56.4,56.4,56.5,0,75
56.3,0,56.3,56.4,56.4,56.4,56.4,0,75
56.3,0,56.3,56.3,56.4,56.4,56.4,0,75
56.2,0,56.3,56.3,56.3,56.4,56.4,0,76
56.2,0,56.2,56.3,56.3,56.3,56.4,0,76
56.2,0,56.2,56.2,56.3,56.3,56.3,0,76
56.2,1,56.2,56.2,56.2,56.3,56.3,0,76
56.2,1,56.2,56.2,56.2,56.2,56.3,0,78
56.1,1,56.2,56.2,56.2,56.2,56.2,0,78
56.1,1,56.1,56.2,56.2,56.2,56.2,0,78
56.1,1,56.1,56.1,56.2,56.2,56.2,0,78
56.1,1,56.1,56.1,56.1,56.2,56.2,0,78
56.1,1,56.1,56.1,56.1,56.1,56.2,0,78
56.1,1,56.1,56.1,56.1,56.1,56.1,0,78
56.1,1,56.1,56.1,56.1,56.1,56.1,0,78
56.1,1,56.1,56.1,56.1,56.1,56.1,0,78
56,1,56.1,56.1,56.1,56.1,56.1,0,78
56,1,56,56.1,56.1,56.1,56.1,0,77
56,2,56,56,56.1,56.1,56.1,0,77
56,2,56,56,56,56.1,56.1,0,77
56,2,56,56,56,56,56.1,0,77
56,2,56,56,56,56,56,0,77
56,2,56,56,56,56,56,0,77
56,2,56,56,56,56,56,0,77
56,2,56,56,56,56,56,0,77
56,2,56,56,56,56,56,0,78
56,2,56,56,56,56,56,0,78
56,2,56,56,56,56,56,0,78
56,2,56,56,56,56,56,0,79
56,2,56,56,56,56,56,0,78
56,3,56,56,56,56,56,0,78
56,3,56,56,56,56,56,0,78
56,3,56,56,56,56,56,0,78
56,3,56,56,56,56,56,0,78
56,3,56,56,56,56,56,0,78
56,3,56,56,56,56,56,0,78
56,3,56,56,56,56,56,0,79
56,3,56,56,56,56,56,0,79
56,3,56,56,56,56,56,0,79
56,3,56,56,56,56,56,0,80
56,3,56,56,56,56,56,0,80
56,3,56,56,56,56,56,0,80
56,3,56,56,56,56,56,0,80
56.1,4,56,56,56,56,56,0,79
56,4,56.1,56,56,56,56,0,79
56.1,4,56,56.1,56,56,56,0,78
56.1,4,56.1,56,56.1,56,56,0,78
56.2,4,56.1,56.1,56,56.1,56,0,78
56.2,4,56.2,56.1,56.1,56,56.1,0,81
56.1,4,56.2,56.2,56.1,56.1,56,0,81
56.2,4,56.1,56.2,56.2,56.1,56.1,0,81
56.2,4,56.2,56.1,56.2,56.2,56.1,0,81
56.2,4,56.2,56.2,56.1,56.2,56.2,0,81
56.2,4,56.2,56.2,56.2,56.1,56.2,0,81
56.3,4,56.2,56.2,56.2,56.2,56.1,0,81
56.3,5,56.3,56.2,56.2,56.2,56.2,0,81
56.4,5,56.3,56.3,56.2,56.2,56.2,0,79
56.4,5,56.4,56.3,56.3,56.2,56.2,0,79
56.5,5,56.4,56.4,56.3,56.3,56.2,0,79
56.6,5,56.5,56.4,56.4,56.3,56.3,0,71
56.7,5,56.6,56.5,56.4,56.4,56.3,0,71
56.7,5,56.7,56.6,56.5,56.4,56.4,0,71
56.8,5,56.7,56.7,56.6,56.5,56.4,0,71
56.9,5,56.8,56.7,56.7,56.6,56.5,0,71
57,5,56.9,56.8,56.7,56.7,56.6,0,70
57.1,5,57,56.9,56.8,56.7,56.7,0,68
57.1,5,57.1,57,56.9,56.8,56.7,0,68
57.2,5,57.1,57.1,57,56.9,56.8,0,68
57.3,6,57.2,57.1,57.1,57,56.9,0,68
57.4,6,57.3,57.2,57.1,57.1,57,0,68
57.4,6,57.4,57.3,57.2,57.1,57.1,0,68
57.5,6,57.4,57.4,57.3,57.2,57.1,0,68
57.5,6,57.5,57.4,57.4,57.3,57.2,0,68
57.6,6,57.5,57.5,57.4,57.4,57.3,0,68
57.7,6,57.6,57.5,57.5,57.4,57.4,0,68
57.8,6,57.7,57.6,57.5,57.5,57.4,0,68
57.9,6,57.8,57.7,57.6,57.5,57.5,0,68
57.9,6,57.9,57.8,57.7,57.6,57.5,0,68
58,6,57.9,57.9,57.8,57.7,57.6,0,68
58.1,6,58,57.9,57.9,57.8,57.7,0,70
58.2,7,58.1,58,57.9,57.9,57.8,0,72
58.2,7,58.2,58.1,58,57.9,57.9,0,74
58.3,7,58.2,58.2,58.1,58,57.9,0,74
58.3,7,58.3,58.2,58.2,58.1,58,0,74
58.4,7,58.3,58.3,58.2,58.2,58.1,0,74
58.5,7,58.4,58.3,58.3,58.2,58.2,0,71
58.5,7,58.5,58.4,58.3,58.3,58.2,0,71
58.5,7,58.5,58.5,58.4,58.3,58.3,0,73
58.6,7,58.5,58.5,58.5,58.4,58.3,0,73
58.7,7,58.6,58.5,58.5,58.5,58.4,0,73
58.7,7,58.7,58.6,58.5,58.5,58.5,0,73
58.7,7,58.7,58.7,58.6,58.5,58.5,0,72
58.8,8,58.7,58.7,58.7,58.6,58.5,0,73
58.8,8,58.8,58.7,58.7,58.7,58.6,0,73
58.9,8,58.8,58.8,58.7,58.7,58.7,0,73
58.9,8,58.9,58.8,58.8,58.7,58.7,0,72
58.9,8,58.9,58.9,58.8,58.8,58.7,0,72
58.9,8,58.9,58.9,58.9,58.8,58.8,0,72
59,8,58.9,58.9,58.9,58.9,58.8,0,72
59,8,59,58.9,58.9,58.9,58.9,0,72
58.9,8,59,59,58.9,58.9,58.9,0,72
58.9,8,58.9,59,59,58.9,58.9,0,72
58.9,8,58.9,58.9,59,59,58.9,0,72
58.9,8,58.9,58.9,58.9,59,59,0,72
58.9,8,58.9,58.9,58.9,58.9,59,0,72
58.9,9,58.9,58.9,58.9,58.9,58.9,0,72
58.9,9,58.9,58.9,58.9,58.9,58.9,0,72
58.9,9,58.9,58.9,58.9,58.9,58.9,0,72
58.9,9,58.9,58.9,58.9,58.9,58.9,0,72
58.9,9,58.9,58.9,58.9,58.9,58.9,0,73
58.9,9,58.9,58.9,58.9,58.9,58.9,0,73
58.8,9,58.9,58.9,58.9,58.9,58.9,0,73
58.9,9,58.8,58.9,58.9,58.9,58.9,0,73
58.9,9,58.9,58.8,58.9,58.9,58.9,0,73
57.6,9,58.9,58.9,58.8,58.9,58.9,0,73
59.2,9,57.6,58.9,58.9,58.8,58.9,0,73
57.9,9,59.2,57.6,58.9,58.9,58.8,0,73
56.5,10,57.9,59.2,57.6,58.9,58.9,0,74
55.5,10,56.5,57.9,59.2,57.6,58.9,0,74
55.4,10,55.5,56.5,57.9,59.2,57.6,0,74
55.6,10,55.4,55.5,56.5,57.9,59.2,0,74
55.8,10,55.6,55.4,55.5,56.5,57.9,0,74
55.7,10,55.8,55.6,55.4,55.5,56.5,0,74
55.7,10,55.7,55.8,55.6,55.4,55.5,0,74
55.7,10,55.7,55.7,55.8,55.6,55.4,0,74
55.7,10,55.7,55.7,55.7,55.8,55.6,0,74
55.7,10,55.7,55.7,55.7,55.7,55.8,0,72
55.7,10,55.7,55.7,55.7,55.7,55.7,0,73
55.5,10,55.7,55.7,55.7,55.7,55.7,0,72
55.5,10,55.5,55.7,55.7,55.7,55.7,0,72
55.7,11,55.5,55.5,55.7,55.7,55.7,0,72
55.8,11,55.7,55.5,55.5,55.7,55.7,0,71
55.7,11,55.8,55.7,55.5,55.5,55.7,0,71
55.8,11,55.7,55.8,55.7,55.5,55.5,0,71
55.8,11,55.8,55.7,55.8,55.7,55.5,0,71
56,11,55.8,55.8,55.7,55.8,55.7,0,70
56.2,11,56,55.8,55.8,55.7,55.8,0,70
56.3,11,56.2,56,55.8,55.8,55.7,0,70
56.6,11,56.3,56.2,56,55.8,55.8,0,68
57.2,11,56.6,56.3,56.2,56,55.8,0,69
55.5,11,57.2,56.6,56.3,56.2,56,0,66
54.3,11,55.5,57.2,56.6,56.3,56.2,0,66
53.6,12,54.3,55.5,57.2,56.6,56.3,0,65
53.9,12,53.6,54.3,55.5,57.2,56.6,0,66
53.1,12,53.9,53.6,54.3,55.5,57.2,0,65
52.5,12,53.1,53.9,53.6,54.3,55.5,0,64
52.1,12,52.5,53.1,53.9,53.6,54.3,0,64
51.5,12,52.1,52.5,53.1,53.9,53.6,0,61
51.2,12,51.5,52.1,52.5,53.1,53.9,0,61
51,12,51.2,51.5,52.1,52.5,53.1,0,60
50.5,12,51,51.2,51.5,52.1,52.5,0,60
50.3,12,50.5,51,51.2,51.5,52.1,0,59
50.1,12,50.3,50.5,51,51.2,51.5,0,59
50.1,12,50.1,50.3,50.5,51,51.2,0,59
50,13,50.1,50.1,50.3,50.5,51,0,58
49.7,13,50,50.1,50.1,50.3,50.5,0,57
49.6,13,49.7,50,50.1,50.1,50.3,0,57
49,13,49.6,49.7,50,50.1,50.1,0,57
48.7,13,49,49.6,49.7,50,50.1,0,57
48.4,13,48.7,49,49.6,49.7,50,0,55
48.3,13,48.4,48.7,49,49.6,49.7,0,55
47.8,13,48.3,48.4,48.7,49,49.6,0,55
47.3,13,47.8,48.3,48.4,48.7,49,0,54
46.9,13,47.3,47.8,48.3,48.4,48.7,0,54
46.8,13,46.9,47.3,47.8,48.3,48.4,0,54
46.6,13,46.8,46.9,47.3,47.8,48.3,0,54
46.6,13,46.6,46.8,46.9,47.3,47.8,0,54
46,14,46.6,46.6,46.8,46.9,47.3,0,54
46.4,14,46,46.6,46.6,46.8,46.9,0,54
47.3,14,46.4,46,46.6,46.6,46.8,0,54
47.5,14,47.3,46.4,46,46.6,46.6,0,54
47.7,14,47.5,47.3,46.4,46,46.6,0,53
48.2,14,47.7,47.5,47.3,46.4,46,0,53
48.9,14,48.2,47.7,47.5,47.3,46.4,0,54
47.6,14,48.9,48.2,47.7,47.5,47.3,0,54
48.1,14,47.6,48.9,48.2,47.7,47.5,0,53
48.5,14,48.1,47.6,48.9,48.2,47.7,0,53
49.3,14,48.5,48.1,47.6,48.9,48.2,0,53
50.1,14,49.3,48.5,48.1,47.6,48.9,0,53
50.8,15,50.1,49.3,48.5,48.1,47.6,0,53
51.2,15,50.8,50.1,49.3,48.5,48.1,0,53
51.9,15,51.2,50.8,50.1,49.3,48.5,0,53
52.7,15,51.9,51.2,50.8,50.1,49.3,0,53
53.2,15,52.7,51.9,51.2,50.8,50.1,0,53
53.5,15,53.2,52.7,51.9,51.2,50.8,0,52
53.8,15,53.5,53.2,52.7,51.9,51.2,0,52
54.1,15,53.8,53.5,53.2,52.7,51.9,0,52
54.3,15,54.1,53.8,53.5,53.2,52.7,0,52
54.6,15,54.3,54.1,53.8,53.5,53.2,0,52
54.1,15,54.6,54.3,54.1,53.8,53.5,0,51
54.4,15,54.1,54.6,54.3,54.1,53.8,0,51
54.4,16,54.4,54.1,54.6,54.3,54.1,0,51
54.3,16,54.4,54.4,54.1,54.6,54.3,0,51
54.3,16,54.3,54.4,54.4,54.1,54.6,0,50
54.5,16,54.3,54.3,54.4,54.4,54.1,0,51
54.4,16,54.5,54.3,54.3,54.4,54.4,0,51
54.4,16,54.4,54.5,54.3,54.3,54.4,0,50
54.2,16,54.4,54.4,54.5,54.3,54.3,0,50
54.4,16,54.2,54.4,54.4,54.5,54.3,0,51
54.3,16,54.4,54.2,54.4,54.4,54.5,0,51
54.3,16,54.3,54.4,54.2,54.4,54.4,0,51
54.3,16,54.3,54.3,54.4,54.2,54.4,0,52
54.2,16,54.3,54.3,54.3,54.4,54.2,0,52
54.2,16,54.2,54.3,54.3,54.3,54.4,0,52
54.3,17,54.2,54.2,54.3,54.3,54.3,0,52
54.4,17,54.3,54.2,54.2,54.3,54.3,0,52
54.1,17,54.4,54.3,54.2,54.2,54.3,0,53
53.6,17,54.1,54.4,54.3,54.2,54.2,0,53
54,17,53.6,54.1,54.4,54.3,54.2,0,53
53.8,17,54,53.6,54.1,54.4,54.3,0,53
50.7,17,53.8,54,53.6,54.1,54.4,0,53
50.6,17,50.7,53.8,54,53.6,54.1,0,53
49.6,17,50.6,50.7,53.8,54,53.6,0,53
50,17,49.6,50.6,50.7,53.8,54,0,53
50.8,17,50,49.6,50.6,50.7,53.8,0,54
51.4,17,50.8,50,49.6,50.6,50.7,0,54
52.1,18,51.4,50.8,50,49.6,50.6,0,54
52.5,18,52.1,51.4,50.8,50,49.6,0,54
52.9,18,52.5,52.1,51.4,50.8,50,0,54
53.1,18,52.9,52.5,52.1,51.4,50.8,0,54
53.3,18,53.1,52.9,52.5,52.1,51.4,0,54
53.4,18,53.3,53.1,52.9,52.5,52.1,0,55
53.5,18,53.4,53.3,53.1,52.9,52.5,0,55
53.7,18,53.5,53.4,53.3,53.1,52.9,0,55
53.7,18,53.7,53.5,53.4,53.3,53.1,0,55
53.8,18,53.7,53.7,53.5,53.4,53.3,0,55
54,18,53.8,53.7,53.7,53.5,53.4,0,55
53.8,18,54,53.8,53.7,53.7,53.5,0,54
53.9,18,53.8,54,53.8,53.7,53.7,0,54
53.9,19,53.9,53.8,54,53.8,53.7,0,54
53.9,19,53.9,53.9,53.8,54,53.8,0,54
54,19,53.9,53.9,53.9,53.8,54,0,54
54.1,19,54,53.9,53.9,53.9,53.8,0,54
54.1,19,54.1,54,53.9,53.9,53.9,0,54
54.1,19,54.1,54.1,54,53.9,53.9,0,54
54.3,19,54.1,54.1,54.1,54,53.9,0,54
54.2,19,54.3,54.1,54.1,54.1,54,0,54
54.4,19,54.2,54.3,54.1,54.1,54.1,0,55
54.4,19,54.4,54.2,54.3,54.1,54.1,0,55
54.3,19,54.4,54.4,54.2,54.3,54.1,0,55
54.2,19,54.3,54.4,54.4,54.2,54.3,0,55
54.2,20,54.2,54.3,54.4,54.4,54.2,0,56
54,20,54.2,54.2,54.3,54.4,54.4,0,56
53.8,20,54,54.2,54.2,54.3,54.4,0,56
53.7,20,53.8,54,54.2,54.2,54.3,0,56
53.5,20,53.7,53.8,54,54.2,54.2,0,56
53.2,20,53.5,53.7,53.8,54,54.2,0,56
53.2,20,53.2,53.5,53.7,53.8,54,0,57
52.6,20,53.2,53.2,53.5,53.7,53.8,0,57
52.6,20,52.6,53.2,53.2,53.5,53.7,0,57
52.5,20,52.6,52.6,53.2,53.2,53.5,0,58
52.4,20,52.5,52.6,52.6,53.2,53.2,0,58
52.4,20,52.4,52.5,52.6,52.6,53.2,0,58
52.2,21,52.4,52.4,52.5,52.6,52.6,0,58
52.2,21,52.2,52.4,52.4,52.5,52.6,0,58
52.1,21,52.2,52.2,52.4,52.4,52.5,0,58
51.9,21,52.1,52.2,52.2,52.4,52.4,0,59
52.1,21,51.9,52.1,52.2,52.2,52.4,0,59
51.9,21,52.1,51.9,52.1,52.2,52.2,0,59
51.9,21,51.9,52.1,51.9,52.1,52.2,0,60
51.6,21,51.9,51.9,52.1,51.9,52.1,0,60
51.7,21,51.6,51.9,51.9,52.1,51.9,0,61
51.7,21,51.7,51.6,51.9,51.9,52.1,0,61
51.5,21,51.7,51.7,51.6,51.9,51.9,0,62
51.6,21,51.5,51.7,51.7,51.6,51.9,0,61
51.5,21,51.6,51.5,51.7,51.7,51.6,0,62
51.7,22,51.5,51.6,51.5,51.7,51.7,0,62
51.7,22,51.7,51.5,51.6,51.5,51.7,0,63
51.8,22,51.7,51.7,51.5,51.6,51.5,0,63
51.8,22,51.8,51.7,51.7,51.5,51.6,0,63
52,22,51.8,51.8,51.7,51.7,51.5,0,64
52.2,22,52,51.8,51.8,51.7,51.7,0,64
49.8,22,52.2,52,51.8,51.8,51.7,0,64
48.3,22,49.8,52.2,52,51.8,51.8,0,65
46.6,22,48.3,49.8,52.2,52,51.8,0,65
46.5,22,46.6,48.3,49.8,52.2,52,0,66
45.8,22,46.5,46.6,48.3,49.8,52.2,0,66
45.2,22,45.8,46.5,46.6,48.3,49.8,0,66
45.2,23,45.2,45.8,46.5,46.6,48.3,0,66
44.2,23,45.2,45.2,45.8,46.5,46.6,0,66
45.5,23,44.2,45.2,45.2,45.8,46.5,0,66
46.3,23,45.5,44.2,45.2,45.2,45.8,0,67
47.8,23,46.3,45.5,44.2,45.2,45.2,0,67
49,23,47.8,46.3,45.5,44.2,45.2,0,67
50.1,23,49,47.8,46.3,45.5,44.2,0,68
51.1,23,50.1,49,47.8,46.3,45.5,0,68
51.8,23,51.1,50.1,49,47.8,46.3,0,68
52.1,23,51.8,51.1,50.1,49,47.8,0,68
52.7,23,52.1,51.8,51.1,50.1,49,0,68
53.1,23,52.7,52.1,51.8,51.1,50.1,0,69
53.5,23,53.1,52.7,52.1,51.8,51.1,0,69
53.7,0,53.5,53.1,52.7,52.1,51.8,0,69
54.1,0,53.7,53.5,53.1,52.7,52.1,0,69
54.3,0,54.1,53.7,53.5,53.1,52.7,0,69
54.6,0,54.3,54.1,53.7,53.5,53.1,0,70
54.9,0,54.6,54.3,54.1,53.7,53.5,0,70
55,0,54.9,54.6,54.3,54.1,53.7,0,71
55.3,0,55,54.9,54.6,54.3,54.1,0,71
55.4,0,55.3,55,54.9,54.6,54.3,0,71
55.5,0,55.4,55.3,55,54.9,54.6,0,71
55.7,0,55.5,55.4,55.3,55,54.9,0,71
55.8,0,55.7,55.5,55.4,55.3,55,0,71
55.9,0,55.8,55.7,55.5,55.4,55.3,0,71
56,0,55.9,55.8,55.7,55.5,55.4,0,72
56.1,1,56,55.9,55.8,55.7,55.5,0,71
56.2,1,56.1,56,55.9,55.8,55.7,0,71
56.3,1,56.2,56.1,56,55.9,55.8,0,71
56.3,1,56.3,56.2,56.1,56,55.9,0,71
56.4,1,56.3,56.3,56.2,56.1,56,0,72
56.4,1,56.4,56.3,56.3,56.2,56.1,0,72
56.5,1,56.4,56.4,56.3,56.3,56.2,0,72
56.5,1,56.5,56.4,56.4,56.3,56.3,0,72
56.6,1,56.5,56.5,56.4,56.4,56.3,0,72
56.6,1,56.6,56.5,56.5,56.4,56.4,0,72
56.6,1,56.6,56.6,56.5,56.5,56.4,0,73
56.7,1,56.6,56.6,56.6,56.5,56.5,0,75
56.7,2,56.7,56.6,56.6,56.6,56.5,0,73
56.7,2,56.7,56.7,56.6,56.6,56.6,0,75
56.7,2,56.7,56.7,56.7,56.6,56.6,0,75
56.7,2,56.7,56.7,56.7,56.7,56.6,0,75
56.7,2,56.7,56.7,56.7,56.7,56.7,0,75
56.8,2,56.7,56.7,56.7,56.7,56.7,0,75
56.8,2,56.8,56.7,56.7,56.7,56.7,0,75
56.8,2,56.8,56.8,56.7,56.7,56.7,0,75
56.9,2,56.8,56.8,56.8,56.7,56.7,0,76
56.9,2,56.9,56.8,56.8,56.8,56.7,0,76
56.9,2,56.9,56.9,56.8,56.8,56.8,0,76
56.9,2,56.9,56.9,56.9,56.8,56.8,0,76
57,3,56.9,56.9,56.9,56.9,56.8,0,76
57,3,57,56.9,56.9,56.9,56.9,0,76
57,3,57,57,56.9,56.9,56.9,0,77
57,3,57,57,57,56.9,56.9,0,77
57,3,57,57,57,57,56.9,0,77
57,3,57,57,57,57,57,0,77
57.1,3,57,57,57,57,57,0,77
57.1,3,57.1,57,57,57,57,0,77
57.1,3,57.1,57.1,57,57,57,0,77
57.1,3,57.1,57.1,57.1,57,57,0,77
57.1,3,57.1,57.1,57.1,57.1,57,0,77
57.1,3,57.1,57.1,57.1,57.1,57.1,0,78
57.1,3,57.1,57.1,57.1,57.1,57.1,0,78
57.1,4,57.1,57.1,57.1,57.1,57.1,0,78
57.1,4,57.1,57.1,57.1,57.1,57.1,0,78
57.1,4,57.1,57.1,57.1,57.1,57.1,0,78
57.2,4,57.1,57.1,57.1,57.1,57.1,0,78
57.1,4,57.2,57.1,57.1,57.1,57.1,0,78
57.1,4,57.1,57.2,57.1,57.1,57.1,0,78
57.1,4,57.1,57.1,57.2,57.1,57.1,0,78
57.2,4,57.1,57.1,57.1,57.2,57.1,0,78
57.1,4,57.2,57.1,57.1,57.1,57.2,0,80
57.2,4,57.1,57.2,57.1,57.1,57.1,0,80
57.2,4,57.2,57.1,57.2,57.1,57.1,0,80
57.2,4,57.2,57.2,57.1,57.2,57.1,0,80
57.1,5,57.2,57.2,57.2,57.1,57.2,0,80
57.2,5,57.1,57.2,57.2,57.2,57.1,0,80
57.2,5,57.2,57.1,57.2,57.2,57.2,0,80
57.2,5,57.2,57.2,57.1,57.2,57.2,0,81
57.2,5,57.2,57.2,57.2,57.1,57.2,0,81
57.2,5,57.2,57.2,57.2,57.2,57.1,0,80
57.1,5,57.2,57.2,57.2,57.2,57.2,0,80
57.2,5,57.1,57.2,57.2,57.2,57.2,0,81
57.2,5,57.2,57.1,57.2,57.2,57.2,0,82
57.2,5,57.2,57.2,57.1,57.2,57.2,0,81
57.2,5,57.2,57.2,57.2,57.1,57.2,0,81
57.1,5,57.2,57.2,57.2,57.2,57.1,0,81
57.2,5,57.1,57.2,57.2,57.2,57.2,0,81
57.2,6,57.2,57.1,57.2,57.2,57.2,0,81
57.2,6,57.2,57.2,57.1,57.2,57.2,0,80
57.2,6,57.2,57.2,57.2,57.1,57.2,0,80
57.2,6,57.2,57.2,57.2,57.2,57.1,0,81
57.2,6,57.2,57.2,57.2,57.2,57.2,0,81
57.2,6,57.2,57.2,57.2,57.2,57.2,0,81
57.2,6,57.2,57.2,57.2,57.2,57.2,0,81
57.2,6,57.2,57.2,57.2,57.2,57.2,0,81
57.2,6,57.2,57.2,57.2,57.2,57.2,0,81
57.2,6,57.2,57.2,57.2,57.2,57.2,0,81
57.2,6,57.2,57.2,57.2,57.2,57.2,0,81
57.2,6,57.2,57.2,57.2,57.2,57.2,0,81
57.2,7,57.2,57.2,57.2,57.2,57.2,0,82
57.2,7,57.2,57.2,57.2,57.2,57.2,0,82
57.2,7,57.2,57.2,57.2,57.2,57.2,0,82
57.2,7,57.2,57.2,57.2,57.2,57.2,0,82
57.3,7,57.2,57.2,57.2,57.2,57.2,0,82
57.3,7,57.3,57.2,57.2,57.2,57.2,0,82
57.2,7,57.3,57.3,57.2,57.2,57.2,0,82
57.2,7,57.2,57.3,57.3,57.2,57.2,0,82
57.2,7,57.2,57.2,57.3,57.3,57.2,0,82
57.2,7,57.2,57.2,57.2,57.3,57.3,0,83
57.2,7,57.2,57.2,57.2,57.2,57.3,0,83
57.2,7,57.2,57.2,57.2,57.2,57.2,0,83
57.2,8,57.2,57.2,57.2,57.2,57.2,0,83
57.2,8,57.2,57.2,57.2,57.2,57.2,0,83
57.2,8,57.2,57.2,57.2,57.2,57.2,0,83
57.2,8,57.2,57.2,57.2,57.2,57.2,0,82
57.2,8,57.2,57.2,57.2,57.2,57.2,0,82
57.2,8,57.2,57.2,57.2,57.2,57.2,0,82
57.2,8,57.2,57.2,57.2,57.2,57.2,0,82
57.1,8,57.2,57.2,57.2,57.2,57.2,0,82
57.2,8,57.1,57.2,57.2,57.2,57.2,0,82
57.2,8,57.2,57.1,57.2,57.2,57.2,0,82
57.1,8,57.2,57.2,57.1,57.2,57.2,0,82
57,8,57.1,57.2,57.2,57.1,57.2,0,82
57,8,57,57.1,57.2,57.2,57.1,0,82
57,9,57,57,57.1,57.2,57.2,0,82
57,9,57,57,57,57.1,57.2,0,82
56.9,9,57,57,57,57,57.1,0,81
56.9,9,56.9,57,57,57,57,0,81
56.9,9,56.9,56.9,57,57,57,0,81
56.8,9,56.9,56.9,56.9,57,57,0,82
56.8,9,56.8,56.9,56.9,56.9,57,0,81
56.8,9,56.8,56.8,56.9,56.9,56.9,0,81
56.6,9,56.8,56.8,56.8,56.9,56.9,0,78
56.6,9,56.6,56.8,56.8,56.8,56.9,0,78
56.5,9,56.6,56.6,56.8,56.8,56.8,0,77
56.5,9,56.5,56.6,56.6,56.8,56.8,0,77
56.4,10,56.5,56.5,56.6,56.6,56.8,0,77
56.4,10,56.4,56.5,56.5,56.6,56.6,0,77
56.3,10,56.4,56.4,56.5,56.5,56.6,0,76
56.4,10,56.3,56.4,56.4,56.5,56.5,0,76
56.4,10,56.4,56.3,56.4,56.4,56.5,0,76
56.4,10,56.4,56.4,56.3,56.4,56.4,0,75
56.4,10,56.4,56.4,56.4,56.3,56.4,0,75
56.4,10,56.4,56.4,56.4,56.4,56.3,0,75
56.4,10,56.4,56.4,56.4,56.4,56.4,0,75
56.4,10,56.4,56.4,56.4,56.4,56.4,0,73
56.4,10,56.4,56.4,56.4,56.4,56.4,0,74
56.4,10,56.4,56.4,56.4,56.4,56.4,0,72
56.4,11,56.4,56.4,56.4,56.4,56.4,0,72
56.4,11,56.4,56.4,56.4,56.4,56.4,0,72
56.6,11,56.4,56.4,56.4,56.4,56.4,0,71
56.8,11,56.6,56.4,56.4,56.4,56.4,0,70
56.8,11,56.8,56.6,56.4,56.4,56.4,0,70
56.9,11,56.8,56.8,56.6,56.4,56.4,0,70
57,11,56.9,56.8,56.8,56.6,56.4,0,70
57,11,57,56.9,56.8,56.8,56.6,0,70
57,11,57,57,56.9,56.8,56.8,0,67
57.1,11,57,57,57,56.9,56.8,0,67
57,11,57.1,57,57,57,56.9,0,67
57,11,57,57.1,57,57,57,0,66
57,11,57,57,57.1,57,57,0,66
57,12,57,57,57,57.1,57,0,65
57,12,57,57,57,57,57.1,0,65
57,12,57,57,57,57,57,0,65
56.9,12,57,57,57,57,57,0,65
56.9,12,56.9,57,57,57,57,0,65
56.9,12,56.9,56.9,57,57,57,0,65
56.9,12,56.9,56.9,56.9,57,57,0,65
56.8,12,56.9,56.9,56.9,56.9,57,0,65
56.8,12,56.8,56.9,56.9,56.9,56.9,0,65
56.8,12,56.8,56.8,56.9,56.9,56.9,0,65
56.8,12,56.8,56.8,56.8,56.9,56.9,0,65
56.7,12,56.8,56.8,56.8,56.8,56.9,0,64
56.7,13,56.7,56.8,56.8,56.8,56.8,0,64
56.7,13,56.7,56.7,56.8,56.8,56.8,0,65
56.7,13,56.7,56.7,56.7,56.8,56.8,0,65
56.6,13,56.7,56.7,56.7,56.7,56.8,0,64
56.6,13,56.6,56.7,56.7,56.7,56.7,0,65
56.6,13,56.6,56.6,56.7,56.7,56.7,0,64
56.6,13,56.6,56.6,56.6,56.7,56.7,0,65
56.6,13,56.6,56.6,56.6,56.6,56.7,0,65
56.6,13,56.6,56.6,56.6,56.6,56.6,0,67
56.7,13,56.6,56.6,56.6,56.6,56.6,0,67
56.6,13,56.7,56.6,56.6,56.6,56.6,0,67
56.7,13,56.6,56.7,56.6,56.6,56.6,0,67
56.7,13,56.7,56.6,56.7,56.6,56.6,0,67
56.7,14,56.7,56.7,56.6,56.7,56.6,0,67
56.6,14,56.7,56.7,56.7,56.6,56.7,0,68
56.7,14,56.6,56.7,56.7,56.7,56.6,0,65
56.7,14,56.7,56.6,56.7,56.7,56.7,0,65
56.7,14,56.7,56.7,56.6,56.7,56.7,0,65
56.6,14,56.7,56.7,56.7,56.6,56.7,0,68
56.6,14,56.6,56.7,56.7,56.7,56.6,0,68
56.7,14,56.6,56.6,56.7,56.7,56.7,0,66
56.7,14,56.7,56.6,56.6,56.7,56.7,0,68
56.7,14,56.7,56.7,56.6,56.6,56.7,0,66
56.8,14,56.7,56.7,56.7,56.6,56.6,0,67
56.8,14,56.8,56.7,56.7,56.7,56.6,0,67
56.8,15,56.8,56.8,56.7,56.7,56.7,0,67
56.8,15,56.8,56.8,56.8,56.7,56.7,0,67
56.9,15,56.8,56.8,56.8,56.8,56.7,0,68
56.9,15,56.9,56.8,56.8,56.8,56.8,0,68
56.9,15,56.9,56.9,56.8,56.8,56.8,0,70
56.9,15,56.9,56.9,56.9,56.8,56.8,0,70
56.9,15,56.9,56.9,56.9,56.9,56.8,0,70
57,15,56.9,56.9,56.9,56.9,56.9,0,70
57,15,57,56.9,56.9,56.9,56.9,0,70
57,15,57,57,56.9,56.9,56.9,0,70
57.1,15,57,57,57,56.9,56.9,0,71
57.1,15,57.1,57,57,57,56.9,0,71
57.1,16,57.1,57.1,57,57,57,0,71
57.1,16,57.1,57.1,57.1,57,57,0,71
57.2,16,57.1,57.1,57.1,57.1,57,0,71
57.4,16,57.2,57.1,57.1,57.1,57.1,0,71
57.6,16,57.4,57.2,57.1,57.1,57.1,0,71
57.9,16,57.6,57.4,57.2,57.1,57.1,0,71
58.2,16,57.9,57.6,57.4,57.2,57.1,0,72
58.4,16,58.2,57.9,57.6,57.4,57.2,0,72
58.6,16,58.4,58.2,57.9,57.6,57.4,0,72
59.1,16,58.6,58.4,58.2,57.9,57.6,0,72
60,16,59.1,58.6,58.4,58.2,57.9,0,72
61,16,60,59.1,58.6,58.4,58.2,0,71
61.7,16,61,60,59.1,58.6,58.4,0,72
62.5,17,61.7,61,60,59.1,58.6,0,71
62.9,17,62.5,61.7,61,60,59.1,0,72
63.3,17,62.9,62.5,61.7,61,60,0,72
64.1,17,63.3,62.9,62.5,61.7,61,0,72
64.7,17,64.1,63.3,62.9,62.5,61.7,0,72
64.9,17,64.7,64.1,63.3,62.9,62.5,0,73
66.1,17,64.9,64.7,64.1,63.3,62.9,0,74
66.6,17,66.1,64.9,64.7,64.1,63.3,0,75
68,17,66.6,66.1,64.9,64.7,64.1,0,75
70.4,17,68,66.6,66.1,64.9,64.7,0,76
71.1,17,70.4,68,66.6,66.1,64.9,0,76
68.6,17,71.1,70.4,68,66.6,66.1,0,76
69.2,18,68.6,71.1,70.4,68,66.6,0,77
69,18,69.2,68.6,71.1,70.4,68,0,77
68.4,18,69,69.2,68.6,71.1,70.4,0,76
68,18,68.4,69,69.2,68.6,71.1,0,78
68.3,18,68,68.4,69,69.2,68.6,0,78
68,18,68.3,68,68.4,69,69.2,0,78
68.5,18,68,68.3,68,68.4,69,0,78
68.7,18,68.5,68,68.3,68,68.4,0,78
69,18,68.7,68.5,68,68.3,68,0,78
69.1,18,69,68.7,68.5,68,68.3,0,78
69.4,18,69.1,69,68.7,68.5,68,0,78
69.5,18,69.4,69.1,69,68.7,68.5,0,78
69.7,19,69.5,69.4,69.1,69,68.7,0,78
69.9,19,69.7,69.5,69.4,69.1,69,0,78
70.1,19,69.9,69.7,69.5,69.4,69.1,0,78
70.1,19,70.1,69.9,69.7,69.5,69.4,0,78
70.4,19,70.1,70.1,69.9,69.7,69.5,0,79
70.5,19,70.4,70.1,70.1,69.9,69.7,0,79
70.5,19,70.5,70.4,70.1,70.1,69.9,0,79
69,19,70.5,70.5,70.4,70.1,70.1,0,79
68.5,19,69,70.5,70.5,70.4,70.1,0,79
68.6,19,68.5,69,70.5,70.5,70.4,0,79
68.7,19,68.6,68.5,69,70.5,70.5,0,79
68.7,19,68.7,68.6,68.5,69,70.5,0,79
68.6,19,68.7,68.7,68.6,68.5,69,0,79
68.3,20,68.6,68.7,68.7,68.6,68.5,0,79
67.9,20,68.3,68.6,68.7,68.7,68.6,0,80
67.9,20,67.9,68.3,68.6,68.7,68.7,0,80
67.7,20,67.9,67.9,68.3,68.6,68.7,0,80
67.5,20,67.7,67.9,67.9,68.3,68.6,0,80
67.3,20,67.5,67.7,67.9,67.9,68.3,0,80
67.2,20,67.3,67.5,67.7,67.9,67.9,0,81
67.1,20,67.2,67.3,67.5,67.7,67.9,0,80
67,20,67.1,67.2,67.3,67.5,67.7,0,81
67,20,67,67.1,67.2,67.3,67.5,0,82
66.8,20,67,67,67.1,67.2,67.3,0,81
66.7,20,66.8,67,67,67.1,67.2,0,82
66.7,21,66.7,66.8,67,67,67.1,0,82
66.8,21,66.7,66.7,66.8,67,67,0,82
66.7,21,66.8,66.7,66.7,66.8,67,0,82
66.6,21,66.7,66.8,66.7,66.7,66.8,0,82
66.6,21,66.6,66.7,66.8,66.7,66.7,0,82
66.6,21,66.6,66.6,66.7,66.8,66.7,0,83
66.5,21,66.6,66.6,66.6,66.7,66.8,0,83
66.4,21,66.5,66.6,66.6,66.6,66.7,0,83
66.3,21,66.4,66.5,66.6,66.6,66.6,0,83
66.4,21,66.3,66.4,66.5,66.6,66.6,0,83
66.2,21,66.4,66.3,66.4,66.5,66.6,0,83
66,21,66.2,66.4,66.3,66.4,66.5,0,83
65.8,21,66,66.2,66.4,66.3,66.4,0,83
65.7,22,65.8,66,66.2,66.4,66.3,0,83
65.5,22,65.7,65.8,66,66.2,66.4,0,83
65.3,22,65.5,65.7,65.8,66,66.2,0,83
65.3,22,65.3,65.5,65.7,65.8,66,0,82
65.2,22,65.3,65.3,65.5,65.7,65.8,0,82
65.1,22,65.2,65.3,65.3,65.5,65.7,0,82
65.2,22,65.1,65.2,65.3,65.3,65.5,0,82
65.2,22,65.2,65.1,65.2,65.3,65.3,0,82
65.5,22,65.2,65.2,65.1,65.2,65.3,0,83
65.7,22,65.5,65.2,65.2,65.1,65.2,0,83
65.8,22,65.7,65.5,65.2,65.2,65.1,0,83
65.7,22,65.8,65.7,65.5,65.2,65.2,0,83
65.9,23,65.7,65.8,65.7,65.5,65.2,0,83
65.8,23,65.9,65.7,65.8,65.7,65.5,0,83
65.8,23,65.8,65.9,65.7,65.8,65.7,0,83
65.9,23,65.8,65.8,65.9,65.7,65.8,0,83
65.9,23,65.9,65.8,65.8,65.9,65.7,0,82
66,23,65.9,65.9,65.8,65.8,65.9,0,83
66,23,66,65.9,65.9,65.8,65.8,0,82
66.2,23,66,66,65.9,65.9,65.8,0,83
66.2,23,66.2,66,66,65.9,65.9,0,83
66.2,23,66.2,66.2,66,66,65.9,0,83
66.1,23,66.2,66.2,66.2,66,66,0,83
66.2,23,66.1,66.2,66.2,66.2,66,0,83
66.1,0,66.2,66.1,66.2,66.2,66.2,0,83
66.1,0,66.1,66.2,66.1,66.2,66.2,0,83
66.1,0,66.1,66.1,66.2,66.1,66.2,0,83
66.1,0,66.1,66.1,66.1,66.2,66.1,0,83
66.1,0,66.1,66.1,66.1,66.1,66.2,0,83
66.2,0,66.1,66.1,66.1,66.1,66.1,0,83
66.1,0,66.2,66.1,66.1,66.1,66.1,0,83
66.1,0,66.1,66.2,66.1,66.1,66.1,0,83
66,0,66.1,66.1,66.2,66.1,66.1,0,83
66,0,66,66.1,66.1,66.2,66.1,0,83
66,0,66,66,66.1,66.1,66.2,0,83
65.9,0,66,66,66,66.1,66.1,0,83
65.9,0,65.9,66,66,66,66.1,0,83
65.8,1,65.9,65.9,66,66,66,0,83
65.8,1,65.8,65.9,65.9,66,66,0,83
65.7,1,65.8,65.8,65.9,65.9,66,0,83
65.7,1,65.7,65.8,65.8,65.9,65.9,0,83
65.7,1,65.7,65.7,65.8,65.8,65.9,0,83
65.6,1,65.7,65.7,65.7,65.8,65.8,0,83
65.6,1,65.6,65.7,65.7,65.7,65.8,0,83
65.5,1,65.6,65.6,65.7,65.7,65.7,0,83
65.4,1,65.5,65.6,65.6,65.7,65.7,0,83
65.4,1,65.4,65.5,65.6,65.6,65.7,0,83
65.4,1,65.4,65.4,65.5,65.6,65.6,0,83
65.3,1,65.4,65.4,65.4,65.5,65.6,0,83
65.2,2,65.3,65.4,65.4,65.4,65.5,0,83
65.2,2,65.2,65.3,65.4,65.4,65.4,0,83
65.1,2,65.2,65.2,65.3,65.4,65.4,0,83
65.1,2,65.1,65.2,65.2,65.3,65.4,0,83
65,2,65.1,65.1,65.2,65.2,65.3,0,83
65,2,65,65.1,65.1,65.2,65.2,0,83
65,2,65,65,65.1,65.1,65.2,0,83
64.9,2,65,65,65,65.1,65.1,0,83
64.9,2,64.9,65,65,65,65.1,0,83
64.9,2,64.9,64.9,65,65,65,0,83
64.8,2,64.9,64.9,64.9,65,65,0,84
64.9,2,64.8,64.9,64.9,64.9,65,0,84
64.7,2,64.9,64.8,64.9,64.9,64.9,0,84
64.7,3,64.7,64.9,64.8,64.9,64.9,0,84
64.7,3,64.7,64.7,64.9,64.8,64.9,0,84
64.7,3,64.7,64.7,64.7,64.9,64.8,0,84
64.6,3,64.7,64.7,64.7,64.7,64.9,0,84
64.6,3,64.6,64.7,64.7,64.7,64.7,0,84
64.6,3,64.6,64.6,64.7,64.7,64.7,0,84
64.5,3,64.6,64.6,64.6,64.7,64.7,0,84
64.5,3,64.5,64.6,64.6,64.6,64.7,0,84
64.5,3,64.5,64.5,64.6,64.6,64.6,0,84
64.5,3,64.5,64.5,64.5,64.6,64.6,0,84
64.5,3,64.5,64.5,64.5,64.5,64.6,0,84
64.4,4,64.5,64.5,64.5,64.5,64.5,0,84
64.4,4,64.4,64.5,64.5,64.5,64.5,0,84
64.4,4,64.4,64.4,64.5,64.5,64.5,0,84
64.3,4,64.4,64.4,64.4,64.5,64.5,0,84
64.2,4,64.3,64.4,64.4,64.4,64.5,0,84
64.3,4,64.2,64.3,64.4,64.4,64.4,0,84
64.3,4,64.3,64.2,64.3,64.4,64.4,0,84
64.3,4,64.3,64.3,64.2,64.3,64.4,0,84
64.2,4,64.3,64.3,64.3,64.2,64.3,0,84
64.2,4,64.2,64.3,64.3,64.3,64.2,0,84
64.2,4,64.2,64.2,64.3,64.3,64.3,0,84
64.2,4,64.2,64.2,64.2,64.3,64.3,0,84
64.1,5,64.2,64.2,64.2,64.2,64.3,0,84
64.1,5,64.1,64.2,64.2,64.2,64.2,0,85
64.1,5,64.1,64.1,64.2,64.2,64.2,0,84
64.1,5,64.1,64.1,64.1,64.2,64.2,0,84
64.1,5,64.1,64.1,64.1,64.1,64.2,0,84
64,5,64.1,64.1,64.1,64.1,64.1,0,84
64.1,5,64,64.1,64.1,64.1,64.1,0,84
64,5,64.1,64,64.1,64.1,64.1,0,84
64,5,64,64.1,64,64.1,64.1,0,84
63.9,5,64,64,64.1,64,64.1,0,84
63.9,5,63.9,64,64,64.1,64,0,84
63.9,5,63.9,63.9,64,64,64.1,0,84
64,5,63.9,63.9,63.9,64,64,0,84
63.9,6,64,63.9,63.9,63.9,64,0,84
63.9,6,63.9,64,63.9,63.9,63.9,0,84
63.9,6,63.9,63.9,64,63.9,63.9,0,84
63.9,6,63.9,63.9,63.9,64,63.9,0,84
63.9,6,63.9,63.9,63.9,63.9,64,0,84
63.9,6,63.9,63.9,63.9,63.9,63.9,0,85
63.8,6,63.9,63.9,63.9,63.9,63.9,0,84
63.9,6,63.8,63.9,63.9,63.9,63.9,0,85
63.9,6,63.9,63.8,63.9,63.9,63.9,0,84
63.9,6,63.9,63.9,63.8,63.9,63.9,0,85
63.8,6,63.9,63.9,63.9,63.8,63.9,0,84
63.8,6,63.8,63.9,63.9,63.9,63.8,0,84
63.8,7,63.8,63.8,63.9,63.9,63.9,0,84
63.7,7,63.8,63.8,63.8,63.9,63.9,0,84
63.8,7,63.7,63.8,63.8,63.8,63.9,0,84
63.8,7,63.8,63.7,63.8,63.8,63.8,0,84
63.7,7,63.8,63.8,63.7,63.8,63.8,0,84
63.7,7,63.7,63.8,63.8,63.7,63.8,0,84
63.7,7,63.7,63.7,63.8,63.8,63.7,0,84
63.7,7,63.7,63.7,63.7,63.8,63.8,0,84
63.7,7,63.7,63.7,63.7,63.7,63.8,0,84
63.7,7,63.7,63.7,63.7,63.7,63.7,0,84
63.7,7,63.7,63.7,63.7,63.7,63.7,0,84
63.7,7,63.7,63.7,63.7,63.7,63.7,0,84
63.7,8,63.7,63.7,63.7,63.7,63.7,0,84
63.7,8,63.7,63.7,63.7,63.7,63.7,0,84
63.7,8,63.7,63.7,63.7,63.7,63.7,0,84
63.7,8,63.7,63.7,63.7,63.7,63.7,0,84
63.7,8,63.7,63.7,63.7,63.7,63.7,0,84
63.7,8,63.7,63.7,63.7,63.7,63.7,0,84
63.6,8,63.7,63.7,63.7,63.7,63.7,0,83
63.6,8,63.6,63.7,63.7,63.7,63.7,0,83
63.6,8,63.6,63.6,63.7,63.7,63.7,0,83
63.5,8,63.6,63.6,63.6,63.7,63.7,0,83
63.5,8,63.5,63.6,63.6,63.6,63.7,0,83
63.4,8,63.5,63.5,63.6,63.6,63.6,0,83
63.3,8,63.4,63.5,63.5,63.6,63.6,0,83
63.3,9,63.3,63.4,63.5,63.5,63.6,0,83
63.3,9,63.3,63.3,63.4,63.5,63.5,0,83
63.2,9,63.3,63.3,63.3,63.4,63.5,0,82
63.2,9,63.2,63.3,63.3,63.3,63.4,0,82
63.2,9,63.2,63.2,63.3,63.3,63.3,0,82
63.2,9,63.2,63.2,63.2,63.3,63.3,0,82
63.1,9,63.2,63.2,63.2,63.2,63.3,0,82
63.1,9,63.1,63.2,63.2,63.2,63.2,0,81
63,9,63.1,63.1,63.2,63.2,63.2,0,81
63.1,9,63,63.1,63.1,63.2,63.2,0,80
63,9,63.1,63,63.1,63.1,63.2,0,80
63,9,63,63.1,63,63.1,63.1,0,79
62.9,10,63,63,63.1,63,63.1,0,79
62.9,10,62.9,63,63,63.1,63,0,79
62.9,10,62.9,62.9,63,63,63.1,0,79
62.8,10,62.9,62.9,62.9,63,63,0,79
62.9,10,62.8,62.9,62.9,62.9,63,0,79
62.8,10,62.9,62.8,62.9,62.9,62.9,0,77
62.8,10,62.8,62.9,62.8,62.9,62.9,0,77
62.8,10,62.8,62.8,62.9,62.8,62.9,0,77
62.8,10,62.8,62.8,62.8,62.9,62.8,0,75
62.8,10,62.8,62.8,62.8,62.8,62.9,0,74
62.7,10,62.8,62.8,62.8,62.8,62.8,0,75
62.7,10,62.7,62.8,62.8,62.8,62.8,0,74
62.7,10,62.7,62.7,62.8,62.8,62.8,0,74
62.8,11,62.7,62.7,62.7,62.8,62.8,0,74
62.9,11,62.8,62.7,62.7,62.7,62.8,0,73
62.9,11,62.9,62.8,62.7,62.7,62.7,0,73
62.9,11,62.9,62.9,62.8,62.7,62.7,0,73
62.8,11,62.9,62.9,62.9,62.8,62.7,0,73
62.8,11,62.8,62.9,62.9,62.9,62.8,0,73
62.7,11,62.8,62.8,62.9,62.9,62.9,0,73
62.7,11,62.7,62.8,62.8,62.9,62.9,0,73
62.7,11,62.7,62.7,62.8,62.8,62.9,0,72
62.6,11,62.7,62.7,62.7,62.8,62.8,0,72
62.6,11,62.6,62.7,62.7,62.7,62.8,0,72
62.6,11,62.6,62.6,62.7,62.7,62.7,0,70
62.6,12,62.6,62.6,62.6,62.7,62.7,0,70
62.6,12,62.6,62.6,62.6,62.6,62.7,0,70
62.6,12,62.6,62.6,62.6,62.6,62.6,0,69
62.6,12,62.6,62.6,62.6,62.6,62.6,0,69
62.6,12,62.6,62.6,62.6,62.6,62.6,0,68
62.6,12,62.6,62.6,62.6,62.6,62.6,0,68
62.7,12,62.6,62.6,62.6,62.6,62.6,0,68
62.9,12,62.7,62.6,62.6,62.6,62.6,0,67
63,12,62.9,62.7,62.6,62.6,62.6,0,68
63.4,12,63,62.9,62.7,62.6,62.6,0,67
63.5,12,63.4,63,62.9,62.7,62.6,0,67
63.7,12,63.5,63.4,63,62.9,62.7,0,67
63.9,13,63.7,63.5,63.4,63,62.9,0,67
64.1,13,63.9,63.7,63.5,63.4,63,0,66
64.1,13,64.1,63.9,63.7,63.5,63.4,0,66
64.3,13,64.1,64.1,63.9,63.7,63.5,0,66
64.3,13,64.3,64.1,64.1,63.9,63.7,0,66
64.4,13,64.3,64.3,64.1,64.1,63.9,0,65
64.4,13,64.4,64.3,64.3,64.1,64.1,0,65
64.3,13,64.4,64.4,64.3,64.3,64.1,0,65
64.2,13,64.3,64.4,64.4,64.3,64.3,0,65
64.2,13,64.2,64.3,64.4,64.4,64.3,0,65
64.1,13,64.2,64.2,64.3,64.4,64.4,0,65
64,13,64.1,64.2,64.2,64.3,64.4,0,65
63.9,13,64,64.1,64.2,64.2,64.3,0,65
63.7,14,63.9,64,64.1,64.2,64.2,0,65
63.8,14,63.7,63.9,64,64.1,64.2,0,65
63.8,14,63.8,63.7,63.9,64,64.1,0,65
63.6,14,63.8,63.8,63.7,63.9,64,0,65
63.6,14,63.6,63.8,63.8,63.7,63.9,0,65
63.5,14,63.6,63.6,63.8,63.8,63.7,0,65
63.6,14,63.5,63.6,63.6,63.8,63.8,0,64
63.4,14,63.6,63.5,63.6,63.6,63.8,0,64
63.4,14,63.4,63.6,63.5,63.6,63.6,0,64
63.4,14,63.4,63.4,63.6,63.5,63.6,0,64
63.3,14,63.4,63.4,63.4,63.6,63.5,0,64
63.4,14,63.3,63.4,63.4,63.4,63.6,0,64
63.4,15,63.4,63.3,63.4,63.4,63.4,0,64
63.3,15,63.4,63.4,63.3,63.4,63.4,0,64
63.2,15,63.3,63.4,63.4,63.3,63.4,0,64
63.1,15,63.2,63.3,63.4,63.4,63.3,0,64
63.2,15,63.1,63.2,63.3,63.4,63.4,0,64
63.1,15,63.2,63.1,63.2,63.3,63.4,0,64
63.1,15,63.1,63.2,63.1,63.2,63.3,0,64
63.1,15,63.1,63.1,63.2,63.1,63.2,0,64
63,15,63.1,63.1,63.1,63.2,63.1,0,64
63,15,63,63.1,63.1,63.1,63.2,0,64
63,15,63,63,63.1,63.1,63.1,0,64
63,15,63,63,63,63.1,63.1,0,64
63,16,63,63,63,63,63.1,0,64
63,16,63,63,63,63,63,0,64
63,16,63,63,63,63,63,0,64
63,16,63,63,63,63,63,0,64
63,16,63,63,63,63,63,0,64
63,16,63,63,63,63,63,0,64
63,16,63,63,63,63,63,0,64
63,16,63,63,63,63,63,0,64
63,16,63,63,63,63,63,0,64
62.5,16,63,63,63,63,63,0,65
61.9,16,62.5,63,63,63,63,0,65
61.6,16,61.9,62.5,63,63,63,0,65
62,16,61.6,61.9,62.5,63,63,0,66
62.3,17,62,61.6,61.9,62.5,63,0,66
62.6,17,62.3,62,61.6,61.9,62.5,0,67
62.8,17,62.6,62.3,62,61.6,61.9,0,67
62.9,17,62.8,62.6,62.3,62,61.6,0,67
63,17,62.9,62.8,62.6,62.3,62,0,69
63.1,17,63,62.9,62.8,62.6,62.3,0,70
63.1,17,63.1,63,62.9,62.8,62.6,0,69
63.2,17,63.1,63.1,63,62.9,62.8,0,70
63.2,17,63.2,63.1,63.1,63,62.9,0,70
63.3,17,63.2,63.2,63.1,63.1,63,0,70
63.3,17,63.3,63.2,63.2,63.1,63.1,0,72
63.3,17,63.3,63.3,63.2,63.2,63.1,0,72
63.3,18,63.3,63.3,63.3,63.2,63.2,0,72
63.3,18,63.3,63.3,63.3,63.3,63.2,0,73
63.3,18,63.3,63.3,63.3,63.3,63.3,0,72
63.3,18,63.3,63.3,63.3,63.3,63.3,0,73
63.3,18,63.3,63.3,63.3,63.3,63.3,0,73
63.3,18,63.3,63.3,63.3,63.3,63.3,0,74
63.3,18,63.3,63.3,63.3,63.3,63.3,0,74
63.3,18,63.3,63.3,63.3,63.3,63.3,0,74
63.3,18,63.3,63.3,63.3,63.3,63.3,0,74
63.3,18,63.3,63.3,63.3,63.3,63.3,0,74
63.3,18,63.3,63.3,63.3,63.3,63.3,0,74
63.4,18,63.3,63.3,63.3,63.3,63.3,0,74
63.4,18,63.4,63.3,63.3,63.3,63.3,0,75
63.4,19,63.4,63.4,63.3,63.3,63.3,0,75
63.4,19,63.4,63.4,63.4,63.3,63.3,0,75
63.4,19,63.4,63.4,63.4,63.4,63.3,0,75
63.4,19,63.4,63.4,63.4,63.4,63.4,0,75
63.4,19,63.4,63.4,63.4,63.4,63.4,0,75
63.4,19,63.4,63.4,63.4,63.4,63.4,0,76
63.4,19,63.4,63.4,63.4,63.4,63.4,0,76
63.5,19,63.4,63.4,63.4,63.4,63.4,0,76
63.5,19,63.5,63.4,63.4,63.4,63.4,0,76
63.5,19,63.5,63.5,63.4,63.4,63.4,0,76
63.6,19,63.5,63.5,63.5,63.4,63.4,0,76
63.6,19,63.6,63.5,63.5,63.5,63.4,0,76
63.7,20,63.6,63.6,63.5,63.5,63.5,0,76
63.8,20,63.7,63.6,63.6,63.5,63.5,0,75
63.9,20,63.8,63.7,63.6,63.6,63.5,0,76
64,20,63.9,63.8,63.7,63.6,63.6,0,76
64.1,20,64,63.9,63.8,63.7,63.6,0,76
64.3,20,64.1,64,63.9,63.8,63.7,0,76
64.4,20,64.3,64.1,64,63.9,63.8,0,76
64.5,20,64.4,64.3,64.1,64,63.9,0,76
64.6,20,64.5,64.4,64.3,64.1,64,0,76
64.7,20,64.6,64.5,64.4,64.3,64.1,0,76
64.8,20,64.7,64.6,64.5,64.4,64.3,0,75
64.9,20,64.8,64.7,64.6,64.5,64.4,0,75
65,21,64.9,64.8,64.7,64.6,64.5,0,75
65.2,21,65,64.9,64.8,64.7,64.6,0,76
65.3,21,65.2,65,64.9,64.8,64.7,0,76
65.3,21,65.3,65.2,65,64.9,64.8,0,76
65.5,21,65.3,65.3,65.2,65,64.9,0,76
65.6,21,65.5,65.3,65.3,65.2,65,0,76
65.7,21,65.6,65.5,65.3,65.3,65.2,0,76
65.8,21,65.7,65.6,65.5,65.3,65.3,0,77
65.9,21,65.8,65.7,65.6,65.5,65.3,0,76
66,21,65.9,65.8,65.7,65.6,65.5,0,77
66.1,21,66,65.9,65.8,65.7,65.6,0,77
66.2,21,66.1,66,65.9,65.8,65.7,0,77
66.3,21,66.2,66.1,66,65.9,65.8,0,78
66.4,22,66.3,66.2,66.1,66,65.9,0,78
66.5,22,66.4,66.3,66.2,66.1,66,0,78
66.5,22,66.5,66.4,66.3,66.2,66.1,0,78
66.4,22,66.5,66.5,66.4,66.3,66.2,0,78
66.5,22,66.4,66.5,66.5,66.4,66.3,0,78
66.5,22,66.5,66.4,66.5,66.5,66.4,0,78
66.5,22,66.5,66.5,66.4,66.5,66.5,0,78
66.5,22,66.5,66.5,66.5,66.4,66.5,0,78
66.5,22,66.5,66.5,66.5,66.5,66.4,0,78
66.6,22,66.5,66.5,66.5,66.5,66.5,0,78
66.7,22,66.6,66.5,66.5,66.5,66.5,0,79
66.8,22,66.7,66.6,66.5,66.5,66.5,0,79
66.9,23,66.8,66.7,66.6,66.5,66.5,0,79
67,23,66.9,66.8,66.7,66.6,66.5,0,79
67,23,67,66.9,66.8,66.7,66.6,0,79
67.2,23,67,67,66.9,66.8,66.7,0,79
67.3,23,67.2,67,67,66.9,66.8,0,78
67.3,23,67.3,67.2,67,67,66.9,0,78
67.3,23,67.3,67.3,67.2,67,67,0,79
67.3,23,67.3,67.3,67.3,67.2,67,0,79
67.3,23,67.3,67.3,67.3,67.3,67.2,0,80
67.2,23,67.3,67.3,67.3,67.3,67.3,0,79
67,23,67.2,67.3,67.3,67.3,67.3,0,79
66.8,23,67,67.2,67.3,67.3,67.3,0,79
66.7,0,66.8,67,67.2,67.3,67.3,0,79
66.6,0,66.7,66.8,67,67.2,67.3,0,79
66.4,0,66.6,66.7,66.8,67,67.2,0,79
66.3,0,66.4,66.6,66.7,66.8,67,0,79
66.2,0,66.3,66.4,66.6,66.7,66.8,0,80
66.1,0,66.2,66.3,66.4,66.6,66.7,0,80
66,0,66.1,66.2,66.3,66.4,66.6,0,80
66,0,66,66.1,66.2,66.3,66.4,0,80
65.9,0,66,66,66.1,66.2,66.3,0,79
65.8,0,65.9,66,66,66.1,66.2,0,79
65.7,0,65.8,65.9,66,66,66.1,0,78
65.7,0,65.7,65.8,65.9,66,66,0,78
65.6,0,65.7,65.7,65.8,65.9,66,0,78
65.6,1,65.6,65.7,65.7,65.8,65.9,0,79
65.5,1,65.6,65.6,65.7,65.7,65.8,0,78
65.5,1,65.5,65.6,65.6,65.7,65.7,0,78
65.4,1,65.5,65.5,65.6,65.6,65.7,0,79
65.3,1,65.4,65.5,65.5,65.6,65.6,0,79
65.3,1,65.3,65.4,65.5,65.5,65.6,0,79
65.2,1,65.3,65.3,65.4,65.5,65.5,0,79
65.2,1,65.2,65.3,65.3,65.4,65.5,0,79
65.1,1,65.2,65.2,65.3,65.3,65.4,0,79
65.1,1,65.1,65.2,65.2,65.3,65.3,0,79
65,1,65.1,65.1,65.2,65.2,65.3,0,79
65,1,65,65.1,65.1,65.2,65.2,0,79
65,2,65,65,65.1,65.1,65.2,0,79
64.9,2,65,65,65,65.1,65.1,0,80
64.9,2,64.9,65,65,65,65.1,0,81
64.9,2,64.9,64.9,65,65,65,0,81
64.8,2,64.9,64.9,64.9,65,65,0,81
64.8,2,64.8,64.9,64.9,64.9,65,0,81
64.8,2,64.8,64.8,64.9,64.9,64.9,0,80
64.7,2,64.8,64.8,64.8,64.9,64.9,0,80
64.7,2,64.7,64.8,64.8,64.8,64.9,0,81
64.7,2,64.7,64.7,64.8,64.8,64.8,0,81
64.7,2,64.7,64.7,64.7,64.8,64.8,0,81
64.7,2,64.7,64.7,64.7,64.7,64.8,0,80
64.6,2,64.7,64.7,64.7,64.7,64.7,0,81
64.6,3,64.6,64.7,64.7,64.7,64.7,0,81
64.5,3,64.6,64.6,64.7,64.7,64.7,0,81
64.5,3,64.5,64.6,64.6,64.7,64.7,0,81
64.5,3,64.5,64.5,64.6,64.6,64.7,0,81
64.5,3,64.5,64.5,64.5,64.6,64.6,0,81
64.5,3,64.5,64.5,64.5,64.5,64.6,0,81
64.5,3,64.5,64.5,64.5,64.5,64.5,0,81
64.4,3,64.5,64.5,64.5,64.5,64.5,0,81
64.4,3,64.4,64.5,64.5,64.5,64.5,0,80
64.4,3,64.4,64.4,64.5,64.5,64.5,0,81
64.4,3,64.4,64.4,64.4,64.5,64.5,0,80
64.4,3,64.4,64.4,64.4,64.4,64.5,0,80
64.3,4,64.4,64.4,64.4,64.4,64.4,0,80
64.3,4,64.3,64.4,64.4,64.4,64.4,0,80
64.3,4,64.3,64.3,64.4,64.4,64.4,0,81
64.3,4,64.3,64.3,64.3,64.4,64.4,0,81
64.3,4,64.3,64.3,64.3,64.3,64.4,0,81
64.3,4,64.3,64.3,64.3,64.3,64.3,0,82
64.2,4,64.3,64.3,64.3,64.3,64.3,0,82
64.2,4,64.2,64.3,64.3,64.3,64.3,0,82
64.2,4,64.2,64.2,64.3,64.3,64.3,0,82
64.2,4,64.2,64.2,64.2,64.3,64.3,0,82
64.2,4,64.2,64.2,64.2,64.2,64.3,0,82
64.2,4,64.2,64.2,64.2,64.2,64.2,0,82
64.2,5,64.2,64.2,64.2,64.2,64.2,0,82
64.2,5,64.2,64.2,64.2,64.2,64.2,0,82
64.1,5,64.2,64.2,64.2,64.2,64.2,0,82
64,5,64.1,64.2,64.2,64.2,64.2,0,82
64.1,5,64,64.1,64.2,64.2,64.2,0,81
64,5,64.1,64,64.1,64.2,64.2,0,81
64.1,5,64,64.1,64,64.1,64.2,0,81
64,5,64.1,64,64.1,64,64.1,0,81
64,5,64,64.1,64,64.1,64,0,81
64,5,64,64,64.1,64,64.1,0,82
64,5,64,64,64,64.1,64,0,82
64,5,64,64,64,64,64.1,0,82
64,5,64,64,64,64,64,0,82
64,6,64,64,64,64,64,0,82
63.9,6,64,64,64,64,64,0,83
64,6,63.9,64,64,64,64,0,83
63.9,6,64,63.9,64,64,64,0,83
63.9,6,63.9,64,63.9,64,64,0,84
63.9,6,63.9,63.9,64,63.9,64,0,84
63.9,6,63.9,63.9,63.9,64,63.9,0,84
63.8,6,63.9,63.9,63.9,63.9,64,0,83
63.8,6,63.8,63.9,63.9,63.9,63.9,0,83
63.8,6,63.8,63.8,63.9,63.9,63.9,0,83
63.8,6,63.8,63.8,63.8,63.9,63.9,0,83
63.8,6,63.8,63.8,63.8,63.8,63.9,0,83
63.8,7,63.8,63.8,63.8,63.8,63.8,0,83
63.8,7,63.8,63.8,63.8,63.8,63.8,0,83
63.8,7,63.8,63.8,63.8,63.8,63.8,0,83
63.7,7,63.8,63.8,63.8,63.8,63.8,0,83
63.7,7,63.7,63.8,63.8,63.8,63.8,0,83
63.7,7,63.7,63.7,63.8,63.8,63.8,0,83
63.7,7,63.7,63.7,63.7,63.8,63.8,0,83
63.7,7,63.7,63.7,63.7,63.7,63.8,0,83
63.7,7,63.7,63.7,63.7,63.7,63.7,0,83
63.7,7,63.7,63.7,63.7,63.7,63.7,0,83
63.7,7,63.7,63.7,63.7,63.7,63.7,0,83
63.7,7,63.7,63.7,63.7,63.7,63.7,0,82
63.7,8,63.7,63.7,63.7,63.7,63.7,0,82
63.7,8,63.7,63.7,63.7,63.7,63.7,0,82
63.7,8,63.7,63.7,63.7,63.7,63.7,0,82
63.7,8,63.7,63.7,63.7,63.7,63.7,0,82
63.7,8,63.7,63.7,63.7,63.7,63.7,0,82
63.7,8,63.7,63.7,63.7,63.7,63.7,0,81
63.6,8,63.7,63.7,63.7,63.7,63.7,0,81
63.5,8,63.6,63.7,63.7,63.7,63.7,0,81
63.5,8,63.5,63.6,63.7,63.7,63.7,0,82
63.5,8,63.5,63.5,63.6,63.7,63.7,0,82
63.5,8,63.5,63.5,63.5,63.6,63.7,0,82
63.4,8,63.5,63.5,63.5,63.5,63.6,0,82
63.3,8,63.4,63.5,63.5,63.5,63.5,0,83
63.3,9,63.3,63.4,63.5,63.5,63.5,0,83
63.2,9,63.3,63.3,63.4,63.5,63.5,0,83
63.2,9,63.2,63.3,63.3,63.4,63.5,0,83
63.2,9,63.2,63.2,63.3,63.3,63.4,0,82
63.5,9,63.2,63.2,63.2,63.3,63.3,0,83
62,9,63.5,63.2,63.2,63.2,63.3,0,83
60.2,9,62,63.5,63.2,63.2,63.2,0,83
60,9,60.2,62,63.5,63.2,63.2,0,81
59.6,9,60,60.2,62,63.5,63.2,0,81
59.5,9,59.6,60,60.2,62,63.5,0,81
59.6,9,59.5,59.6,60,60.2,62,0,81
59.9,9,59.6,59.5,59.6,60,60.2,0,81
60.3,10,59.9,59.6,59.5,59.6,60,0,81
59.7,10,60.3,59.9,59.6,59.5,59.6,0,81
59.3,10,59.7,60.3,59.9,59.6,59.5,0,80
59.2,10,59.3,59.7,60.3,59.9,59.6,0,80
59.1,10,59.2,59.3,59.7,60.3,59.9,0,80
59.4,10,59.1,59.2,59.3,59.7,60.3,0,79
60.2,10,59.4,59.1,59.2,59.3,59.7,0,79
60.5,10,60.2,59.4,59.1,59.2,59.3,0,79
58.9,10,60.5,60.2,59.4,59.1,59.2,0,79
57,10,58.9,60.5,60.2,59.4,59.1,0,79
57.9,10,57,58.9,60.5,60.2,59.4,0,78
59.1,10,57.9,57,58.9,60.5,60.2,0,78
59.3,10,59.1,57.9,57,58.9,60.5,0,77
59.6,11,59.3,59.1,57.9,57,58.9,0,76
59.2,11,59.6,59.3,59.1,57.9,57,0,76
58.8,11,59.2,59.6,59.3,59.1,57.9,0,76
58.5,11,58.8,59.2,59.6,59.3,59.1,0,76
58,11,58.5,58.8,59.2,59.6,59.3,0,76
57.5,11,58,58.5,58.8,59.2,59.6,0,76
57.7,11,57.5,58,58.5,58.8,59.2,0,77
57.8,11,57.7,57.5,58,58.5,58.8,0,76
57.6,11,57.8,57.7,57.5,58,58.5,0,76
57.6,11,57.6,57.8,57.7,57.5,58,0,77
57.5,11,57.6,57.6,57.8,57.7,57.5,0,76
57.5,11,57.5,57.6,57.6,57.8,57.7,0,76
57.5,12,57.5,57.5,57.6,57.6,57.8,0,75
57.5,12,57.5,57.5,57.5,57.6,57.6,0,75
57.4,12,57.5,57.5,57.5,57.5,57.6,0,75
57.5,12,57.4,57.5,57.5,57.5,57.5,0,73
57.4,12,57.5,57.4,57.5,57.5,57.5,0,73
55.7,12,57.4,57.5,57.4,57.5,57.5,0,73
56.4,12,55.7,57.4,57.5,57.4,57.5,0,73
56.9,12,56.4,55.7,57.4,57.5,57.4,0,73
57.2,12,56.9,56.4,55.7,57.4,57.5,0,73
57.2,12,57.2,56.9,56.4,55.7,57.4,0,72
57.4,12,57.2,57.2,56.9,56.4,55.7,0,72
57.3,12,57.4,57.2,57.2,56.9,56.4,0,72
57.3,13,57.3,57.4,57.2,57.2,56.9,0,72
57.3,13,57.3,57.3,57.4,57.2,57.2,0,73
57.4,13,57.3,57.3,57.3,57.4,57.2,0,72
57.4,13,57.4,57.3,57.3,57.3,57.4,0,72
57.3,13,57.4,57.4,57.3,57.3,57.3,0,72
57.3,13,57.3,57.4,57.4,57.3,57.3,0,73
57.3,13,57.3,57.3,57.4,57.4,57.3,0,73
57.4,13,57.3,57.3,57.3,57.4,57.4,0,73
57.4,13,57.4,57.3,57.3,57.3,57.4,0,73
57.4,13,57.4,57.4,57.3,57.3,57.3,0,73
57.4,13,57.4,57.4,57.4,57.3,57.3,0,72
57.4,13,57.4,57.4,57.4,57.4,57.3,0,72
57.3,13,57.4,57.4,57.4,57.4,57.4,0,73
57.1,14,57.3,57.4,57.4,57.4,57.4,0,73
57.3,14,57.1,57.3,57.4,57.4,57.4,0,72
57.5,14,57.3,57.1,57.3,57.4,57.4,0,73
57.7,14,57.5,57.3,57.1,57.3,57.4,0,73
57.8,14,57.7,57.5,57.3,57.1,57.3,0,72
57.9,14,57.8,57.7,57.5,57.3,57.1,0,73
57.9,14,57.9,57.8,57.7,57.5,57.3,0,72
58.1,14,57.9,57.9,57.8,57.7,57.5,0,73
58.2,14,58.1,57.9,57.9,57.8,57.7,0,73
58.2,14,58.2,58.1,57.9,57.9,57.8,0,73
58.2,14,58.2,58.2,58.1,57.9,57.9,0,73
58.3,14,58.2,58.2,58.2,58.1,57.9,0,73
58.3,15,58.3,58.2,58.2,58.2,58.1,0,73
58.3,15,58.3,58.3,58.2,58.2,58.2,0,73
58.4,15,58.3,58.3,58.3,58.2,58.2,0,73
58.4,15,58.4,58.3,58.3,58.3,58.2,0,73
58.5,15,58.4,58.4,58.3,58.3,58.3,0,74
58.5,15,58.5,58.4,58.4,58.3,58.3,0,74
58.4,15,58.5,58.5,58.4,58.4,58.3,0,74
58.6,15,58.4,58.5,58.5,58.4,58.4,0,74
58.6,15,58.6,58.4,58.5,58.5,58.4,0,74
58.7,15,58.6,58.6,58.4,58.5,58.5,0,74
58.8,15,58.7,58.6,58.6,58.4,58.5,0,74
58.9,15,58.8,58.7,58.6,58.6,58.4,0,75
58.9,16,58.9,58.8,58.7,58.6,58.6,0,75
59,16,58.9,58.9,58.8,58.7,58.6,0,75
59,16,59,58.9,58.9,58.8,58.7,0,75
59.1,16,59,59,58.9,58.9,58.8,0,75
59.2,16,59.1,59,59,58.9,58.9,0,75
59.2,16,59.2,59.1,59,59,58.9,0,76
60.2,16,59.2,59.2,59.1,59,59,0,76
59.9,16,60.2,59.2,59.2,59.1,59,0,76
59.6,16,59.9,60.2,59.2,59.2,59.1,0,75
59.2,16,59.6,59.9,60.2,59.2,59.2,0,77
58.9,16,59.2,59.6,59.9,60.2,59.2,0,77
58.5,16,58.9,59.2,59.6,59.9,60.2,0,77
58.3,16,58.5,58.9,59.2,59.6,59.9,0,77
57.9,17,58.3,58.5,58.9,59.2,59.6,0,77
57.6,17,57.9,58.3,58.5,58.9,59.2,0,78
57.6,17,57.6,57.9,58.3,58.5,58.9,0,78
57.3,17,57.6,57.6,57.9,58.3,58.5,0,78
57.2,17,57.3,57.6,57.6,57.9,58.3,0,78
57.2,17,57.2,57.3,57.6,57.6,57.9,0,79
57.1,17,57.2,57.2,57.3,57.6,57.6,0,79
56.8,17,57.1,57.2,57.2,57.3,57.6,0,80
56.8,17,56.8,57.1,57.2,57.2,57.3,0,80
57,17,56.8,56.8,57.1,57.2,57.2,0,80
57.1,17,57,56.8,56.8,57.1,57.2,0,82
57.2,17,57.1,57,56.8,56.8,57.1,0,82
57.2,18,57.2,57.1,57,56.8,56.8,0,82
57.5,18,57.2,57.2,57.1,57,56.8,0,82
57.8,18,57.5,57.2,57.2,57.1,57,0,82
57.9,18,57.8,57.5,57.2,57.2,57.1,0,82
58.1,18,57.9,57.8,57.5,57.2,57.2,0,83
58.2,18,58.1,57.9,57.8,57.5,57.2,0,83
58.2,18,58.2,58.1,57.9,57.8,57.5,0,83
58.2,18,58.2,58.2,58.1,57.9,57.8,0,83
58.4,18,58.2,58.2,58.2,58.1,57.9,0,83
58.6,18,58.4,58.2,58.2,58.2,58.1,0,83
58.7,18,58.6,58.4,58.2,58.2,58.2,0,83
58.9,18,58.7,58.6,58.4,58.2,58.2,0,83
59,18,58.9,58.7,58.6,58.4,58.2,0,83
59.1,19,59,58.9,58.7,58.6,58.4,0,83
59.1,19,59.1,59,58.9,58.7,58.6,0,83
59.2,19,59.1,59.1,59,58.9,58.7,0,83
59.2,19,59.2,59.1,59.1,59,58.9,0,83
59.3,19,59.2,59.2,59.1,59.1,59,0,83
59.3,19,59.3,59.2,59.2,59.1,59.1,0,84
59.4,19,59.3,59.3,59.2,59.2,59.1,0,84
59.3,19,59.4,59.3,59.3,59.2,59.2,0,84
59.4,19,59.3,59.4,59.3,59.3,59.2,0,84
59.5,19,59.4,59.3,59.4,59.3,59.3,0,83
59.5,19,59.5,59.4,59.3,59.4,59.3,0,84
59.5,19,59.5,59.5,59.4,59.3,59.4,0,83
59.6,20,59.5,59.5,59.5,59.4,59.3,0,83
59.6,20,59.6,59.5,59.5,59.5,59.4,0,83
59.7,20,59.6,59.6,59.5,59.5,59.5,0,83
59.7,20,59.7,59.6,59.6,59.5,59.5,0,84
59.8,20,59.7,59.7,59.6,59.6,59.5,0,83
59.8,20,59.8,59.7,59.7,59.6,59.6,0,84
60,20,59.8,59.8,59.7,59.7,59.6,0,85
60,20,60,59.8,59.8,59.7,59.7,0,85
60,20,60,60,59.8,59.8,59.7,0,85
60.1,20,60,60,60,59.8,59.8,0,85
60.6,20,60.1,60,60,60,59.8,0,85
60.8,20,60.6,60.1,60,60,60,0,85
61,21,60.8,60.6,60.1,60,60,0,85
61.1,21,61,60.8,60.6,60.1,60,0,85
61.1,21,61.1,61,60.8,60.6,60.1,0,85
61.2,21,61.1,61.1,61,60.8,60.6,0,85
61.2,21,61.2,61.1,61.1,61,60.8,0,85
61.4,21,61.2,61.2,61.1,61.1,61,0,84
61.5,21,61.4,61.2,61.2,61.1,61.1,0,84
61.7,21,61.5,61.4,61.2,61.2,61.1,0,84
61.7,21,61.7,61.5,61.4,61.2,61.2,0,84
61.8,21,61.7,61.7,61.5,61.4,61.2,0,84
61.8,21,61.8,61.7,61.7,61.5,61.4,0,84
61.9,21,61.8,61.8,61.7,61.7,61.5,0,84
62,21,61.9,61.8,61.8,61.7,61.7,0,84
62,22,62,61.9,61.8,61.8,61.7,0,84
62,22,62,62,61.9,61.8,61.8,0,83
62.1,22,62,62,62,61.9,61.8,0,83
62.1,22,62.1,62,62,62,61.9,0,83
62.2,22,62.1,62.1,62,62,62,0,84
62.3,22,62.2,62.1,62.1,62,62,0,83
62.4,22,62.3,62.2,62.1,62.1,62,0,84
62.4,22,62.4,62.3,62.2,62.1,62.1,0,83
62.4,22,62.4,62.4,62.3,62.2,62.1,0,84
62.5,22,62.4,62.4,62.4,62.3,62.2,0,84
62.6,22,62.5,62.4,62.4,62.4,62.3,0,84
62.6,22,62.6,62.5,62.4,62.4,62.4,0,84
62.6,23,62.6,62.6,62.5,62.4,62.4,0,84
62.6,23,62.6,62.6,62.6,62.5,62.4,0,84
62.6,23,62.6,62.6,62.6,62.6,62.5,0,84
62.6,23,62.6,62.6,62.6,62.6,62.6,0,84
62.6,23,62.6,62.6,62.6,62.6,62.6,0,84
62.5,23,62.6,62.6,62.6,62.6,62.6,0,81
62.6,23,62.5,62.6,62.6,62.6,62.6,0,81
62.6,23,62.6,62.5,62.6,62.6,62.6,0,81
62.6,23,62.6,62.6,62.5,62.6,62.6,0,83
62.7,23,62.6,62.6,62.6,62.5,62.6,0,83
62.6,23,62.7,62.6,62.6,62.6,62.5,0,82
62.6,23,62.6,62.7,62.6,62.6,62.6,0,82
62.6,0,62.6,62.6,62.7,62.6,62.6,0,82
62.6,0,62.6,62.6,62.6,62.7,62.6,0,82
62.6,0,62.6,62.6,62.6,62.6,62.7,0,82
62.6,0,62.6,62.6,62.6,62.6,62.6,0,81
62.6,0,62.6,62.6,62.6,62.6,62.6,0,81
62.6,0,62.6,62.6,62.6,62.6,62.6,0,80
62.6,0,62.6,62.6,62.6,62.6,62.6,0,80
62.6,0,62.6,62.6,62.6,62.6,62.6,0,80
62.6,0,62.6,62.6,62.6,62.6,62.6,0,80
62.6,0,62.6,62.6,62.6,62.6,62.6,0,80
62.5,0,62.6,62.6,62.6,62.6,62.6,0,80
62.5,0,62.5,62.6,62.6,62.6,62.6,0,80
62.5,0,62.5,62.5,62.6,62.6,62.6,0,80
62.5,1,62.5,62.5,62.5,62.6,62.6,0,81
62.5,1,62.5,62.5,62.5,62.5,62.6,0,81
62.5,1,62.5,62.5,62.5,62.5,62.5,0,81
62.5,1,62.5,62.5,62.5,62.5,62.5,0,82
62.5,1,62.5,62.5,62.5,62.5,62.5,0,82
62.5,1,62.5,62.5,62.5,62.5,62.5,0,82
62.5,1,62.5,62.5,62.5,62.5,62.5,0,82
62.5,1,62.5,62.5,62.5,62.5,62.5,0,82
62.5,1,62.5,62.5,62.5,62.5,62.5,0,82
62.5,1,62.5,62.5,62.5,62.5,62.5,0,82
62.5,1,62.5,62.5,62.5,62.5,62.5,0,83
62.5,1,62.5,62.5,62.5,62.5,62.5,0,83
62.5,2,62.5,62.5,62.5,62.5,62.5,0,83
62.5,2,62.5,62.5,62.5,62.5,62.5,0,83
62.5,2,62.5,62.5,62.5,62.5,62.5,0,83
62.5,2,62.5,62.5,62.5,62.5,62.5,0,83
62.5,2,62.5,62.5,62.5,62.5,62.5,0,83
62.5,2,62.5,62.5,62.5,62.5,62.5,0,84
62.4,2,62.5,62.5,62.5,62.5,62.5,0,84
62.5,2,62.4,62.5,62.5,62.5,62.5,0,84
62.5,2,62.5,62.4,62.5,62.5,62.5,0,84
62.5,2,62.5,62.5,62.4,62.5,62.5,0,84
62.5,2,62.5,62.5,62.5,62.4,62.5,0,84
62.5,2,62.5,62.5,62.5,62.5,62.4,0,84
62.5,2,62.5,62.5,62.5,62.5,62.5,0,84
62.4,3,62.5,62.5,62.5,62.5,62.5,0,84
62.4,3,62.4,62.5,62.5,62.5,62.5,0,83
62.5,3,62.4,62.4,62.5,62.5,62.5,0,83
62.5,3,62.5,62.4,62.4,62.5,62.5,0,83
62.5,3,62.5,62.5,62.4,62.4,62.5,0,83
62.5,3,62.5,62.5,62.5,62.4,62.4,0,82
62.5,3,62.5,62.5,62.5,62.5,62.4,0,82
62.5,3,62.5,62.5,62.5,62.5,62.5,0,82
62.5,3,62.5,62.5,62.5,62.5,62.5,0,82
62.5,3,62.5,62.5,62.5,62.5,62.5,0,82
62.5,3,62.5,62.5,62.5,62.5,62.5,0,81
62.5,3,62.5,62.5,62.5,62.5,62.5,0,80
62.5,4,62.5,62.5,62.5,62.5,62.5,0,79
62.5,4,62.5,62.5,62.5,62.5,62.5,0,79
62.5,4,62.5,62.5,62.5,62.5,62.5,0,79
62.5,4,62.5,62.5,62.5,62.5,62.5,0,79
62.5,4,62.5,62.5,62.5,62.5,62.5,0,79
62.5,4,62.5,62.5,62.5,62.5,62.5,0,79
62.5,4,62.5,62.5,62.5,62.5,62.5,0,79
62.5,4,62.5,62.5,62.5,62.5,62.5,0,80
62.5,4,62.5,62.5,62.5,62.5,62.5,0,80
62.5,4,62.5,62.5,62.5,62.5,62.5,0,80
62.5,4,62.5,62.5,62.5,62.5,62.5,0,81
62.6,4,62.5,62.5,62.5,62.5,62.5,0,82
62.6,5,62.6,62.5,62.5,62.5,62.5,0,80
62.5,5,62.6,62.6,62.5,62.5,62.5,0,81
62.5,5,62.5,62.6,62.6,62.5,62.5,0,81
62.5,5,62.5,62.5,62.6,62.6,62.5,0,81
62.5,5,62.5,62.5,62.5,62.6,62.6,0,81
62.5,5,62.5,62.5,62.5,62.5,62.6,0,81
62.5,5,62.5,62.5,62.5,62.5,62.5,0,81
62.5,5,62.5,62.5,62.5,62.5,62.5,0,81
62.5,5,62.5,62.5,62.5,62.5,62.5,0,81
62.5,5,62.5,62.5,62.5,62.5,62.5,0,81
62.5,5,62.5,62.5,62.5,62.5,62.5,0,81
62.5,5,62.5,62.5,62.5,62.5,62.5,0,80
62.5,5,62.5,62.5,62.5,62.5,62.5,0,80
62.5,6,62.5,62.5,62.5,62.5,62.5,0,80
62.5,6,62.5,62.5,62.5,62.5,62.5,0,81
62.5,6,62.5,62.5,62.5,62.5,62.5,0,81
62.5,6,62.5,62.5,62.5,62.5,62.5,0,81
62.5,6,62.5,62.5,62.5,62.5,62.5,0,80
62.5,6,62.5,62.5,62.5,62.5,62.5,0,80
62.5,6,62.5,62.5,62.5,62.5,62.5,0,80
62.5,6,62.5,62.5,62.5,62.5,62.5,0,79
62.5,6,62.5,62.5,62.5,62.5,62.5,0,80
62.5,6,62.5,62.5,62.5,62.5,62.5,0,79
62.6,6,62.5,62.5,62.5,62.5,62.5,0,78
62.5,6,62.6,62.5,62.5,62.5,62.5,0,78
62.5,7,62.5,62.6,62.5,62.5,62.5,0,76
62.5,7,62.5,62.5,62.6,62.5,62.5,0,76
62.5,7,62.5,62.5,62.5,62.6,62.5,0,76
62.5,7,62.5,62.5,62.5,62.5,62.6,0,76
62.5,7,62.5,62.5,62.5,62.5,62.5,0,76
62.6,7,62.5,62.5,62.5,62.5,62.5,0,78
62.6,7,62.6,62.5,62.5,62.5,62.5,0,78
62.5,7,62.6,62.6,62.5,62.5,62.5,0,76
62.6,7,62.5,62.6,62.6,62.5,62.5,0,76
62.5,7,62.6,62.5,62.6,62.6,62.5,0,76
62.6,7,62.5,62.6,62.5,62.6,62.6,0,74
62.6,7,62.6,62.5,62.6,62.5,62.6,0,76
62.6,8,62.6,62.6,62.5,62.6,62.5,0,76
62.6,8,62.6,62.6,62.6,62.5,62.6,0,76
62.6,8,62.6,62.6,62.6,62.6,62.5,0,78
62.6,8,62.6,62.6,62.6,62.6,62.6,0,78
62.5,8,62.6,62.6,62.6,62.6,62.6,0,78
62.5,8,62.5,62.6,62.6,62.6,62.6,0,78
62.5,8,62.5,62.5,62.6,62.6,62.6,0,81
62.5,8,62.5,62.5,62.5,62.6,62.6,0,81
62.4,8,62.5,62.5,62.5,62.5,62.6,0,81
62.3,8,62.4,62.5,62.5,62.5,62.5,0,82
62.3,8,62.3,62.4,62.5,62.5,62.5,0,82
62.3,8,62.3,62.3,62.4,62.5,62.5,0,83
62.2,8,62.3,62.3,62.3,62.4,62.5,0,84
62.2,9,62.2,62.3,62.3,62.3,62.4,0,84
62.1,9,62.2,62.2,62.3,62.3,62.3,0,84
62,9,62.1,62.2,62.2,62.3,62.3,0,84
62,9,62,62.1,62.2,62.2,62.3,0,83
62,9,62,62,62.1,62.2,62.2,0,83
62,9,62,62,62,62.1,62.2,0,83
61.9,9,62,62,62,62,62.1,0,83
61.9,9,61.9,62,62,62,62,0,83
61.9,9,61.9,61.9,62,62,62,0,83
61.8,9,61.9,61.9,61.9,62,62,0,82
62,9,61.8,61.9,61.9,61.9,62,0,83
62,9,62,61.8,61.9,61.9,61.9,0,80
62,10,62,62,61.8,61.9,61.9,0,80
61.9,10,62,62,62,61.8,61.9,0,82
61.9,10,61.9,62,62,62,61.8,0,80
61.9,10,61.9,61.9,62,62,62,0,82
61.8,10,61.9,61.9,61.9,62,62,0,82
61.7,10,61.8,61.9,61.9,61.9,62,0,81
61.6,10,61.7,61.8,61.9,61.9,61.9,0,81
61.1,10,61.6,61.7,61.8,61.9,61.9,0,81
60.9,10,61.1,61.6,61.7,61.8,61.9,0,81
61.4,10,60.9,61.1,61.6,61.7,61.8,0,79
61.6,10,61.4,60.9,61.1,61.6,61.7,0,79
61.7,10,61.6,61.4,60.9,61.1,61.6,0,78
61.9,11,61.7,61.6,61.4,60.9,61.1,0,76
61.9,11,61.9,61.7,61.6,61.4,60.9,0,74
62.1,11,61.9,61.9,61.7,61.6,61.4,0,76
62.5,11,62.1,61.9,61.9,61.7,61.6,0,76
62.7,11,62.5,62.1,61.9,61.9,61.7,0,76
62.8,11,62.7,62.5,62.1,61.9,61.9,0,75
59.7,11,62.8,62.7,62.5,62.1,61.9,0,75
59.6,11,59.7,62.8,62.7,62.5,62.1,0,75
60.3,11,59.6,59.7,62.8,62.7,62.5,0,74
60.6,11,60.3,59.6,59.7,62.8,62.7,0,74
61.1,11,60.6,60.3,59.6,59.7,62.8,0,74
61.2,11,61.1,60.6,60.3,59.6,59.7,0,74
61.3,11,61.2,61.1,60.6,60.3,59.6,0,74
61.6,12,61.3,61.2,61.1,60.6,60.3,0,74
61.5,12,61.6,61.3,61.2,61.1,60.6,0,74
61.1,12,61.5,61.6,61.3,61.2,61.1,0,73
60.8,12,61.1,61.5,61.6,61.3,61.2,0,73
60.3,12,60.8,61.1,61.5,61.6,61.3,0,73
60,12,60.3,60.8,61.1,61.5,61.6,0,71
59.8,12,60,60.3,60.8,61.1,61.5,0,71
59.5,12,59.8,60,60.3,60.8,61.1,0,71
58.7,12,59.5,59.8,60,60.3,60.8,0,71
57.6,12,58.7,59.5,59.8,60,60.3,0,71
57.9,12,57.6,58.7,59.5,59.8,60,0,70
58.2,12,57.9,57.6,58.7,59.5,59.8,0,70
58.5,13,58.2,57.9,57.6,58.7,59.5,0,70
58.7,13,58.5,58.2,57.9,57.6,58.7,0,70
58.9,13,58.7,58.5,58.2,57.9,57.6,0,70
59,13,58.9,58.7,58.5,58.2,57.9,0,69
59.1,13,59,58.9,58.7,58.5,58.2,0,69
59.2,13,59.1,59,58.9,58.7,58.5,0,69
59.2,13,59.2,59.1,59,58.9,58.7,0,69
59.2,13,59.2,59.2,59.1,59,58.9,0,69
55.4,13,59.2,59.2,59.2,59.1,59,0,69
56.9,13,55.4,59.2,59.2,59.2,59.1,0,69
57.9,13,56.9,55.4,59.2,59.2,59.2,0,69
58.8,13,57.9,56.9,55.4,59.2,59.2,0,69
59.6,13,58.8,57.9,56.9,55.4,59.2,0,69
60.5,14,59.6,58.8,57.9,56.9,55.4,0,69
61.4,14,60.5,59.6,58.8,57.9,56.9,0,69
62.6,14,61.4,60.5,59.6,58.8,57.9,0,69
64,14,62.6,61.4,60.5,59.6,58.8,0,70
65.1,14,64,62.6,61.4,60.5,59.6,0,70
65,14,65.1,64,62.6,61.4,60.5,0,71
64.8,14,65,65.1,64,62.6,61.4,0,71
64.8,14,64.8,65,65.1,64,62.6,0,70
64.8,14,64.8,64.8,65,65.1,64,0,71
64.8,14,64.8,64.8,64.8,65,65.1,0,71
65.2,14,64.8,64.8,64.8,64.8,65,0,72
65.3,14,65.2,64.8,64.8,64.8,64.8,0,72
65.5,15,65.3,65.2,64.8,64.8,64.8,0,72
65.7,15,65.5,65.3,65.2,64.8,64.8,0,72
65.9,15,65.7,65.5,65.3,65.2,64.8,0,73
66,15,65.9,65.7,65.5,65.3,65.2,0,73
66.2,15,66,65.9,65.7,65.5,65.3,0,73
66.5,15,66.2,66,65.9,65.7,65.5,0,73
66.6,15,66.5,66.2,66,65.9,65.7,0,73
68.5,15,66.6,66.5,66.2,66,65.9,0,73
68,15,68.5,66.6,66.5,66.2,66,0,74
67.3,15,68,68.5,66.6,66.5,66.2,0,74
66.9,15,67.3,68,68.5,66.6,66.5,0,75
66.6,15,66.9,67.3,68,68.5,66.6,0,75
66.4,16,66.6,66.9,67.3,68,68.5,0,75
66.1,16,66.4,66.6,66.9,67.3,68,0,75
65.9,16,66.1,66.4,66.6,66.9,67.3,0,75
65.8,16,65.9,66.1,66.4,66.6,66.9,0,75
65.8,16,65.8,65.9,66.1,66.4,66.6,0,75
66.2,16,65.8,65.8,65.9,66.1,66.4,0,76
66.1,16,66.2,65.8,65.8,65.9,66.1,0,76
66.5,16,66.1,66.2,65.8,65.8,65.9,0,76
66.8,16,66.5,66.1,66.2,65.8,65.8,0,77
66.9,16,66.8,66.5,66.1,66.2,65.8,0,77
66.9,16,66.9,66.8,66.5,66.1,66.2,0,79
66.9,16,66.9,66.9,66.8,66.5,66.1,0,79
67,16,66.9,66.9,66.9,66.8,66.5,0,79
67.2,17,67,66.9,66.9,66.9,66.8,0,79
67.2,17,67.2,67,66.9,66.9,66.9,0,79
68.4,17,67.2,67.2,67,66.9,66.9,0,79
66.9,17,68.4,67.2,67.2,67,66.9,0,79
66.2,17,66.9,68.4,67.2,67.2,67,0,80
66,17,66.2,66.9,68.4,67.2,67.2,0,80
67.6,17,66,66.2,66.9,68.4,67.2,0,80
68.3,17,67.6,66,66.2,66.9,68.4,0,80
68.8,17,68.3,67.6,66,66.2,66.9,0,81
69,17,68.8,68.3,67.6,66,66.2,0,81
69.1,17,69,68.8,68.3,67.6,66,0,81
69.3,17,69.1,69,68.8,68.3,67.6,0,81
69.6,18,69.3,69.1,69,68.8,68.3,0,81
69.6,18,69.6,69.3,69.1,69,68.8,0,81
69.6,18,69.6,69.6,69.3,69.1,69,0,81
69.7,18,69.6,69.6,69.6,69.3,69.1,0,81
70,18,69.7,69.6,69.6,69.6,69.3,0,81
70.1,18,70,69.7,69.6,69.6,69.6,0,81
70.1,18,70.1,70,69.7,69.6,69.6,0,81
70.3,18,70.1,70.1,70,69.7,69.6,0,81
70.3,18,70.3,70.1,70.1,70,69.7,0,81
70.2,18,70.3,70.3,70.1,70.1,70,0,81
70,18,70.2,70.3,70.3,70.1,70.1,0,81
70.1,18,70,70.2,70.3,70.3,70.1,0,81
70.1,19,70.1,70,70.2,70.3,70.3,0,81
70.1,19,70.1,70.1,70,70.2,70.3,0,81
70.1,19,70.1,70.1,70.1,70,70.2,0,81
70.7,19,70.1,70.1,70.1,70.1,70,0,81
70.9,19,70.7,70.1,70.1,70.1,70.1,0,81
70.8,19,70.9,70.7,70.1,70.1,70.1,0,81
70.1,19,70.8,70.9,70.7,70.1,70.1,0,81
70.2,19,70.1,70.8,70.9,70.7,70.1,0,81
70.3,19,70.2,70.1,70.8,70.9,70.7,0,80
70.2,19,70.3,70.2,70.1,70.8,70.9,0,80
70.3,19,70.2,70.3,70.2,70.1,70.8,0,80
70.1,19,70.3,70.2,70.3,70.2,70.1,0,80
70,19,70.1,70.3,70.2,70.3,70.2,0,80
70,20,70,70.1,70.3,70.2,70.3,0,80
69.9,20,70,70,70.1,70.3,70.2,0,80
69.7,20,69.9,70,70,70.1,70.3,0,80
69.7,20,69.7,69.9,70,70,70.1,0,80
69.6,20,69.7,69.7,69.9,70,70,0,80
69.5,20,69.6,69.7,69.7,69.9,70,0,79
69.5,20,69.5,69.6,69.7,69.7,69.9,0,79
69.5,20,69.5,69.5,69.6,69.7,69.7,0,79
69.3,20,69.5,69.5,69.5,69.6,69.7,0,79
69.3,20,69.3,69.5,69.5,69.5,69.6,0,79
69.2,20,69.3,69.3,69.5,69.5,69.5,0,79
69.1,20,69.2,69.3,69.3,69.5,69.5,0,79
69,21,69.1,69.2,69.3,69.3,69.5,0,80
68.9,21,69,69.1,69.2,69.3,69.3,0,80
69.1,21,68.9,69,69.1,69.2,69.3,0,80
69.2,21,69.1,68.9,69,69.1,69.2,0,80
69.9,21,69.2,69.1,68.9,69,69.1,0,80
70.3,21,69.9,69.2,69.1,68.9,69,0,80
70.7,21,70.3,69.9,69.2,69.1,68.9,0,78
70.8,21,70.7,70.3,69.9,69.2,69.1,0,78
71,21,70.8,70.7,70.3,69.9,69.2,0,78
71.1,21,71,70.8,70.7,70.3,69.9,0,78
71.1,21,71.1,71,70.8,70.7,70.3,0,78
71.2,21,71.1,71.1,71,70.8,70.7,0,77
71.3,21,71.2,71.1,71.1,71,70.8,0,77
71.3,22,71.3,71.2,71.1,71.1,71,0,77
71.3,22,71.3,71.3,71.2,71.1,71.1,0,77
71.3,22,71.3,71.3,71.3,71.2,71.1,0,78
71.3,22,71.3,71.3,71.3,71.3,71.2,0,78
71.3,22,71.3,71.3,71.3,71.3,71.3,0,78
71.3,22,71.3,71.3,71.3,71.3,71.3,0,78
71.2,22,71.3,71.3,71.3,71.3,71.3,0,78
71.1,22,71.2,71.3,71.3,71.3,71.3,0,77
70.9,22,71.1,71.2,71.3,71.3,71.3,0,78
70.6,22,70.9,71.1,71.2,71.3,71.3,0,77
70.3,22,70.6,70.9,71.1,71.2,71.3,0,78
70.1,22,70.3,70.6,70.9,71.1,71.2,0,77
69.9,23,70.1,70.3,70.6,70.9,71.1,0,77
69.7,23,69.9,70.1,70.3,70.6,70.9,0,75
69.5,23,69.7,69.9,70.1,70.3,70.6,0,75
69.2,23,69.5,69.7,69.9,70.1,70.3,0,75
69,23,69.2,69.5,69.7,69.9,70.1,0,75
68.9,23,69,69.2,69.5,69.7,69.9,0,75
68.8,23,68.9,69,69.2,69.5,69.7,0,74
68.7,23,68.8,68.9,69,69.2,69.5,0,72
68.6,23,68.7,68.8,68.9,69,69.2,0,72
68.6,23,68.6,68.7,68.8,68.9,69,0,72
68.7,23,68.6,68.6,68.7,68.8,68.9,0,72
68.6,23,68.7,68.6,68.6,68.7,68.8,0,72
68.8,0,68.6,68.7,68.6,68.6,68.7,0,72
68.8,0,68.8,68.6,68.7,68.6,68.6,0,72
68.8,0,68.8,68.8,68.6,68.7,68.6,0,72
68.7,0,68.8,68.8,68.8,68.6,68.7,0,73
68.7,0,68.7,68.8,68.8,68.8,68.6,0,73
68.7,0,68.7,68.7,68.8,68.8,68.8,0,73
68.7,0,68.7,68.7,68.7,68.8,68.8,0,72
68.6,0,68.7,68.7,68.7,68.7,68.8,0,74
68.5,0,68.6,68.7,68.7,68.7,68.7,0,74
68.4,0,68.5,68.6,68.7,68.7,68.7,0,75
68.4,0,68.4,68.5,68.6,68.7,68.7,0,75
68.3,0,68.4,68.4,68.5,68.6,68.7,0,75
68.2,0,68.3,68.4,68.4,68.5,68.6,0,74
68.2,1,68.2,68.3,68.4,68.4,68.5,0,74
68.2,1,68.2,68.2,68.3,68.4,68.4,0,75
68.1,1,68.2,68.2,68.2,68.3,68.4,0,74
68.1,1,68.1,68.2,68.2,68.2,68.3,0,74
68,1,68.1,68.1,68.2,68.2,68.2,0,74
68,1,68,68.1,68.1,68.2,68.2,0,74
68,1,68,68,68.1,68.1,68.2,0,74
67.9,1,68,68,68,68.1,68.1,0,74
67.9,1,67.9,68,68,68,68.1,0,73
67.9,1,67.9,67.9,68,68,68,0,73
67.8,1,67.9,67.9,67.9,68,68,0,73
67.8,1,67.8,67.9,67.9,67.9,68,0,73
67.8,2,67.8,67.8,67.9,67.9,67.9,0,73
67.8,2,67.8,67.8,67.8,67.9,67.9,0,73
67.7,2,67.8,67.8,67.8,67.8,67.9,0,71
67.7,2,67.7,67.8,67.8,67.8,67.8,0,71
67.7,2,67.7,67.7,67.8,67.8,67.8,0,70
67.7,2,67.7,67.7,67.7,67.8,67.8,0,71
67.6,2,67.7,67.7,67.7,67.7,67.8,0,70
67.6,2,67.6,67.7,67.7,67.7,67.7,0,70
67.5,2,67.6,67.6,67.7,67.7,67.7,0,69
67.5,2,67.5,67.6,67.6,67.7,67.7,0,69
67.5,2,67.5,67.5,67.6,67.6,67.7,0,69
67.5,2,67.5,67.5,67.5,67.6,67.6,0,68
67.4,3,67.5,67.5,67.5,67.5,67.6,0,68
67.4,3,67.4,67.5,67.5,67.5,67.5,0,68
67.4,3,67.4,67.4,67.5,67.5,67.5,0,68
67.4,3,67.4,67.4,67.4,67.5,67.5,0,68
67.3,3,67.4,67.4,67.4,67.4,67.5,0,68
67.3,3,67.3,67.4,67.4,67.4,67.4,0,68
67.2,3,67.3,67.3,67.4,67.4,67.4,0,68
67.3,3,67.2,67.3,67.3,67.4,67.4,0,68
67.2,3,67.3,67.2,67.3,67.3,67.4,0,68
67.2,3,67.2,67.3,67.2,67.3,67.3,0,67
67.2,3,67.2,67.2,67.3,67.2,67.3,0,68
67.1,3,67.2,67.2,67.2,67.3,67.2,0,68
67.1,3,67.1,67.2,67.2,67.2,67.3,0,76
67.1,4,67.1,67.1,67.2,67.2,67.2,0,68
67.1,4,67.1,67.1,67.1,67.2,67.2,0,68
67.1,4,67.1,67.1,67.1,67.1,67.2,0,68
67.1,4,67.1,67.1,67.1,67.1,67.1,0,69
67.1,4,67.1,67.1,67.1,67.1,67.1,0,69
67.1,4,67.1,67.1,67.1,67.1,67.1,0,69
67,4,67.1,67.1,67.1,67.1,67.1,0,69
67,4,67,67.1,67.1,67.1,67.1,0,69
67,4,67,67,67.1,67.1,67.1,0,69
67,4,67,67,67,67.1,67.1,0,69
67,4,67,67,67,67,67.1,0,69
66.9,4,67,67,67,67,67,0,69
66.9,5,66.9,67,67,67,67,0,70
66.9,5,66.9,66.9,67,67,67,0,71
66.8,5,66.9,66.9,66.9,67,67,0,71
66.8,5,66.8,66.9,66.9,66.9,67,0,71
66.8,5,66.8,66.8,66.9,66.9,66.9,0,72
66.8,5,66.8,66.8,66.8,66.9,66.9,0,72
66.8,5,66.8,66.8,66.8,66.8,66.9,0,72
66.8,5,66.8,66.8,66.8,66.8,66.8,0,73
66.8,5,66.8,66.8,66.8,66.8,66.8,0,74
66.8,5,66.8,66.8,66.8,66.8,66.8,0,73
66.7,5,66.8,66.8,66.8,66.8,66.8,0,74
66.7,5,66.7,66.8,66.8,66.8,66.8,0,74
66.7,5,66.7,66.7,66.8,66.8,66.8,0,74
66.6,6,66.7,66.7,66.7,66.8,66.8,0,75
66.6,6,66.6,66.7,66.7,66.7,66.8,0,75
66.6,6,66.6,66.6,66.7,66.7,66.7,0,74
66.6,6,66.6,66.6,66.6,66.7,66.7,0,74
66.6,6,66.6,66.6,66.6,66.6,66.7,0,73
66.5,6,66.6,66.6,66.6,66.6,66.6,0,72
66.5,6,66.5,66.6,66.6,66.6,66.6,0,72
66.5,6,66.5,66.5,66.6,66.6,66.6,0,72
66.5,6,66.5,66.5,66.5,66.6,66.6,0,71
66.5,6,66.5,66.5,66.5,66.5,66.6,0,71
66.5,6,66.5,66.5,66.5,66.5,66.5,0,71
66.4,6,66.5,66.5,66.5,66.5,66.5,0,71
66.4,7,66.4,66.5,66.5,66.5,66.5,0,71
66.4,7,66.4,66.4,66.5,66.5,66.5,0,71
66.4,7,66.4,66.4,66.4,66.5,66.5,0,70
66.3,7,66.4,66.4,66.4,66.4,66.5,0,70
66.3,7,66.3,66.4,66.4,66.4,66.4,0,70
66.3,7,66.3,66.3,66.4,66.4,66.4,0,70
66.3,7,66.3,66.3,66.3,66.4,66.4,0,69
66.3,7,66.3,66.3,66.3,66.3,66.4,0,69
66.2,7,66.3,66.3,66.3,66.3,66.3,0,70
66.2,7,66.2,66.3,66.3,66.3,66.3,0,69
66.2,7,66.2,66.2,66.3,66.3,66.3,0,69
66.2,7,66.2,66.2,66.2,66.3,66.3,0,69
66.1,8,66.2,66.2,66.2,66.2,66.3,0,70
66.1,8,66.1,66.2,66.2,66.2,66.2,0,69
66.1,8,66.1,66.1,66.2,66.2,66.2,0,72
66,8,66.1,66.1,66.1,66.2,66.2,0,72
65.9,8,66,66.1,66.1,66.1,66.2,0,72
65.9,8,65.9,66,66.1,66.1,66.1,0,72
65.9,8,65.9,65.9,66,66.1,66.1,0,72
65.8,8,65.9,65.9,65.9,66,66.1,0,72
65.7,8,65.8,65.9,65.9,65.9,66,0,72
65.7,8,65.7,65.8,65.9,65.9,65.9,0,72
65.7,8,65.7,65.7,65.8,65.9,65.9,0,71
65.2,8,65.7,65.7,65.7,65.8,65.9,0,70
64.5,8,65.2,65.7,65.7,65.7,65.8,0,70
63.9,9,64.5,65.2,65.7,65.7,65.7,0,69
63.3,9,63.9,64.5,65.2,65.7,65.7,0,69
62.7,9,63.3,63.9,64.5,65.2,65.7,0,69
62.2,9,62.7,63.3,63.9,64.5,65.2,0,68
60.5,9,62.2,62.7,63.3,63.9,64.5,0,68
61.9,9,60.5,62.2,62.7,63.3,63.9,0,68
61.3,9,61.9,60.5,62.2,62.7,63.3,0,68
57,9,61.3,61.9,60.5,62.2,62.7,0,68
55.4,10,57,61.3,61.9,60.5,62.2,0,64
56.5,10,55.4,57,61.3,61.9,60.5,0,63
56,10,56.5,55.4,57,61.3,61.9,0,65
56.3,10,56,56.5,55.4,57,61.3,0,64
55.7,10,56.3,56,56.5,55.4,57,0,65
55.3,10,55.7,56.3,56,56.5,55.4,0,65
53.7,10,55.3,55.7,56.3,56,56.5,0,64
53.8,10,53.7,55.3,55.7,56.3,56,0,65
82,18,53.8,53.7,55.3,55.7,56.3,0,82
60.8,18,82,53.8,53.7,55.3,55.7,0,82
56.5,18,60.8,82,53.8,53.7,55.3,0,82
56.1,18,56.5,60.8,82,53.8,53.7,0,82
56.6,11,56.1,56.5,60.8,82,53.8,0,80
57.7,11,56.6,56.1,56.5,60.8,82,0,80
59.1,11,57.7,56.6,56.1,56.5,60.8,0,80
57,11,59.1,57.7,56.6,56.1,56.5,0,80
61.3,12,57,59.1,57.7,56.6,56.1,0,80
60.9,12,61.3,57,59.1,57.7,56.6,0,80
59.9,12,60.9,61.3,57,59.1,57.7,0,82
59.4,12,59.9,60.9,61.3,57,59.1,0,81
64.2,12,59.4,59.9,60.9,61.3,57,0,82
60.7,12,64.2,59.4,59.9,60.9,61.3,0,81
61.6,12,60.7,64.2,59.4,59.9,60.9,0,81
61.8,12,61.6,60.7,64.2,59.4,59.9,0,82
60.3,12,61.8,61.6,60.7,64.2,59.4,0,82
61.5,13,60.3,61.8,61.6,60.7,64.2,0,82
61.1,13,61.5,60.3,61.8,61.6,60.7,0,82
61.1,13,61.1,61.5,60.3,61.8,61.6,0,82
61.1,13,61.1,61.1,61.5,60.3,61.8,0,82
60.8,13,61.1,61.1,61.1,61.5,60.3,0,82
60,13,60.8,61.1,61.1,61.1,61.5,0,82
60.1,13,60,60.8,61.1,61.1,61.1,0,82
60.1,13,60.1,60,60.8,61.1,61.1,0,82
57.3,13,60.1,60.1,60,60.8,61.1,0,81
58.2,13,57.3,60.1,60.1,60,60.8,0,81
58.7,13,58.2,57.3,60.1,60.1,60,0,81
59.3,13,58.7,58.2,57.3,60.1,60.1,0,81
59.5,13,59.3,58.7,58.2,57.3,60.1,0,81
58.6,14,59.5,59.3,58.7,58.2,57.3,0,81
59.7,14,58.6,59.5,59.3,58.7,58.2,0,81
59.1,14,59.7,58.6,59.5,59.3,58.7,0,81
59.3,14,59.1,59.7,58.6,59.5,59.3,0,81
59.7,14,59.3,59.1,59.7,58.6,59.5,0,81
59.8,14,59.7,59.3,59.1,59.7,58.6,0,81
60.6,14,59.8,59.7,59.3,59.1,59.7,0,81
61.3,14,60.6,59.8,59.7,59.3,59.1,0,81
61.7,14,61.3,60.6,59.8,59.7,59.3,0,81
61.7,14,61.7,61.3,60.6,59.8,59.7,0,81
61.8,14,61.7,61.7,61.3,60.6,59.8,0,81
62.4,14,61.8,61.7,61.7,61.3,60.6,0.5,81
63.8,14,62.4,61.8,61.7,61.7,61.3,0.5,81
60.5,15,63.8,62.4,61.8,61.7,61.7,0.5,81
61.7,15,60.5,63.8,62.4,61.8,61.7,0.5,81
62,15,61.7,60.5,63.8,62.4,61.8,0.5,81
62.4,15,62,61.7,60.5,63.8,62.4,0.5,81
63.6,15,62.4,62,61.7,60.5,63.8,0.5,81
63.7,15,63.6,62.4,62,61.7,60.5,0.5,81
63.2,15,63.7,63.6,62.4,62,61.7,0.5,82
63.6,15,63.2,63.7,63.6,62.4,62,0.5,82
63.5,15,63.6,63.2,63.7,63.6,62.4,0.5,82
64.6,15,63.5,63.6,63.2,63.7,63.6,0.5,82
65.4,15,64.6,63.5,63.6,63.2,63.7,0.5,82
65.9,15,65.4,64.6,63.5,63.6,63.2,0.5,82
65.4,16,65.9,65.4,64.6,63.5,63.6,0.5,82
66.2,16,65.4,65.9,65.4,64.6,63.5,0.5,82
66.3,16,66.2,65.4,65.9,65.4,64.6,0.5,83
67.2,16,66.3,66.2,65.4,65.9,65.4,0.5,82
67.1,16,67.2,66.3,66.2,65.4,65.9,0.5,82
67.5,16,67.1,67.2,66.3,66.2,65.4,0.5,82
67.6,16,67.5,67.1,67.2,66.3,66.2,0.5,82
67.6,16,67.6,67.5,67.1,67.2,66.3,0.5,82
67.2,16,67.6,67.6,67.5,67.1,67.2,0.5,83
67.7,16,67.2,67.6,67.6,67.5,67.1,0.5,82
68.3,16,67.7,67.2,67.6,67.6,67.5,0.5,82
68.6,16,68.3,67.7,67.2,67.6,67.6,0.5,83
69,16,68.6,68.3,67.7,67.2,67.6,0.5,84
65.1,17,69,68.6,68.3,67.7,67.2,0.5,83
66.2,17,65.1,69,68.6,68.3,67.7,0.5,83
64.4,17,66.2,65.1,69,68.6,68.3,0.5,84
63.2,17,64.4,66.2,65.1,69,68.6,0.5,84
64,17,63.2,64.4,66.2,65.1,69,0.5,84
63.4,17,64,63.2,64.4,66.2,65.1,0.5,84
64,17,63.4,64,63.2,64.4,66.2,0.5,84
64.1,17,64,63.4,64,63.2,64.4,0.5,84
63.9,17,64.1,64,63.4,64,63.2,0.5,84
64.6,17,63.9,64.1,64,63.4,64,0.5,84
65.4,17,64.6,63.9,64.1,64,63.4,0.5,84
66,17,65.4,64.6,63.9,64.1,64,0.5,84
63.9,17,66,65.4,64.6,63.9,64.1,0.5,84
64.2,18,63.9,66,65.4,64.6,63.9,1.5,84
65,18,64.2,63.9,66,65.4,64.6,1.5,84
66,18,65,64.2,63.9,66,65.4,0.5,85
65.9,18,66,65,64.2,63.9,66,0.5,85
67.4,18,65.9,66,65,64.2,63.9,0.5,85
67.9,18,67.4,65.9,66,65,64.2,0.5,85
67.7,18,67.9,67.4,65.9,66,65,0.5,85
68.8,18,67.7,67.9,67.4,65.9,66,0.5,85
69.4,18,68.8,67.7,67.9,67.4,65.9,0.5,85
68.4,18,69.4,68.8,67.7,67.9,67.4,0.5,85
68.3,18,68.4,69.4,68.8,67.7,67.9,0.5,85
68.5,18,68.3,68.4,69.4,68.8,67.7,0.5,85
68.4,18,68.5,68.3,68.4,69.4,68.8,0.5,85
67.9,19,68.4,68.5,68.3,68.4,69.4,0.5,85
68.7,19,67.9,68.4,68.5,68.3,68.4,1.5,85
67.4,19,68.7,67.9,68.4,68.5,68.3,0.5,86
68.2,19,67.4,68.7,67.9,68.4,68.5,0.5,86
67.8,19,68.2,67.4,68.7,67.9,68.4,1.5,86
68.1,19,67.8,68.2,67.4,68.7,67.9,1.5,86
67.2,19,68.1,67.8,68.2,67.4,68.7,0.5,86
67,19,67.2,68.1,67.8,68.2,67.4,1.5,86
66.6,19,67,67.2,68.1,67.8,68.2,0.5,86
67,19,66.6,67,67.2,68.1,67.8,1.5,86
66.7,19,67,66.6,67,67.2,68.1,0.5,86
67.5,19,66.7,67,66.6,67,67.2,0.5,86
68.8,20,67.5,66.7,67,66.6,67,0.5,86
67.1,21,68.8,67.5,66.7,67,66.6,0.5,86
68.5,21,67.1,68.8,67.5,66.7,67,0.5,86
68.6,21,68.5,67.1,68.8,67.5,66.7,0.5,86
68.7,21,68.6,68.5,67.1,68.8,67.5,0.5,86
69.5,21,68.7,68.6,68.5,67.1,68.8,0.5,86
69.4,21,69.5,68.7,68.6,68.5,67.1,0.5,86
69.9,21,69.4,69.5,68.7,68.6,68.5,1.5,86
69.6,21,69.9,69.4,69.5,68.7,68.6,1.5,86
70.2,21,69.6,69.9,69.4,69.5,68.7,0.5,86
69.8,21,70.2,69.6,69.9,69.4,69.5,0.5,86
70.6,21,69.8,70.2,69.6,69.9,69.4,0.5,86
70.5,21,70.6,69.8,70.2,69.6,69.9,0.5,86
69.9,22,70.5,70.6,69.8,70.2,69.6,0.5,86
70.4,22,69.9,70.5,70.6,69.8,70.2,0.5,86
71.1,22,70.4,69.9,70.5,70.6,69.8,0.5,86
71.4,22,71.1,70.4,69.9,70.5,70.6,0.5,86
71.6,22,71.4,71.1,70.4,69.9,70.5,1.5,86
71.3,22,71.6,71.4,71.1,70.4,69.9,0.5,86
71.8,22,71.3,71.6,71.4,71.1,70.4,0.5,86
71.4,22,71.8,71.3,71.6,71.4,71.1,0.5,86
70.8,22,71.4,71.8,71.3,71.6,71.4,0.5,86
72.2,22,70.8,71.4,71.8,71.3,71.6,0.5,86
72.5,22,72.2,70.8,71.4,71.8,71.3,0.5,86
71.8,22,72.5,72.2,70.8,71.4,71.8,0.5,86
72.5,23,71.8,72.5,72.2,70.8,71.4,0.5,86
72.9,23,72.5,71.8,72.5,72.2,70.8,0.5,86
65,23,72.9,72.5,71.8,72.5,72.2,0.5,86
70.9,23,65,72.9,72.5,71.8,72.5,0.5,86
72.1,0,70.9,65,72.9,72.5,71.8,0.5,86
73.4,1,72.1,70.9,65,72.9,72.5,0.5,86
75.3,2,73.4,72.1,70.9,65,72.9,0.5,86
76.4,3,75.3,73.4,72.1,70.9,65,0.5,86
77.5,4,76.4,75.3,73.4,72.1,70.9,0.5,87
78.4,5,77.5,76.4,75.3,73.4,72.1,0.5,87
79.4,6,78.4,77.5,76.4,75.3,73.4,0.5,87
80.2,7,79.4,78.4,77.5,76.4,75.3,0.5,87
80.8,8,80.2,79.4,78.4,77.5,76.4,0.5,87
81.3,8,80.8,80.2,79.4,78.4,77.5,0.5,87
82.3,9,81.3,80.8,80.2,79.4,78.4,0.5,88
85.9,10,82.3,81.3,80.8,80.2,79.4,0.5,87
86.8,11,85.9,82.3,81.3,80.8,80.2,0,86
83.2,12,86.8,85.9,82.3,81.3,80.8,0,85
88.7,13,83.2,86.8,85.9,82.3,81.3,0,83
87.7,14,88.7,83.2,86.8,85.9,82.3,0,83
84.9,15,87.7,88.7,83.2,86.8,85.9,0,83
84.5,16,84.9,87.7,88.7,83.2,86.8,0,82
84.2,17,84.5,84.9,87.7,88.7,83.2,0,82
85.1,18,84.2,84.5,84.9,87.7,88.7,0,81
88.8,18,85.1,84.2,84.5,84.9,87.7,0,83
86.5,19,88.8,85.1,84.2,84.5,84.9,0.5,83
90.8,20,86.5,88.8,85.1,84.2,84.5,0,84
90.8,21,90.8,86.5,88.8,85.1,84.2,0,84
91.3,22,90.8,90.8,86.5,88.8,85.1,0,83
90.2,22,91.3,90.8,90.8,86.5,88.8,0,84
90.7,23,90.2,91.3,90.8,90.8,86.5,0,85
90.8,0,90.7,90.2,91.3,90.8,90.8,0,85
91.2,1,90.8,90.7,90.2,91.3,90.8,0.5,85
91.3,2,91.2,90.8,90.7,90.2,91.3,0.5,84
91.4,3,91.3,91.2,90.8,90.7,90.2,0.5,84
91.6,4,91.4,91.3,91.2,90.8,90.7,0.5,84
92.2,5,91.6,91.4,91.3,91.2,90.8,0,83
92.6,6,92.2,91.6,91.4,91.3,91.2,0.5,85
92.9,7,92.6,92.2,91.6,91.4,91.3,0.5,84
93.1,8,92.9,92.6,92.2,91.6,91.4,0.5,86
93.7,8,93.1,92.9,92.6,92.2,91.6,0.5,84
94.2,9,93.7,93.1,92.9,92.6,92.2,1.5,83
93.8,10,94.2,93.7,93.1,92.9,92.6,1.5,84
92.6,10,93.8,94.2,93.7,93.1,92.9,1.5,84
93.1,11,92.6,93.8,94.2,93.7,93.1,0.5,82
90.6,12,93.1,92.6,93.8,94.2,93.7,0,81
90.9,13,90.6,93.1,92.6,93.8,94.2,0,80
90.8,14,90.9,90.6,93.1,92.6,93.8,0,81
91.7,15,90.8,90.9,90.6,93.1,92.6,0,82
92.1,16,91.7,90.8,90.9,90.6,93.1,0,81
92.8,16,92.1,91.7,90.8,90.9,90.6,0,81
93.1,17,92.8,92.1,91.7,90.8,90.9,0,82
93.8,18,93.1,92.8,92.1,91.7,90.8,0,82
94.2,19,93.8,93.1,92.8,92.1,91.7,1.5,82
94.8,20,94.2,93.8,93.1,92.8,92.1,0,84
95.2,21,94.8,94.2,93.8,93.1,92.8,0,83
95.7,22,95.2,94.8,94.2,93.8,93.1,0,84
96.1,23,95.7,95.2,94.8,94.2,93.8,0,84
97.5,0,96.1,95.7,95.2,94.8,94.2,0.5,84
98,0,97.5,96.1,95.7,95.2,94.8,0,84
97.1,1,98,97.5,96.1,95.7,95.2,1.5,84
97.1,2,97.1,98,97.5,96.1,95.7,1.5,84
97,3,97.1,97.1,98,97.5,96.1,0,84
97.3,4,97,97.1,97.1,98,97.5,0,85
97.5,5,97.3,97,97.1,97.1,98,0.5,85
97.5,6,97.5,97.3,97,97.1,97.1,0,84
98,7,97.5,97.5,97.3,97,97.1,0,84
98.4,8,98,97.5,97.5,97.3,97,0,85
98.5,9,98.4,98,97.5,97.5,97.3,0,85
99.1,10,98.5,98.4,98,97.5,97.5,0,83
99.3,11,99.1,98.5,98.4,98,97.5,0,78
99.4,11,99.3,99.1,98.5,98.4,98,0,73
99.3,12,99.4,99.3,99.1,98.5,98.4,0,73
99.9,13,99.3,99.4,99.3,99.1,98.5,0,68
99.9,14,99.9,99.3,99.4,99.3,99.1,0,65
99.9,15,99.9,99.9,99.3,99.4,99.3,0,57
99.9,16,99.9,99.9,99.9,99.3,99.4,0,58
99.9,17,99.9,99.9,99.9,99.9,99.3,0,64
99.9,18,99.9,99.9,99.9,99.9,99.9,0,67
99.9,19,99.9,99.9,99.9,99.9,99.9,0,69
99.9,19,99.9,99.9,99.9,99.9,99.9,0,70
99.9,20,99.9,99.9,99.9,99.9,99.9,0,69
99.9,21,99.9,99.9,99.9,99.9,99.9,0,71
99.9,22,99.9,99.9,99.9,99.9,99.9,0,74
99.9,23,99.9,99.9,99.9,99.9,99.9,0,74