18.6,18,18.6,18.6,18.6,18.6,18.6,11,9,9,12
18.6,18,18.6,18.6,18.6,18.6,18.6,11,9,9,12
18.6,18,18.6,18.6,18.6,18.6,18.6,11,9,9,12
18.7,18,18.6,18.6,18.6,18.6,18.6,11,9,9,12
18.7,19,18.7,18.6,18.6,18.6,18.6,11,9,9,12
18.7,19,18.7,18.7,18.6,18.6,18.6,11,9,9,12
18.7,19,18.7,18.7,18.7,18.6,18.6,11,9,9,12
18.8,19,18.7,18.7,18.7,18.7,18.6,11,9,9,12
18.8,19,18.8,18.7,18.7,18.7,18.7,11,9,9,12
18.7,19,18.8,18.8,18.7,18.7,18.7,11,9,9,12
18.7,19,18.7,18.8,18.8,18.7,18.7,11,9,9,12
18.8,19,18.7,18.7,18.8,18.8,18.7,11,9,9,12
18.8,19,18.8,18.7,18.7,18.8,18.8,11,9,9,12
18.8,19,18.8,18.8,18.7,18.7,18.8,11,9,9,12
19.7,19,18.8,18.8,18.8,18.7,18.7,11,9,9,11
19.3,19,19.7,18.8,18.8,18.8,18.7,11,9,9,11
19,19,19.3,19.7,18.8,18.8,18.8,10,9,9,12
18.9,19,19,19.3,19.7,18.8,18.8,10,9,9,12
19,19,18.9,19,19.3,19.7,18.8,10,9,9,12
18.8,19,19,18.9,19,19.3,19.7,10,9,9,12
18.7,19,18.8,19,18.9,19,19.3,10,9,9,12
18.6,19,18.7,18.8,19,18.9,19,10,9,9,12
18.4,19,18.6,18.7,18.8,19,18.9,10,9,9,12
18.3,20,18.4,18.6,18.7,18.8,19,10,9,9,12
18.2,20,18.3,18.4,18.6,18.7,18.8,10,9,9,12
18,20,18.2,18.3,18.4,18.6,18.7,10,9,9,11
18,20,18,18.2,18.3,18.4,18.6,10,9,9,11
17.9,20,18,18,18.2,18.3,18.4,10,9,9,11
17.8,20,17.9,18,18,18.2,18.3,10,8,9,11
17.7,20,17.8,17.9,18,18,18.2,10,9,8,11
17.5,20,17.7,17.8,17.9,18,18,10,9,8,11
17.5,20,17.5,17.7,17.8,17.9,18,10,9,8,11
17.4,20,17.5,17.5,17.7,17.8,17.9,10,9,8,11
17.3,20,17.4,17.5,17.5,17.7,17.8,10,8,8,11
17.3,20,17.3,17.4,17.5,17.5,17.7,10,8,8,11
17.3,21,17.3,17.3,17.4,17.5,17.5,10,8,8,11
17.2,21,17.3,17.3,17.3,17.4,17.5,10,8,8,11
17.2,21,17.2,17.3,17.3,17.3,17.4,10,8,8,11
17.2,21,17.2,17.2,17.3,17.3,17.3,10,8,7,11
17.1,21,17.2,17.2,17.2,17.3,17.3,10,8,7,11
17.1,21,17.1,17.2,17.2,17.2,17.3,10,8,7,11
17.1,21,17.1,17.1,17.2,17.2,17.2,10,8,7,11
17.1,21,17.1,17.1,17.1,17.2,17.2,10,8,7,11
17,21,17.1,17.1,17.1,17.1,17.2,10,9,7,11
16.9,21,17,17.1,17.1,17.1,17.1,10,9,7,11
16.9,21,16.9,17,17.1,17.1,17.1,9,8,7,11
16.9,21,16.9,16.9,17,17.1,17.1,9,8,8,11
16.9,21,16.9,16.9,16.9,17,17.1,9,8,8,11
16.9,22,16.9,16.9,16.9,16.9,17,9,8,8,11
16.8,22,16.9,16.9,16.9,16.9,16.9,9,7,7,11
16.8,22,16.8,16.9,16.9,16.9,16.9,9,8,7,11
16.8,22,16.8,16.8,16.9,16.9,16.9,9,7,7,11
16.8,22,16.8,16.8,16.8,16.9,16.9,9,7,6,11
16.7,22,16.8,16.8,16.8,16.8,16.9,9,8,6,11
16.7,22,16.7,16.8,16.8,16.8,16.8,9,8,6,11
16.7,22,16.7,16.7,16.8,16.8,16.8,9,8,7,10
16.7,22,16.7,16.7,16.7,16.8,16.8,9,8,7,10
16.7,22,16.7,16.7,16.7,16.7,16.8,9,8,7,10
16.7,22,16.7,16.7,16.7,16.7,16.7,9,7,7,10
16.6,22,16.7,16.7,16.7,16.7,16.7,9,8,7,10
16.6,23,16.6,16.7,16.7,16.7,16.7,9,8,6,10
16.6,23,16.6,16.6,16.7,16.7,16.7,9,9,6,10
16.6,23,16.6,16.6,16.6,16.7,16.7,9,9,6,10
16.6,23,16.6,16.6,16.6,16.6,16.7,9,9,6,10
16.5,23,16.6,16.6,16.6,16.6,16.6,9,9,6,10
16.5,23,16.5,16.6,16.6,16.6,16.6,9,9,6,10
16.5,23,16.5,16.5,16.6,16.6,16.6,9,8,6,10
16.5,23,16.5,16.5,16.5,16.6,16.6,9,8,6,10
16.4,23,16.5,16.5,16.5,16.5,16.6,9,8,6,10
16.4,23,16.4,16.5,16.5,16.5,16.5,8,8,6,9
16.3,23,16.4,16.4,16.5,16.5,16.5,8,8,6,9
16.3,23,16.3,16.4,16.4,16.5,16.5,8,8,6,9
16.3,23,16.3,16.3,16.4,16.4,16.5,8,8,6,9
16.3,0,16.3,16.3,16.3,16.4,16.4,8,7,6,9
16.2,0,16.3,16.3,16.3,16.3,16.4,8,7,6,9
16.2,0,16.2,16.3,16.3,16.3,16.3,8,7,6,9
16.2,0,16.2,16.2,16.3,16.3,16.3,8,8,6,9
16.1,0,16.2,16.2,16.2,16.3,16.3,8,7,6,9
16.1,0,16.1,16.2,16.2,16.2,16.3,8,8,6,9
16.1,0,16.1,16.1,16.2,16.2,16.2,8,8,6,9
16,0,16.1,16.1,16.1,16.2,16.2,8,8,6,9
16,0,16,16.1,16.1,16.1,16.2,8,7,5,9
16,0,16,16,16.1,16.1,16.1,8,7,5,9
15.9,0,16,16,16,16.1,16.1,8,7,5,9
16,0,15.9,16,16,16,16.1,8,8,6,9
15.9,1,16,15.9,16,16,16,8,8,6,9
15.9,1,15.9,16,15.9,16,16,8,8,6,9
15.8,1,15.9,15.9,16,15.9,16,8,8,6,9
15.8,1,15.8,15.9,15.9,16,15.9,8,8,6,9
15.8,1,15.8,15.8,15.9,15.9,16,8,8,5,9
15.8,1,15.8,15.8,15.8,15.9,15.9,8,8,5,9
15.7,1,15.8,15.8,15.8,15.8,15.9,8,8,5,9
15.7,1,15.7,15.8,15.8,15.8,15.8,8,8,5,9
15.7,1,15.7,15.7,15.8,15.8,15.8,8,8,5,9
15.7,1,15.7,15.7,15.7,15.8,15.8,8,7,5,9
15.7,1,15.7,15.7,15.7,15.7,15.8,8,7,5,9
15.6,1,15.7,15.7,15.7,15.7,15.7,7,7,5,9
15.6,2,15.6,15.7,15.7,15.7,15.7,7,7,5,9
15.6,2,15.6,15.6,15.7,15.7,15.7,7,7,5,9
15.6,2,15.6,15.6,15.6,15.7,15.7,7,7,5,9
15.5,2,15.6,15.6,15.6,15.6,15.7,7,7,5,9
15.5,2,15.5,15.6,15.6,15.6,15.6,7,7,5,9
15.5,2,15.5,15.5,15.6,15.6,15.6,7,7,5,9
15.4,2,15.5,15.5,15.5,15.6,15.6,7,7,5,9
15.5,2,15.4,15.5,15.5,15.5,15.6,7,7,5,9
15.4,2,15.5,15.4,15.5,15.5,15.5,7,7,5,8
15.4,2,15.4,15.5,15.4,15.5,15.5,7,7,5,8
15.3,2,15.4,15.4,15.5,15.4,15.5,7,7,5,8
15.3,2,15.3,15.4,15.4,15.5,15.4,7,7,5,8
15.3,2,15.3,15.3,15.4,15.4,15.5,7,7,5,8
15.3,3,15.3,15.3,15.3,15.4,15.4,7,7,5,8
15.3,3,15.3,15.3,15.3,15.3,15.4,7,6,5,8
15.2,3,15.3,15.3,15.3,15.3,15.3,7,6,5,8
15.2,3,15.2,15.3,15.3,15.3,15.3,7,6,5,8
15.2,3,15.2,15.2,15.3,15.3,15.3,7,6,5,8
15.2,3,15.2,15.2,15.2,15.3,15.3,7,5,4,8
15.2,3,15.2,15.2,15.2,15.2,15.3,7,5,4,8
15.2,3,15.2,15.2,15.2,15.2,15.2,7,5,4,8
15.1,3,15.2,15.2,15.2,15.2,15.2,7,6,5,8
15.1,3,15.1,15.2,15.2,15.2,15.2,7,4,5,8
15.1,3,15.1,15.1,15.2,15.2,15.2,7,4,5,8
15.1,3,15.1,15.1,15.1,15.2,15.2,7,5,4,8
15.1,4,15.1,15.1,15.1,15.1,15.2,7,5,4,8
15,4,15.1,15.1,15.1,15.1,15.1,7,5,4,8
15,4,15,15.1,15.1,15.1,15.1,7,5,4,8
15,4,15,15,15.1,15.1,15.1,7,5,4,8
15,4,15,15,15,15.1,15.1,7,5,4,8
15,4,15,15,15,15,15.1,7,5,4,8
15,4,15,15,15,15,15,7,6,4,8
14.9,4,15,15,15,15,15,7,6,3,8
14.9,4,14.9,15,15,15,15,7,7,3,8
14.9,4,14.9,14.9,15,15,15,7,7,3,8
14.9,4,14.9,14.9,14.9,15,15,7,7,3,8
14.9,4,14.9,14.9,14.9,14.9,15,7,7,3,8
14.8,4,14.9,14.9,14.9,14.9,14.9,6,6,3,8
14.8,5,14.8,14.9,14.9,14.9,14.9,7,7,3,8
14.8,5,14.8,14.8,14.9,14.9,14.9,7,7,3,8
14.8,5,14.8,14.8,14.8,14.9,14.9,7,5,3,8
14.8,5,14.8,14.8,14.8,14.8,14.9,7,5,3,8
14.7,5,14.8,14.8,14.8,14.8,14.8,7,5,3,8
14.7,5,14.7,14.8,14.8,14.8,14.8,7,5,3,8
14.7,5,14.7,14.7,14.8,14.8,14.8,7,6,3,8
14.7,5,14.7,14.7,14.7,14.8,14.8,7,6,3,8
14.7,5,14.7,14.7,14.7,14.7,14.8,7,6,3,8
14.6,5,14.7,14.7,14.7,14.7,14.7,6,5,3,8
14.6,5,14.6,14.7,14.7,14.7,14.7,7,5,3,8
14.6,5,14.6,14.6,14.7,14.7,14.7,6,5,3,8
14.6,6,14.6,14.6,14.6,14.7,14.7,6,5,3,8
14.6,6,14.6,14.6,14.6,14.6,14.7,6,5,3,8
14.6,6,14.6,14.6,14.6,14.6,14.6,6,4,3,8
14.6,6,14.6,14.6,14.6,14.6,14.6,6,5,3,8
14.5,6,14.6,14.6,14.6,14.6,14.6,6,5,3,8
14.5,6,14.5,14.6,14.6,14.6,14.6,6,5,3,8
14.5,6,14.5,14.5,14.6,14.6,14.6,6,5,3,8
14.5,6,14.5,14.5,14.5,14.6,14.6,6,5,3,8
14.5,6,14.5,14.5,14.5,14.5,14.6,6,5,3,8
14.4,6,14.5,14.5,14.5,14.5,14.5,6,5,3,8
14.5,6,14.4,14.5,14.5,14.5,14.5,6,5,3,8
14.4,6,14.5,14.4,14.5,14.5,14.5,6,5,3,8
14.4,7,14.4,14.5,14.4,14.5,14.5,6,4,3,9
14.4,7,14.4,14.4,14.5,14.4,14.5,6,4,3,9
14.4,7,14.4,14.4,14.4,14.5,14.4,6,5,3,9
14.4,7,14.4,14.4,14.4,14.4,14.5,6,4,3,9
14.3,7,14.4,14.4,14.4,14.4,14.4,6,5,2,9
14.3,7,14.3,14.4,14.4,14.4,14.4,6,4,3,8
14.3,7,14.3,14.3,14.4,14.4,14.4,6,4,3,8
14.3,7,14.3,14.3,14.3,14.4,14.4,6,4,3,8
14.3,7,14.3,14.3,14.3,14.3,14.4,6,4,2,8
14.3,7,14.3,14.3,14.3,14.3,14.3,6,4,2,8
14.3,7,14.3,14.3,14.3,14.3,14.3,6,4,2,8
14.2,7,14.3,14.3,14.3,14.3,14.3,6,5,2,8
14.2,7,14.2,14.3,14.3,14.3,14.3,6,4,2,8
14.2,8,14.2,14.2,14.3,14.3,14.3,6,5,2,8
14.2,8,14.2,14.2,14.2,14.3,14.3,6,5,2,8
14.2,8,14.2,14.2,14.2,14.2,14.3,6,5,2,8
14.2,8,14.2,14.2,14.2,14.2,14.2,6,4,3,8
14.2,8,14.2,14.2,14.2,14.2,14.2,6,4,2,8
14.2,8,14.2,14.2,14.2,14.2,14.2,6,4,2,8
14.2,8,14.2,14.2,14.2,14.2,14.2,6,5,2,8
14.2,8,14.2,14.2,14.2,14.2,14.2,6,5,2,8
14.2,8,14.2,14.2,14.2,14.2,14.2,6,6,3,8
14.2,8,14.2,14.2,14.2,14.2,14.2,6,6,3,8
14.2,8,14.2,14.2,14.2,14.2,14.2,6,6,3,8
14.2,8,14.2,14.2,14.2,14.2,14.2,6,4,3,8
14.4,8,14.2,14.2,14.2,14.2,14.2,6,4,3,8
14.4,9,14.4,14.2,14.2,14.2,14.2,6,4,3,8
14.8,9,14.4,14.4,14.2,14.2,14.2,6,4,3,8
14.9,9,14.8,14.4,14.4,14.2,14.2,7,5,3,8
15,9,14.9,14.8,14.4,14.4,14.2,7,5,3,8
15.2,9,15,14.9,14.8,14.4,14.4,7,5,3,8
15.4,9,15.2,15,14.9,14.8,14.4,7,7,3,8
15.5,9,15.4,15.2,15,14.9,14.8,7,7,3,9
15.6,9,15.5,15.4,15.2,15,14.9,7,7,5,9
15.6,9,15.6,15.5,15.4,15.2,15,7,7,5,9
15.4,9,15.6,15.6,15.5,15.4,15.2,7,7,5,9
15.3,9,15.4,15.6,15.6,15.5,15.4,7,7,5,10
15.3,9,15.3,15.4,15.6,15.6,15.5,7,7,4,10
15.2,10,15.3,15.3,15.4,15.6,15.6,7,7,4,10
15.2,10,15.2,15.3,15.3,15.4,15.6,7,7,4,10
15.1,10,15.2,15.2,15.3,15.3,15.4,7,7,4,10
15,10,15.1,15.2,15.2,15.3,15.3,8,8,6,10
14.9,10,15,15.1,15.2,15.2,15.3,8,7,5,10
14.8,10,14.9,15,15.1,15.2,15.2,8,7,5,10
14.7,10,14.8,14.9,15,15.1,15.2,8,8,5,10
14.8,10,14.7,14.8,14.9,15,15.1,8,8,5,10
14.7,10,14.8,14.7,14.8,14.9,15,8,8,5,10
14.6,10,14.7,14.8,14.7,14.8,14.9,9,9,7,10
14.5,10,14.6,14.7,14.8,14.7,14.8,9,9,7,10
14.5,10,14.5,14.6,14.7,14.8,14.7,9,9,7,11
14.4,11,14.5,14.5,14.6,14.7,14.8,9,9,7,11
14.4,11,14.4,14.5,14.5,14.6,14.7,9,9,7,11
14.2,11,14.4,14.4,14.5,14.5,14.6,9,9,7,11
14.2,11,14.2,14.4,14.4,14.5,14.5,9,9,7,11
14.3,11,14.2,14.2,14.4,14.4,14.5,9,9,7,11
14.1,11,14.3,14.2,14.2,14.4,14.4,9,9,7,11
14.2,11,14.1,14.3,14.2,14.2,14.4,9,9,7,11
14.3,11,14.2,14.1,14.3,14.2,14.2,10,10,8,11
14.2,11,14.3,14.2,14.1,14.3,14.2,10,10,8,11
14.3,11,14.2,14.3,14.2,14.1,14.3,10,9,8,11
14.4,11,14.3,14.2,14.3,14.2,14.1,10,10,8,11
14.3,11,14.4,14.3,14.2,14.3,14.2,10,9,8,12
14.3,11,14.3,14.4,14.3,14.2,14.3,10,9,8,12
14.3,12,14.3,14.3,14.4,14.3,14.2,10,9,8,11
14.3,12,14.3,14.3,14.3,14.4,14.3,10,10,8,11
14.3,12,14.3,14.3,14.3,14.3,14.4,10,10,8,12
14.2,12,14.3,14.3,14.3,14.3,14.3,10,10,8,12
14.1,12,14.2,14.3,14.3,14.3,14.3,10,10,8,12
14.1,12,14.1,14.2,14.3,14.3,14.3,10,10,8,12
14.2,12,14.1,14.1,14.2,14.3,14.3,10,9,8,12
14.3,12,14.2,14.1,14.1,14.2,14.3,10,9,8,12
14.3,12,14.3,14.2,14.1,14.1,14.2,11,9,9,12
14.4,12,14.3,14.3,14.2,14.1,14.1,11,9,9,12
14.4,12,14.4,14.3,14.3,14.2,14.1,11,9,9,12
14.2,12,14.4,14.4,14.3,14.3,14.2,11,9,9,12
14.4,13,14.2,14.4,14.4,14.3,14.3,11,9,9,12
14.3,13,14.4,14.2,14.4,14.4,14.3,11,9,9,12
14.5,13,14.3,14.4,14.2,14.4,14.4,11,9,9,12
14.6,13,14.5,14.3,14.4,14.2,14.4,11,9,9,12
14.7,13,14.6,14.5,14.3,14.4,14.2,11,9,9,12
14.7,13,14.7,14.6,14.5,14.3,14.4,11,10,9,12
14.7,13,14.7,14.7,14.6,14.5,14.3,11,10,9,13
14.8,13,14.7,14.7,14.7,14.6,14.5,11,10,9,13
14.8,13,14.8,14.7,14.7,14.7,14.6,11,10,9,13
14.8,13,14.8,14.8,14.7,14.7,14.7,11,10,9,13
14.8,13,14.8,14.8,14.8,14.7,14.7,11,10,10,13
14.8,13,14.8,14.8,14.8,14.8,14.7,11,10,10,13
14.8,14,14.8,14.8,14.8,14.8,14.8,12,10,10,13
14.8,14,14.8,14.8,14.8,14.8,14.8,12,10,10,13
14.9,14,14.8,14.8,14.8,14.8,14.8,12,10,10,13
15.1,14,14.9,14.8,14.8,14.8,14.8,12,10,10,13
15.3,14,15.1,14.9,14.8,14.8,14.8,12,10,10,13
15.4,14,15.3,15.1,14.9,14.8,14.8,12,10,10,13
15.5,14,15.4,15.3,15.1,14.9,14.8,12,11,10,13
15.7,14,15.5,15.4,15.3,15.1,14.9,12,11,10,13
15.8,14,15.7,15.5,15.4,15.3,15.1,12,11,10,13
15.9,14,15.8,15.7,15.5,15.4,15.3,12,10,10,13
16,14,15.9,15.8,15.7,15.5,15.4,12,10,10,13
16.1,14,16,15.9,15.8,15.7,15.5,12,11,10,13
16,14,16.1,16,15.9,15.8,15.7,12,11,10,13
16.1,15,16,16.1,16,15.9,15.8,12,10,10,13
16.1,15,16.1,16,16.1,16,15.9,12,10,10,13
16.2,15,16.1,16.1,16,16.1,16,12,10,10,13
16.3,15,16.2,16.1,16.1,16,16.1,12,10,10,13
16.4,15,16.3,16.2,16.1,16.1,16,12,10,10,13
16.4,15,16.4,16.3,16.2,16.1,16.1,12,10,10,13
16.5,15,16.4,16.4,16.3,16.2,16.1,12,10,10,13
16.3,15,16.5,16.4,16.4,16.3,16.2,12,10,10,13
16.3,15,16.3,16.5,16.4,16.4,16.3,12,10,10,13
16.5,15,16.3,16.3,16.5,16.4,16.4,12,10,10,13
16.6,15,16.5,16.3,16.3,16.5,16.4,12,10,10,12
16.6,15,16.6,16.5,16.3,16.3,16.5,12,10,10,13
16.8,16,16.6,16.6,16.5,16.3,16.3,12,10,10,13
16.9,16,16.8,16.6,16.6,16.5,16.3,11,10,10,13
16.9,16,16.9,16.8,16.6,16.6,16.5,11,10,10,12
17,16,16.9,16.9,16.8,16.6,16.6,11,10,10,12
17,16,17,16.9,16.9,16.8,16.6,11,10,10,12
17.1,16,17,17,16.9,16.9,16.8,11,10,10,12
17.1,16,17.1,17,17,16.9,16.9,11,10,10,12
17.2,16,17.1,17.1,17,17,16.9,11,10,10,12
17.2,16,17.2,17.1,17.1,17,17,11,10,10,12
17.2,16,17.2,17.2,17.1,17.1,17,11,10,10,12
17.2,16,17.2,17.2,17.2,17.1,17.1,11,10,10,12
17.2,16,17.2,17.2,17.2,17.2,17.1,11,10,10,12
17,17,17.2,17.2,17.2,17.2,17.2,11,10,10,12
17.1,17,17,17.2,17.2,17.2,17.2,11,10,10,12
17.1,17,17.1,17,17.2,17.2,17.2,11,10,10,12
17,17,17.1,17.1,17,17.2,17.2,11,10,10,12
17,17,17,17.1,17.1,17,17.2,11,10,9,12
17.1,17,17,17,17.1,17.1,17,11,10,9,12
17.1,17,17.1,17,17,17.1,17.1,11,10,9,12
17.1,17,17.1,17.1,17,17,17.1,11,10,9,12
17.2,17,17.1,17.1,17.1,17,17,11,10,9,12
17.2,17,17.2,17.1,17.1,17.1,17,11,10,9,12
17.1,17,17.2,17.2,17.1,17.1,17.1,11,9,9,12
17.2,17,17.1,17.2,17.2,17.1,17.1,11,9,9,12
17.2,18,17.2,17.1,17.2,17.2,17.1,11,9,8,12
17.2,18,17.2,17.2,17.1,17.2,17.2,11,9,8,12
17.2,18,17.2,17.2,17.2,17.1,17.2,11,9,8,12
17.2,18,17.2,17.2,17.2,17.2,17.1,10,9,8,12
17.5,18,17.2,17.2,17.2,17.2,17.2,10,9,8,12
17.2,18,17.5,17.2,17.2,17.2,17.2,10,9,8,12
16.9,18,17.2,17.5,17.2,17.2,17.2,10,9,8,12
16.7,18,16.9,17.2,17.5,17.2,17.2,10,9,8,12
16.6,18,16.7,16.9,17.2,17.5,17.2,10,9,8,12
16.5,18,16.6,16.7,16.9,17.2,17.5,10,9,8,12
16.4,18,16.5,16.6,16.7,16.9,17.2,10,9,8,12
16.3,18,16.4,16.5,16.6,16.7,16.9,10,9,7,12
16.3,19,16.3,16.4,16.5,16.6,16.7,10,9,7,12
16.2,19,16.3,16.3,16.4,16.5,16.6,10,9,8,12
16.2,19,16.2,16.3,16.3,16.4,16.5,10,9,7,12
16.1,19,16.2,16.2,16.3,16.3,16.4,10,9,7,12
16.1,19,16.1,16.2,16.2,16.3,16.3,10,9,8,12
16,19,16.1,16.1,16.2,16.2,16.3,10,9,8,12
16.2,19,16,16.1,16.1,16.2,16.2,10,10,8,11
16.1,19,16.2,16,16.1,16.1,16.2,10,10,8,11
16,19,16.1,16.2,16,16.1,16.1,10,10,8,11
16,19,16,16.1,16.2,16,16.1,10,10,7,12
15.9,19,16,16,16.1,16.2,16,10,10,7,12
15.9,19,15.9,16,16,16.1,16.2,10,10,7,12
16.1,19,15.9,15.9,16,16,16.1,10,10,7,12
16,20,16.1,15.9,15.9,16,16,10,10,7,12
15.9,20,16,16.1,15.9,15.9,16,10,10,7,12
15.8,20,15.9,16,16.1,15.9,15.9,10,10,7,12
15.7,20,15.8,15.9,16,16.1,15.9,10,10,7,12
15.7,20,15.7,15.8,15.9,16,16.1,10,10,6,12
15.7,20,15.7,15.7,15.8,15.9,16,10,10,6,12
15.7,20,15.7,15.7,15.7,15.8,15.9,10,10,6,12
15.6,20,15.7,15.7,15.7,15.7,15.8,9,9,6,12
15.6,20,15.6,15.7,15.7,15.7,15.7,9,9,6,11
15.6,20,15.6,15.6,15.7,15.7,15.7,9,9,6,12
15.5,20,15.6,15.6,15.6,15.7,15.7,9,9,6,12
15.5,20,15.5,15.6,15.6,15.6,15.7,9,9,6,11
15.5,21,15.5,15.5,15.6,15.6,15.6,9,9,6,12
15.5,21,15.5,15.5,15.5,15.6,15.6,9,9,6,12
15.5,21,15.5,15.5,15.5,15.5,15.6,9,9,6,12
15.4,21,15.5,15.5,15.5,15.5,15.5,9,9,6,12
15.4,21,15.4,15.5,15.5,15.5,15.5,9,9,6,12
15.4,21,15.4,15.4,15.5,15.5,15.5,9,9,5,12
15.5,21,15.4,15.4,15.4,15.5,15.5,9,9,5,12
15.5,21,15.5,15.4,15.4,15.4,15.5,9,9,5,12
15.4,21,15.5,15.5,15.4,15.4,15.4,9,9,5,12
15.5,21,15.4,15.5,15.5,15.4,15.4,9,8,5,11
15.5,21,15.5,15.4,15.5,15.5,15.4,9,9,6,11
15.5,21,15.5,15.5,15.4,15.5,15.5,9,9,6,11
15.5,22,15.5,15.5,15.5,15.4,15.5,9,9,5,11
15.5,22,15.5,15.5,15.5,15.5,15.4,9,8,5,11
15.5,22,15.5,15.5,15.5,15.5,15.5,9,9,5,11
15.5,22,15.5,15.5,15.5,15.5,15.5,9,8,5,11
15.5,22,15.5,15.5,15.5,15.5,15.5,9,9,5,11
15.5,22,15.5,15.5,15.5,15.5,15.5,9,7,6,11
15.5,22,15.5,15.5,15.5,15.5,15.5,9,7,6,11
15.5,22,15.5,15.5,15.5,15.5,15.5,9,7,6,11
15.5,22,15.5,15.5,15.5,15.5,15.5,9,7,5,11
15.5,22,15.5,15.5,15.5,15.5,15.5,9,7,5,11
15.5,22,15.5,15.5,15.5,15.5,15.5,9,7,5,11
15.5,22,15.5,15.5,15.5,15.5,15.5,9,8,5,11
15.4,22,15.5,15.5,15.5,15.5,15.5,9,9,5,11
15.4,23,15.4,15.5,15.5,15.5,15.5,9,8,5,11
15.5,23,15.4,15.4,15.5,15.5,15.5,9,9,5,11
15.4,23,15.5,15.4,15.4,15.5,15.5,9,8,6,11
15.4,23,15.4,15.5,15.4,15.4,15.5,9,8,6,11
15.4,23,15.4,15.4,15.5,15.4,15.4,9,8,6,11
15.4,23,15.4,15.4,15.4,15.5,15.4,8,8,5,10
15.4,23,15.4,15.4,15.4,15.4,15.5,8,8,5,10
15.3,23,15.4,15.4,15.4,15.4,15.4,8,8,5,10
15.4,23,15.3,15.4,15.4,15.4,15.4,8,8,5,11
15.3,23,15.4,15.3,15.4,15.4,15.4,8,8,5,10
15.3,23,15.3,15.4,15.3,15.4,15.4,8,8,5,11
15.3,23,15.3,15.3,15.4,15.3,15.4,8,8,5,11
15.3,0,15.3,15.3,15.3,15.4,15.3,8,8,5,11
15.3,0,15.3,15.3,15.3,15.3,15.4,8,8,5,11
15.3,0,15.3,15.3,15.3,15.3,15.3,8,8,4,11
15.2,0,15.3,15.3,15.3,15.3,15.3,8,8,4,11
15.2,0,15.2,15.3,15.3,15.3,15.3,9,9,4,11
15.2,0,15.2,15.2,15.3,15.3,15.3,8,8,4,11
15.2,0,15.2,15.2,15.2,15.3,15.3,8,8,4,11
15.2,0,15.2,15.2,15.2,15.2,15.3,8,8,4,11
15.2,0,15.2,15.2,15.2,15.2,15.2,8,7,4,11
15.2,0,15.2,15.2,15.2,15.2,15.2,8,7,4,11
15.2,0,15.2,15.2,15.2,15.2,15.2,9,8,4,11
15.1,0,15.2,15.2,15.2,15.2,15.2,9,8,4,11
15.2,0,15.1,15.2,15.2,15.2,15.2,9,8,4,11
15.1,1,15.2,15.1,15.2,15.2,15.2,9,8,4,11
15.1,1,15.1,15.2,15.1,15.2,15.2,9,7,5,10
15.1,1,15.1,15.1,15.2,15.1,15.2,9,7,5,10
15.1,1,15.1,15.1,15.1,15.2,15.1,9,9,5,11
15.1,1,15.1,15.1,15.1,15.1,15.2,9,9,5,11
15.1,1,15.1,15.1,15.1,15.1,15.1,9,9,5,11
15.1,1,15.1,15.1,15.1,15.1,15.1,9,9,5,12
15.1,1,15.1,15.1,15.1,15.1,15.1,9,9,5,11
15.1,1,15.1,15.1,15.1,15.1,15.1,9,9,5,12
15.1,1,15.1,15.1,15.1,15.1,15.1,9,9,5,12
15,1,15.1,15.1,15.1,15.1,15.1,9,9,5,12
15,1,15,15.1,15.1,15.1,15.1,9,9,5,12
15,2,15,15,15.1,15.1,15.1,9,9,5,12
15,2,15,15,15,15.1,15.1,9,9,5,12
15,2,15,15,15,15,15.1,9,9,5,12
15,2,15,15,15,15,15,9,9,5,12
15,2,15,15,15,15,15,9,9,5,12
15,2,15,15,15,15,15,9,8,4,12
15,2,15,15,15,15,15,9,9,4,12
15,2,15,15,15,15,15,9,9,5,13
15,2,15,15,15,15,15,9,9,5,13
15,2,15,15,15,15,15,9,9,5,13
15,2,15,15,15,15,15,10,9,5,13
14.9,2,15,15,15,15,15,10,9,5,13
14.9,3,14.9,15,15,15,15,10,9,5,13
14.9,3,14.9,14.9,15,15,15,10,10,5,13
14.9,3,14.9,14.9,14.9,15,15,10,10,5,13
14.9,3,14.9,14.9,14.9,14.9,15,10,10,5,13
14.9,3,14.9,14.9,14.9,14.9,14.9,10,10,5,13
14.9,3,14.9,14.9,14.9,14.9,14.9,10,10,5,13
14.9,3,14.9,14.9,14.9,14.9,14.9,10,10,5,13
14.9,3,14.9,14.9,14.9,14.9,14.9,10,10,5,13
14.9,3,14.9,14.9,14.9,14.9,14.9,10,10,5,13
14.9,3,14.9,14.9,14.9,14.9,14.9,10,10,5,13
14.9,3,14.9,14.9,14.9,14.9,14.9,10,9,5,13
14.9,3,14.9,14.9,14.9,14.9,14.9,10,10,5,13
14.9,3,14.9,14.9,14.9,14.9,14.9,10,9,5,13
14.9,4,14.9,14.9,14.9,14.9,14.9,10,10,5,13
14.9,4,14.9,14.9,14.9,14.9,14.9,10,10,4,13
14.9,4,14.9,14.9,14.9,14.9,14.9,10,10,4,15
14.8,4,14.9,14.9,14.9,14.9,14.9,10,10,4,15
14.9,4,14.8,14.9,14.9,14.9,14.9,10,10,4,15
14.9,4,14.9,14.8,14.9,14.9,14.9,10,9,3,15
14.8,4,14.9,14.9,14.8,14.9,14.9,10,9,3,15
14.8,4,14.8,14.9,14.9,14.8,14.9,10,9,3,15
14.8,4,14.8,14.8,14.9,14.9,14.8,10,9,3,15
14.8,4,14.8,14.8,14.8,14.9,14.9,10,9,3,15
14.8,4,14.8,14.8,14.8,14.8,14.9,10,9,3,15
14.8,4,14.8,14.8,14.8,14.8,14.8,11,10,3,16
14.8,5,14.8,14.8,14.8,14.8,14.8,11,10,3,16
14.8,5,14.8,14.8,14.8,14.8,14.8,11,10,3,16
14.8,5,14.8,14.8,14.8,14.8,14.8,11,10,3,16
14.8,5,14.8,14.8,14.8,14.8,14.8,11,10,3,16
14.8,5,14.8,14.8,14.8,14.8,14.8,12,11,4,15
14.8,5,14.8,14.8,14.8,14.8,14.8,12,11,4,15
14.8,5,14.8,14.8,14.8,14.8,14.8,12,11,4,15
14.8,5,14.8,14.8,14.8,14.8,14.8,12,11,4,15
14.8,5,14.8,14.8,14.8,14.8,14.8,12,11,4,15
14.8,5,14.8,14.8,14.8,14.8,14.8,13,12,5,15
14.8,5,14.8,14.8,14.8,14.8,14.8,14,13,6,15
14.8,5,14.8,14.8,14.8,14.8,14.8,14,13,6,15
14.8,5,14.8,14.8,14.8,14.8,14.8,14,13,5,15
14.8,6,14.8,14.8,14.8,14.8,14.8,14,13,5,15
14.8,6,14.8,14.8,14.8,14.8,14.8,14,13,5,15
14.8,6,14.8,14.8,14.8,14.8,14.8,14,13,5,15
14.8,6,14.8,14.8,14.8,14.8,14.8,14,13,5,15
14.8,6,14.8,14.8,14.8,14.8,14.8,14,13,5,15
14.8,6,14.8,14.8,14.8,14.8,14.8,14,13,4,16
14.8,6,14.8,14.8,14.8,14.8,14.8,14,13,4,16
14.8,6,14.8,14.8,14.8,14.8,14.8,14,13,6,16
14.8,6,14.8,14.8,14.8,14.8,14.8,14,13,6,16
14.8,6,14.8,14.8,14.8,14.8,14.8,14,13,6,16
14.8,6,14.8,14.8,14.8,14.8,14.8,14,13,6,16
14.8,6,14.8,14.8,14.8,14.8,14.8,14,13,6,16
14.8,7,14.8,14.8,14.8,14.8,14.8,14,13,13,16
14.8,7,14.8,14.8,14.8,14.8,14.8,14,13,13,16
14.8,7,14.8,14.8,14.8,14.8,14.8,14,13,13,16
14.8,7,14.8,14.8,14.8,14.8,14.8,14,13,13,16
14.8,7,14.8,14.8,14.8,14.8,14.8,14,13,13,16
14.8,7,14.8,14.8,14.8,14.8,14.8,14,13,8,16
14.8,7,14.8,14.8,14.8,14.8,14.8,14,13,8,16
14.8,7,14.8,14.8,14.8,14.8,14.8,14,13,13,16
14.8,7,14.8,14.8,14.8,14.8,14.8,14,13,13,16
14.8,7,14.8,14.8,14.8,14.8,14.8,14,13,13,16
14.8,7,14.8,14.8,14.8,14.8,14.8,14,13,13,16
14.8,7,14.8,14.8,14.8,14.8,14.8,14,13,13,16
14.8,8,14.8,14.8,14.8,14.8,14.8,14,13,13,16
14.8,8,14.8,14.8,14.8,14.8,14.8,14,13,13,16
14.8,8,14.8,14.8,14.8,14.8,14.8,14,13,13,16
14.8,8,14.8,14.8,14.8,14.8,14.8,14,14,13,16
14.8,8,14.8,14.8,14.8,14.8,14.8,14,14,13,16
14.8,8,14.8,14.8,14.8,14.8,14.8,14,14,13,16
14.8,8,14.8,14.8,14.8,14.8,14.8,14,14,13,16
14.8,8,14.8,14.8,14.8,14.8,14.8,14,14,13,16
14.8,8,14.8,14.8,14.8,14.8,14.8,14,14,12,16
14.8,8,14.8,14.8,14.8,14.8,14.8,14,14,12,16
14.8,8,14.8,14.8,14.8,14.8,14.8,14,14,12,16
14.8,8,14.8,14.8,14.8,14.8,14.8,14,14,12,16
14.8,8,14.8,14.8,14.8,14.8,14.8,14,14,12,16
14.8,9,14.8,14.8,14.8,14.8,14.8,14,14,11,16
14.9,9,14.8,14.8,14.8,14.8,14.8,14,14,11,16
14.9,9,14.9,14.8,14.8,14.8,14.8,14,14,11,16
14.9,9,14.9,14.9,14.8,14.8,14.8,14,14,11,17
14.9,9,14.9,14.9,14.9,14.8,14.8,14,14,11,16
14.9,9,14.9,14.9,14.9,14.9,14.8,14,14,11,16
14.9,9,14.9,14.9,14.9,14.9,14.9,14,14,11,16
15,9,14.9,14.9,14.9,14.9,14.9,14,14,11,16
15,9,15,14.9,14.9,14.9,14.9,14,14,11,16
15.1,9,15,15,14.9,14.9,14.9,14,14,11,16
15,9,15.1,15,15,14.9,14.9,14,14,11,17
15.6,9,15,15.1,15,15,14.9,14,14,11,17
16,10,15.6,15,15.1,15,15,14,14,11,17
16.4,10,16,15.6,15,15.1,15,14,14,11,17
16.4,10,16.4,16,15.6,15,15.1,14,14,11,17
16.3,10,16.4,16.4,16,15.6,15,14,14,12,17
16.3,10,16.3,16.4,16.4,16,15.6,14,14,12,17
16.3,10,16.3,16.3,16.4,16.4,16,14,14,12,17
16.3,10,16.3,16.3,16.3,16.4,16.4,14,14,11,17
16.4,10,16.3,16.3,16.3,16.3,16.4,14,14,11,17
16.4,10,16.4,16.3,16.3,16.3,16.3,14,14,11,17
16.5,10,16.4,16.4,16.3,16.3,16.3,15,14,12,17
16.5,10,16.5,16.4,16.4,16.3,16.3,14,14,12,17
16.6,10,16.5,16.5,16.4,16.4,16.3,15,14,12,17
16.7,10,16.6,16.5,16.5,16.4,16.4,15,14,12,17
16.7,11,16.7,16.6,16.5,16.5,16.4,15,14,12,17
16.7,11,16.7,16.7,16.6,16.5,16.5,15,14,12,17
16.8,11,16.7,16.7,16.7,16.6,16.5,15,14,12,17
16.8,11,16.8,16.7,16.7,16.7,16.6,15,14,12,18
16.9,11,16.8,16.8,16.7,16.7,16.7,15,14,12,18
16.9,11,16.9,16.8,16.8,16.7,16.7,15,14,13,17
17,11,16.9,16.9,16.8,16.8,16.7,15,14,13,18
17,11,17,16.9,16.9,16.8,16.8,15,14,13,17
17,11,17,17,16.9,16.9,16.8,15,15,13,17
17.1,11,17,17,17,16.9,16.9,15,15,13,17
18,11,17.1,17,17,17,16.9,16,15,13,17
18.7,11,18,17.1,17,17,17,16,15,13,17
18.9,12,18.7,18,17.1,17,17,16,15,14,18
19,12,18.9,18.7,18,17.1,17,16,15,14,18
19.4,12,19,18.9,18.7,18,17.1,16,15,14,18
19.7,12,19.4,19,18.9,18.7,18,16,15,14,18
20,12,19.7,19.4,19,18.9,18.7,16,15,14,18
20.4,12,20,19.7,19.4,19,18.9,16,15,14,18
20.6,12,20.4,20,19.7,19.4,19,16,15,14,18
20.8,12,20.6,20.4,20,19.7,19.4,16,15,14,18
21,12,20.8,20.6,20.4,20,19.7,16,16,14,18
21.2,12,21,20.8,20.6,20.4,20,17,16,15,18
21.2,12,21.2,21,20.8,20.6,20.4,17,16,15,18
21.3,12,21.2,21.2,21,20.8,20.6,17,16,15,18
21.5,13,21.3,21.2,21.2,21,20.8,17,16,15,18
21.4,13,21.5,21.3,21.2,21.2,21,17,16,15,18
21.7,13,21.4,21.5,21.3,21.2,21.2,17,16,15,18
21.7,13,21.7,21.4,21.5,21.3,21.2,17,16,15,18
21.8,13,21.7,21.7,21.4,21.5,21.3,17,16,15,18
21.8,13,21.8,21.7,21.7,21.4,21.5,17,16,15,18
21.8,13,21.8,21.8,21.7,21.7,21.4,17,16,15,18
22,13,21.8,21.8,21.8,21.7,21.7,17,16,15,18
22.2,13,22,21.8,21.8,21.8,21.7,17,16,15,18
22.3,13,22.2,22,21.8,21.8,21.8,17,16,15,18
22.5,13,22.3,22.2,22,21.8,21.8,17,16,15,18
22.5,13,22.5,22.3,22.2,22,21.8,17,16,15,18
22.5,13,22.5,22.5,22.3,22.2,22,17,16,15,18
22.6,14,22.5,22.5,22.5,22.3,22.2,17,16,15,18
22.7,14,22.6,22.5,22.5,22.5,22.3,17,16,15,18
22.8,14,22.7,22.6,22.5,22.5,22.5,17,16,15,18
23,14,22.8,22.7,22.6,22.5,22.5,17,16,15,18
23.1,14,23,22.8,22.7,22.6,22.5,17,16,15,18
23.1,14,23.1,23,22.8,22.7,22.6,17,16,15,18
22.9,14,23.1,23.1,23,22.8,22.7,17,16,15,18
22.9,14,22.9,23.1,23.1,23,22.8,17,16,15,18
22.9,14,22.9,22.9,23.1,23.1,23,17,16,15,18
22.7,14,22.9,22.9,22.9,23.1,23.1,17,16,15,18
22.5,14,22.7,22.9,22.9,22.9,23.1,17,16,15,18
22.4,14,22.5,22.7,22.9,22.9,22.9,17,16,15,18
22.3,15,22.4,22.5,22.7,22.9,22.9,17,16,15,18
22.1,15,22.3,22.4,22.5,22.7,22.9,17,16,15,18
21.7,15,22.1,22.3,22.4,22.5,22.7,17,16,15,18
21.5,15,21.7,22.1,22.3,22.4,22.5,17,16,15,18
21.3,15,21.5,21.7,22.1,22.3,22.4,17,16,15,18
21.2,15,21.3,21.5,21.7,22.1,22.3,17,16,15,18
21,15,21.2,21.3,21.5,21.7,22.1,17,16,15,18
21,15,21,21.2,21.3,21.5,21.7,17,16,15,18
20.9,15,21,21,21.2,21.3,21.5,16,16,15,18
20.7,15,20.9,21,21,21.2,21.3,16,15,15,17
20.7,15,20.7,20.9,21,21,21.2,16,15,15,17
20.7,15,20.7,20.7,20.9,21,21,16,15,15,17
20.6,16,20.7,20.7,20.7,20.9,21,16,15,15,17
20.5,16,20.6,20.7,20.7,20.7,20.9,16,15,15,17
20.4,16,20.5,20.6,20.7,20.7,20.7,16,15,15,17
20.4,16,20.4,20.5,20.6,20.7,20.7,16,15,14,17
20.3,16,20.4,20.4,20.5,20.6,20.7,16,15,14,17
20.3,16,20.3,20.4,20.4,20.5,20.6,16,15,14,17
20.3,16,20.3,20.3,20.4,20.4,20.5,16,15,14,17
20.2,16,20.3,20.3,20.3,20.4,20.4,16,15,14,17
20.1,16,20.2,20.3,20.3,20.3,20.4,16,15,14,17
20.1,16,20.1,20.2,20.3,20.3,20.3,16,15,14,17
20,16,20.1,20.1,20.2,20.3,20.3,16,15,14,17
20,16,20,20.1,20.1,20.2,20.3,16,15,14,17
19.9,16,20,20,20.1,20.1,20.2,16,15,14,17
19.8,17,19.9,20,20,20.1,20.1,16,15,14,17
19.8,17,19.8,19.9,20,20,20.1,16,15,14,17
19.7,17,19.8,19.8,19.9,20,20,16,15,14,17
19.7,17,19.7,19.8,19.8,19.9,20,16,14,14,16
19.7,17,19.7,19.7,19.8,19.8,19.9,15,14,13,16
19.9,17,19.7,19.7,19.7,19.8,19.8,15,14,13,16
20.6,17,19.9,19.7,19.7,19.7,19.8,15,14,13,16
21,17,20.6,19.9,19.7,19.7,19.7,15,14,13,16
21.2,17,21,20.6,19.9,19.7,19.7,15,14,13,16
21.5,17,21.2,21,20.6,19.9,19.7,15,14,13,16
21.3,17,21.5,21.2,21,20.6,19.9,15,14,13,16
21,17,21.3,21.5,21.2,21,20.6,15,14,13,16
20.7,18,21,21.3,21.5,21.2,21,15,14,13,16
20.6,18,20.7,21,21.3,21.5,21.2,15,14,12,16
20.4,18,20.6,20.7,21,21.3,21.5,15,14,12,16
20.2,18,20.4,20.6,20.7,21,21.3,15,14,12,16
20.1,18,20.2,20.4,20.6,20.7,21,15,14,12,16
20,18,20.1,20.2,20.4,20.6,20.7,15,13,12,16
19.9,18,20,20.1,20.2,20.4,20.6,14,13,12,16
19.9,18,19.9,20,20.1,20.2,20.4,15,13,12,16
19.7,18,19.9,19.9,20,20.1,20.2,14,13,11,15
19.7,18,19.7,19.9,19.9,20,20.1,14,13,11,15
19.6,18,19.7,19.7,19.9,19.9,20,14,13,11,15
19.6,18,19.6,19.7,19.7,19.9,19.9,14,13,12,15
19.5,18,19.6,19.6,19.7,19.7,19.9,14,13,12,15
19.4,19,19.5,19.6,19.6,19.7,19.7,14,13,12,15
19.4,19,19.4,19.5,19.6,19.6,19.7,14,13,12,15
19.4,19,19.4,19.4,19.5,19.6,19.6,14,13,12,15
19.4,19,19.4,19.4,19.4,19.5,19.6,14,13,12,15
19.4,19,19.4,19.4,19.4,19.4,19.5,14,13,12,15
19.3,19,19.4,19.4,19.4,19.4,19.4,14,13,12,15
19.3,19,19.3,19.4,19.4,19.4,19.4,14,13,12,15
19.2,19,19.3,19.3,19.4,19.4,19.4,14,13,12,15
19.2,19,19.2,19.3,19.3,19.4,19.4,14,13,11,15
19.2,19,19.2,19.2,19.3,19.3,19.4,14,12,11,15
19.1,19,19.2,19.2,19.2,19.3,19.3,14,12,11,15
19.1,19,19.1,19.2,19.2,19.2,19.3,14,12,11,15
19.1,20,19.1,19.1,19.2,19.2,19.2,13,12,11,14
19.1,20,19.1,19.1,19.1,19.2,19.2,13,12,10,14
19.1,20,19.1,19.1,19.1,19.1,19.2,13,12,10,14
19.1,20,19.1,19.1,19.1,19.1,19.1,13,12,10,14
19.1,20,19.1,19.1,19.1,19.1,19.1,13,12,10,14
19.1,20,19.1,19.1,19.1,19.1,19.1,13,12,10,14
19,20,19.1,19.1,19.1,19.1,19.1,13,12,10,14
19,20,19,19.1,19.1,19.1,19.1,13,12,10,14
19,20,19,19,19.1,19.1,19.1,13,12,11,14
18.9,20,19,19,19,19.1,19.1,13,12,10,14
18.9,20,18.9,19,19,19,19.1,13,12,10,14
18.9,20,18.9,18.9,19,19,19,13,12,10,14
18.9,21,18.9,18.9,18.9,19,19,13,12,10,14
18.9,21,18.9,18.9,18.9,18.9,19,13,12,10,14
18.9,21,18.9,18.9,18.9,18.9,18.9,13,12,10,14
18.9,21,18.9,18.9,18.9,18.9,18.9,13,11,9,14
18.9,21,18.9,18.9,18.9,18.9,18.9,13,11,9,14
18.9,21,18.9,18.9,18.9,18.9,18.9,13,11,9,14
18.9,21,18.9,18.9,18.9,18.9,18.9,12,11,9,14
18.9,21,18.9,18.9,18.9,18.9,18.9,12,11,9,13
18.9,21,18.9,18.9,18.9,18.9,18.9,12,11,9,13
18.9,21,18.9,18.9,18.9,18.9,18.9,12,11,10,13
18.8,21,18.9,18.9,18.9,18.9,18.9,12,11,8,13
18.9,21,18.8,18.9,18.9,18.9,18.9,12,11,10,13
18.9,21,18.9,18.8,18.9,18.9,18.9,12,11,8,13
18.9,22,18.9,18.9,18.8,18.9,18.9,12,11,8,13
18.8,22,18.9,18.9,18.9,18.8,18.9,12,11,9,13
18.8,22,18.8,18.9,18.9,18.9,18.8,12,11,9,13
18.8,22,18.8,18.8,18.9,18.9,18.9,12,11,9,13
18.8,22,18.8,18.8,18.8,18.9,18.9,12,10,9,13
18.9,22,18.8,18.8,18.8,18.8,18.9,12,10,9,13
20,22,18.9,18.8,18.8,18.8,18.8,12,10,9,13
20.7,22,20,18.9,18.8,18.8,18.8,11,10,7,13
21.3,22,20.7,20,18.9,18.8,18.8,11,10,7,13
21.7,22,21.3,20.7,20,18.9,18.8,11,10,8,13
22,22,21.7,21.3,20.7,20,18.9,11,10,8,13
22.2,22,22,21.7,21.3,20.7,20,11,10,8,13
22.3,23,22.2,22,21.7,21.3,20.7,11,10,8,13
22.6,23,22.3,22.2,22,21.7,21.3,11,10,8,13
22.6,23,22.6,22.3,22.2,22,21.7,11,10,8,13
22.2,23,22.6,22.6,22.3,22.2,22,11,10,7,13
21.6,23,22.2,22.6,22.6,22.3,22.2,11,10,7,13
21,23,21.6,22.2,22.6,22.6,22.3,11,10,7,13
20.5,23,21,21.6,22.2,22.6,22.6,11,10,7,13
20.2,23,20.5,21,21.6,22.2,22.6,11,10,7,13
19.9,23,20.2,20.5,21,21.6,22.2,11,10,7,13
19.6,23,19.9,20.2,20.5,21,21.6,11,10,7,13
19.4,23,19.6,19.9,20.2,20.5,21,11,10,7,13
19.2,23,19.4,19.6,19.9,20.2,20.5,11,10,7,13
19.1,23,19.2,19.4,19.6,19.9,20.2,11,10,7,13
18.9,0,19.1,19.2,19.4,19.6,19.9,11,10,6,13
18.8,0,18.9,19.1,19.2,19.4,19.6,11,10,6,13
18.7,0,18.8,18.9,19.1,19.2,19.4,11,9,6,13
18.6,0,18.7,18.8,18.9,19.1,19.2,11,9,6,13
18.6,0,18.6,18.7,18.8,18.9,19.1,10,9,6,12
18.4,0,18.6,18.6,18.7,18.8,18.9,10,9,6,13
18.4,0,18.4,18.6,18.6,18.7,18.8,10,9,6,13
18.3,0,18.4,18.4,18.6,18.6,18.7,10,9,6,13
18.2,0,18.3,18.4,18.4,18.6,18.6,10,10,6,13
18.2,0,18.2,18.3,18.4,18.4,18.6,10,10,6,13
18.1,0,18.2,18.2,18.3,18.4,18.4,10,10,6,13
18,0,18.1,18.2,18.2,18.3,18.4,10,10,6,13
18,0,18,18.1,18.2,18.2,18.3,10,10,6,13
17.9,1,18,18,18.1,18.2,18.2,10,10,6,13
17.8,1,17.9,18,18,18.1,18.2,10,10,6,13
17.8,1,17.8,17.9,18,18,18.1,10,10,6,13
17.8,1,17.8,17.8,17.9,18,18,10,10,6,13
17.8,1,17.8,17.8,17.8,17.9,18,10,10,6,13
17.7,1,17.8,17.8,17.8,17.8,17.9,10,10,6,13
17.7,1,17.7,17.8,17.8,17.8,17.8,10,10,6,13
17.6,1,17.7,17.7,17.8,17.8,17.8,10,10,6,13
17.6,1,17.6,17.7,17.7,17.8,17.8,10,10,6,13
17.5,1,17.6,17.6,17.7,17.7,17.8,10,10,6,13
17.5,1,17.5,17.6,17.6,17.7,17.7,9,9,6,13
17.5,1,17.5,17.5,17.6,17.6,17.7,9,9,6,12
17.4,2,17.5,17.5,17.5,17.6,17.6,9,9,6,13
17.4,2,17.4,17.5,17.5,17.5,17.6,9,9,6,12
17.4,2,17.4,17.4,17.5,17.5,17.5,9,9,6,12
17.3,2,17.4,17.4,17.4,17.5,17.5,9,9,5,12
17.3,2,17.3,17.4,17.4,17.4,17.5,9,9,6,12
17.3,2,17.3,17.3,17.4,17.4,17.4,9,9,5,12
17.2,2,17.3,17.3,17.3,17.4,17.4,9,9,5,12
17.2,2,17.2,17.3,17.3,17.3,17.4,9,9,5,12
17.2,2,17.2,17.2,17.3,17.3,17.3,9,9,5,12
17.2,2,17.2,17.2,17.2,17.3,17.3,9,9,5,12
17.1,2,17.2,17.2,17.2,17.2,17.3,9,9,5,12
17.1,2,17.1,17.2,17.2,17.2,17.2,9,9,5,12
17.1,3,17.1,17.1,17.2,17.2,17.2,9,9,5,12
17,3,17.1,17.1,17.1,17.2,17.2,9,9,5,12
17,3,17,17.1,17.1,17.1,17.2,9,9,5,12
17,3,17,17,17.1,17.1,17.1,9,8,5,12
17,3,17,17,17,17.1,17.1,9,8,5,12
16.9,3,17,17,17,17,17.1,9,9,5,12
16.9,3,16.9,17,17,17,17,9,9,5,12
16.9,3,16.9,16.9,17,17,17,9,9,5,12
16.9,3,16.9,16.9,16.9,17,17,9,9,6,12
16.8,3,16.9,16.9,16.9,16.9,17,9,9,6,12
16.8,3,16.8,16.9,16.9,16.9,16.9,9,8,6,12
16.8,3,16.8,16.8,16.9,16.9,16.9,9,9,6,12
16.8,3,16.8,16.8,16.8,16.9,16.9,9,9,6,12
16.7,4,16.8,16.8,16.8,16.8,16.9,9,9,6,12
16.7,4,16.7,16.8,16.8,16.8,16.8,9,9,6,12
16.7,4,16.7,16.7,16.8,16.8,16.8,9,9,6,12
16.7,4,16.7,16.7,16.7,16.8,16.8,8,8,6,12
16.6,4,16.7,16.7,16.7,16.7,16.8,8,8,6,12
16.6,4,16.6,16.7,16.7,16.7,16.7,8,8,6,12
16.6,4,16.6,16.6,16.7,16.7,16.7,8,8,6,11
16.6,4,16.6,16.6,16.6,16.7,16.7,8,8,5,11
16.5,4,16.6,16.6,16.6,16.6,16.7,8,8,4,12
16.5,4,16.5,16.6,16.6,16.6,16.6,8,8,5,12
16.5,4,16.5,16.5,16.6,16.6,16.6,8,8,5,12
16.5,4,16.5,16.5,16.5,16.6,16.6,8,8,5,12
16.4,5,16.5,16.5,16.5,16.5,16.6,8,8,5,11
16.5,5,16.4,16.5,16.5,16.5,16.5,8,8,5,11
16.4,5,16.5,16.4,16.5,16.5,16.5,8,8,5,11
16.4,5,16.4,16.5,16.4,16.5,16.5,8,8,5,11
16.4,5,16.4,16.4,16.5,16.4,16.5,8,8,5,11
16.4,5,16.4,16.4,16.4,16.5,16.4,8,8,5,11
16.3,5,16.4,16.4,16.4,16.4,16.5,8,8,5,11
16.3,5,16.3,16.4,16.4,16.4,16.4,8,8,5,11
16.3,5,16.3,16.3,16.4,16.4,16.4,8,8,5,11
16.3,5,16.3,16.3,16.3,16.4,16.4,8,6,5,11
16.3,5,16.3,16.3,16.3,16.3,16.4,8,6,5,11
16.2,5,16.3,16.3,16.3,16.3,16.3,8,6,5,11
16.2,5,16.2,16.3,16.3,16.3,16.3,8,6,5,11
16.2,6,16.2,16.2,16.3,16.3,16.3,8,6,5,11
16.2,6,16.2,16.2,16.2,16.3,16.3,8,6,4,11
16.1,6,16.2,16.2,16.2,16.2,16.3,8,6,4,11
16.1,6,16.1,16.2,16.2,16.2,16.2,8,6,4,11
16.1,6,16.1,16.1,16.2,16.2,16.2,8,6,4,11
16.1,6,16.1,16.1,16.1,16.2,16.2,8,6,3,11
16.1,6,16.1,16.1,16.1,16.1,16.2,8,6,3,11
16,6,16.1,16.1,16.1,16.1,16.1,8,6,3,11
16,6,16,16.1,16.1,16.1,16.1,8,6,3,11
16,6,16,16,16.1,16.1,16.1,8,6,3,11
16,6,16,16,16,16.1,16.1,8,6,4,11
16,6,16,16,16,16,16.1,8,6,4,11
15.9,7,16,16,16,16,16,7,6,4,11
15.9,7,15.9,16,16,16,16,7,7,4,11
15.9,7,15.9,15.9,16,16,16,7,7,4,11
15.9,7,15.9,15.9,15.9,16,16,7,7,4,11
15.9,7,15.9,15.9,15.9,15.9,16,7,7,4,11
15.9,7,15.9,15.9,15.9,15.9,15.9,7,7,3,11
15.8,7,15.9,15.9,15.9,15.9,15.9,7,7,3,11
15.8,7,15.8,15.9,15.9,15.9,15.9,7,7,3,11
15.8,7,15.8,15.8,15.9,15.9,15.9,7,7,3,11
15.8,7,15.8,15.8,15.8,15.9,15.9,7,7,3,9
15.8,7,15.8,15.8,15.8,15.8,15.9,7,7,3,9
15.7,7,15.8,15.8,15.8,15.8,15.8,7,7,3,9
15.7,8,15.7,15.8,15.8,15.8,15.8,7,7,3,9
15.7,8,15.7,15.7,15.8,15.8,15.8,7,7,3,9
15.7,8,15.7,15.7,15.7,15.8,15.8,7,7,3,9
15.7,8,15.7,15.7,15.7,15.7,15.8,7,5,3,9
15.7,8,15.7,15.7,15.7,15.7,15.7,7,5,3,9
15.7,8,15.7,15.7,15.7,15.7,15.7,7,7,4,9
15.7,8,15.7,15.7,15.7,15.7,15.7,7,7,4,9
15.6,8,15.7,15.7,15.7,15.7,15.7,7,7,4,9
15.7,8,15.6,15.7,15.7,15.7,15.7,7,6,4,11
15.7,8,15.7,15.6,15.7,15.7,15.7,7,6,4,11
15.6,8,15.7,15.7,15.6,15.7,15.7,7,6,4,11
15.6,8,15.6,15.7,15.7,15.6,15.7,7,7,4,10
15.6,8,15.6,15.6,15.7,15.7,15.6,8,8,4,10
15.6,9,15.6,15.6,15.6,15.7,15.7,8,8,4,10
15.7,9,15.6,15.6,15.6,15.6,15.7,8,8,4,10
15.7,9,15.7,15.6,15.6,15.6,15.6,8,7,4,11
15.7,9,15.7,15.7,15.6,15.6,15.6,8,7,4,11
15.7,9,15.7,15.7,15.7,15.6,15.6,8,7,4,11
15.7,9,15.7,15.7,15.7,15.7,15.6,8,8,3,12
15.7,9,15.7,15.7,15.7,15.7,15.7,8,8,3,12
15.7,9,15.7,15.7,15.7,15.7,15.7,8,8,3,12
15.7,9,15.7,15.7,15.7,15.7,15.7,8,8,5,12
15.7,9,15.7,15.7,15.7,15.7,15.7,8,8,5,12
15.7,9,15.7,15.7,15.7,15.7,15.7,9,9,5,12
15.8,9,15.7,15.7,15.7,15.7,15.7,9,9,6,12
15.8,10,15.8,15.7,15.7,15.7,15.7,9,9,5,13
15.8,10,15.8,15.8,15.7,15.7,15.7,9,9,5,13
15.8,10,15.8,15.8,15.8,15.7,15.7,9,9,5,13
15.9,10,15.8,15.8,15.8,15.8,15.7,9,9,5,13
15.9,10,15.9,15.8,15.8,15.8,15.8,9,9,5,13
15.9,10,15.9,15.9,15.8,15.8,15.8,10,9,7,13
15.8,10,15.9,15.9,15.9,15.8,15.8,10,9,7,13
15.8,10,15.8,15.9,15.9,15.9,15.8,10,9,7,13
15.9,10,15.8,15.8,15.9,15.9,15.9,10,9,6,13
15.9,10,15.9,15.8,15.8,15.9,15.9,10,9,7,13
15.9,10,15.9,15.9,15.8,15.8,15.9,10,9,7,13
15.9,10,15.9,15.9,15.9,15.8,15.8,11,10,8,14
15.9,11,15.9,15.9,15.9,15.9,15.8,11,9,7,13
15.9,11,15.9,15.9,15.9,15.9,15.9,11,10,8,14
15.9,11,15.9,15.9,15.9,15.9,15.9,11,10,8,13
15.9,11,15.9,15.9,15.9,15.9,15.9,11,10,8,13
15.9,11,15.9,15.9,15.9,15.9,15.9,11,10,8,13
16,11,15.9,15.9,15.9,15.9,15.9,11,10,8,14
16,11,16,15.9,15.9,15.9,15.9,11,10,8,14
16,11,16,16,15.9,15.9,15.9,11,10,8,14
16,11,16,16,16,15.9,15.9,12,11,8,15
16,11,16,16,16,16,15.9,12,11,8,15
16,11,16,16,16,16,16,12,11,8,15
16,11,16,16,16,16,16,12,11,10,15
16,11,16,16,16,16,16,12,11,10,15
16.1,12,16,16,16,16,16,12,11,10,15
16.1,12,16.1,16,16,16,16,12,11,10,15
16.1,12,16.1,16.1,16,16,16,12,11,10,14
16,12,16.1,16.1,16.1,16,16,12,11,10,14
16,12,16,16.1,16.1,16.1,16,12,11,10,14
16.1,12,16,16,16.1,16.1,16.1,13,12,10,15
16.1,12,16.1,16,16,16.1,16.1,13,12,10,15
16.1,12,16.1,16.1,16,16,16.1,13,12,11,15
16.1,12,16.1,16.1,16.1,16,16,13,12,11,15
16.1,12,16.1,16.1,16.1,16.1,16,13,12,11,15
16.1,12,16.1,16.1,16.1,16.1,16.1,13,12,11,15
16.1,12,16.1,16.1,16.1,16.1,16.1,13,12,11,15
16.1,13,16.1,16.1,16.1,16.1,16.1,13,13,11,15
16.1,13,16.1,16.1,16.1,16.1,16.1,14,13,12,15
16.2,13,16.1,16.1,16.1,16.1,16.1,14,13,12,15
16.1,13,16.2,16.1,16.1,16.1,16.1,14,13,12,16
16.2,13,16.1,16.2,16.1,16.1,16.1,14,13,12,15
16.2,13,16.2,16.1,16.2,16.1,16.1,14,13,12,16
16.2,13,16.2,16.2,16.1,16.2,16.1,14,13,12,16
16.2,13,16.2,16.2,16.2,16.1,16.2,14,13,12,16
16.2,13,16.2,16.2,16.2,16.2,16.1,14,13,12,16
16.2,13,16.2,16.2,16.2,16.2,16.2,14,13,12,16
16.1,13,16.2,16.2,16.2,16.2,16.2,14,13,12,16
16.2,13,16.1,16.2,16.2,16.2,16.2,14,13,12,16
16.2,13,16.2,16.1,16.2,16.2,16.2,14,13,12,16
16.2,14,16.2,16.2,16.1,16.2,16.2,14,13,12,16
16.1,14,16.2,16.2,16.2,16.1,16.2,14,13,12,16
16.2,14,16.1,16.2,16.2,16.2,16.1,14,13,12,16
16.2,14,16.2,16.1,16.2,16.2,16.2,14,13,12,16
16.2,14,16.2,16.2,16.1,16.2,16.2,14,13,12,16
16.1,14,16.2,16.2,16.2,16.1,16.2,14,13,12,15
16.1,14,16.1,16.2,16.2,16.2,16.1,14,13,12,16
16.2,14,16.1,16.1,16.2,16.2,16.2,14,13,13,15
16.1,14,16.2,16.1,16.1,16.2,16.2,14,13,12,16
16.1,14,16.1,16.2,16.1,16.1,16.2,14,13,13,15
16.1,14,16.1,16.1,16.2,16.1,16.1,14,13,12,16
16.2,14,16.1,16.1,16.1,16.2,16.1,14,13,12,16
16.1,15,16.2,16.1,16.1,16.1,16.2,14,13,12,16
16.1,15,16.1,16.2,16.1,16.1,16.1,14,13,12,16
16.1,15,16.1,16.1,16.2,16.1,16.1,14,13,13,16
16.1,15,16.1,16.1,16.1,16.2,16.1,14,13,13,16
16.1,15,16.1,16.1,16.1,16.1,16.2,13,13,12,17
16,15,16.1,16.1,16.1,16.1,16.1,13,13,12,16
16,15,16,16.1,16.1,16.1,16.1,13,13,12,16
16.1,15,16,16,16.1,16.1,16.1,13,13,12,16
16,15,16.1,16,16,16.1,16.1,13,13,12,16
16,15,16,16.1,16,16,16.1,13,12,12,16
16,15,16,16,16.1,16,16,13,12,12,16
16,15,16,16,16,16.1,16,13,12,12,16
16,16,16,16,16,16,16.1,13,12,12,16
16,16,16,16,16,16,16,13,13,12,16
16.1,16,16,16,16,16,16,13,13,12,16
16.1,16,16.1,16,16,16,16,13,13,12,15
16.2,16,16.1,16.1,16,16,16,13,13,12,15
16.2,16,16.2,16.1,16.1,16,16,13,13,12,15
16.2,16,16.2,16.2,16.1,16.1,16,13,12,12,15
16.2,16,16.2,16.2,16.2,16.1,16.1,13,12,12,15
16.2,16,16.2,16.2,16.2,16.2,16.1,13,12,12,15
16.2,16,16.2,16.2,16.2,16.2,16.2,13,12,12,15
16.2,16,16.2,16.2,16.2,16.2,16.2,13,12,12,15
16.3,16,16.2,16.2,16.2,16.2,16.2,13,12,12,14
16.3,16,16.3,16.2,16.2,16.2,16.2,13,12,12,14
16.3,17,16.3,16.3,16.2,16.2,16.2,13,12,12,14
16.3,17,16.3,16.3,16.3,16.2,16.2,13,12,12,14
16.3,17,16.3,16.3,16.3,16.3,16.2,13,12,12,14
16.3,17,16.3,16.3,16.3,16.3,16.3,13,12,12,14
16.3,17,16.3,16.3,16.3,16.3,16.3,13,12,12,14
16.3,17,16.3,16.3,16.3,16.3,16.3,13,12,11,14
16.4,17,16.3,16.3,16.3,16.3,16.3,12,12,11,13
16.4,17,16.4,16.3,16.3,16.3,16.3,12,11,10,13
16.4,17,16.4,16.4,16.3,16.3,16.3,12,11,10,13
16.4,17,16.4,16.4,16.4,16.3,16.3,12,11,10,13
16.5,17,16.4,16.4,16.4,16.4,16.3,12,11,10,13
16.5,17,16.5,16.4,16.4,16.4,16.4,12,11,10,13
16.5,18,16.5,16.5,16.4,16.4,16.4,12,11,9,13
16.5,18,16.5,16.5,16.5,16.4,16.4,12,11,9,13
16.5,18,16.5,16.5,16.5,16.5,16.4,12,11,9,14
16.5,18,16.5,16.5,16.5,16.5,16.5,11,10,8,13
16.6,18,16.5,16.5,16.5,16.5,16.5,11,10,8,13
16.6,18,16.6,16.5,16.5,16.5,16.5,11,10,8,13
16.6,18,16.6,16.6,16.5,16.5,16.5,11,10,8,13
16.6,18,16.6,16.6,16.6,16.5,16.5,11,10,8,13
16.7,18,16.6,16.6,16.6,16.6,16.5,11,10,8,13
16.7,18,16.7,16.6,16.6,16.6,16.6,11,10,8,13
16.7,18,16.7,16.7,16.6,16.6,16.6,11,10,8,13
16.7,18,16.7,16.7,16.7,16.6,16.6,11,10,8,13
16.7,19,16.7,16.7,16.7,16.7,16.6,11,10,8,13
16.8,19,16.7,16.7,16.7,16.7,16.7,11,10,8,13
16.8,19,16.8,16.7,16.7,16.7,16.7,11,10,8,13
16.8,19,16.8,16.8,16.7,16.7,16.7,11,10,8,13
16.9,19,16.8,16.8,16.8,16.7,16.7,11,10,7,13
16.9,19,16.9,16.8,16.8,16.8,16.7,11,10,7,13
16.9,19,16.9,16.9,16.8,16.8,16.8,11,10,7,13
16.9,19,16.9,16.9,16.9,16.8,16.8,11,10,7,13
16.7,19,16.9,16.9,16.9,16.9,16.8,10,10,7,13
16.6,19,16.7,16.9,16.9,16.9,16.9,10,10,7,13
16.6,19,16.6,16.7,16.9,16.9,16.9,10,9,7,13
16.5,19,16.6,16.6,16.7,16.9,16.9,10,9,7,12
16.5,19,16.5,16.6,16.6,16.7,16.9,10,9,7,12
16.5,20,16.5,16.5,16.6,16.6,16.7,10,9,7,12
16.4,20,16.5,16.5,16.5,16.6,16.6,10,9,6,12
16.4,20,16.4,16.5,16.5,16.5,16.6,10,9,6,12
16.4,20,16.4,16.4,16.5,16.5,16.5,10,9,6,12
16.3,20,16.4,16.4,16.4,16.5,16.5,10,9,6,12
16.3,20,16.3,16.4,16.4,16.4,16.5,10,9,6,12
16.3,20,16.3,16.3,16.4,16.4,16.4,10,9,6,12
16.2,20,16.3,16.3,16.3,16.4,16.4,10,9,6,12
16.2,20,16.2,16.3,16.3,16.3,16.4,10,9,6,12
16.3,20,16.2,16.2,16.3,16.3,16.3,10,10,6,12
16.2,20,16.3,16.2,16.2,16.3,16.3,10,9,6,12
16.2,20,16.2,16.3,16.2,16.2,16.3,10,8,6,12
16.2,21,16.2,16.2,16.3,16.2,16.2,10,8,6,12
16.2,21,16.2,16.2,16.2,16.3,16.2,10,8,6,13
16.2,21,16.2,16.2,16.2,16.2,16.3,10,8,6,13
16.1,21,16.2,16.2,16.2,16.2,16.2,10,8,6,13
16.2,21,16.1,16.2,16.2,16.2,16.2,10,8,6,13
16.2,21,16.2,16.1,16.2,16.2,16.2,10,8,5,13
16.1,21,16.2,16.2,16.1,16.2,16.2,10,8,5,12
16.1,21,16.1,16.2,16.2,16.1,16.2,10,8,5,13
16.1,21,16.1,16.1,16.2,16.2,16.1,10,8,5,12
16.2,21,16.1,16.1,16.1,16.2,16.2,10,8,5,13
16.1,21,16.2,16.1,16.1,16.1,16.2,10,8,5,13
16.1,21,16.1,16.2,16.1,16.1,16.1,10,8,5,13
16.1,21,16.1,16.1,16.2,16.1,16.1,10,8,6,13
16.1,22,16.1,16.1,16.1,16.2,16.1,10,8,6,13
16,22,16.1,16.1,16.1,16.1,16.2,10,8,6,13
16,22,16,16.1,16.1,16.1,16.1,10,8,6,13
16.1,22,16,16,16.1,16.1,16.1,10,8,5,13
16,22,16.1,16,16,16.1,16.1,10,8,5,13
16,22,16,16.1,16,16,16.1,10,8,5,13
16,22,16,16,16.1,16,16,10,8,5,13
16.1,22,16,16,16,16.1,16,10,8,5,13
16,22,16.1,16,16,16,16.1,10,8,5,13
16,22,16,16.1,16,16,16,10,8,5,13
16.1,22,16,16,16.1,16,16,10,8,5,13
16,22,16.1,16,16,16.1,16,10,8,5,13
16.1,23,16,16.1,16,16,16.1,10,8,5,13
16,23,16.1,16,16.1,16,16,10,8,5,13
16,23,16,16.1,16,16.1,16,10,8,5,13
16,23,16,16,16.1,16,16.1,10,8,5,13
16,23,16,16,16,16.1,16,10,8,5,13
16,23,16,16,16,16,16.1,10,8,5,13
16,23,16,16,16,16,16,10,8,5,13
16,23,16,16,16,16,16,9,7,5,12
16,23,16,16,16,16,16,10,8,5,13
16,23,16,16,16,16,16,10,8,5,13
16,23,16,16,16,16,16,10,8,5,13
16.1,23,16,16,16,16,16,10,8,5,13
16,0,16.1,16,16,16,16,10,8,5,13
16,0,16,16.1,16,16,16,10,8,5,13
16,0,16,16,16.1,16,16,10,8,5,13
16,0,16,16,16,16.1,16,10,8,5,13
16,0,16,16,16,16,16.1,10,8,5,13
16,0,16,16,16,16,16,10,8,5,13
16,0,16,16,16,16,16,10,10,5,13
16,0,16,16,16,16,16,10,10,5,13
16,0,16,16,16,16,16,10,10,5,13
16,0,16,16,16,16,16,10,10,5,13
16,0,16,16,16,16,16,10,10,5,13
16,0,16,16,16,16,16,10,10,5,13
16,0,16,16,16,16,16,10,10,5,13
16,1,16,16,16,16,16,10,10,5,13
16,1,16,16,16,16,16,10,10,5,13
16,1,16,16,16,16,16,10,10,5,13
16,1,16,16,16,16,16,10,10,5,13
16,1,16,16,16,16,16,10,10,5,13
16,1,16,16,16,16,16,10,10,5,13
16,1,16,16,16,16,16,10,10,5,13
15.9,1,16,16,16,16,16,10,10,5,13
15.9,1,15.9,16,16,16,16,10,10,6,13
15.9,1,15.9,15.9,16,16,16,10,10,6,13
16,1,15.9,15.9,15.9,16,16,10,10,6,12
15.9,1,16,15.9,15.9,15.9,16,10,10,6,12
15.9,2,15.9,16,15.9,15.9,15.9,10,10,6,12
15.9,2,15.9,15.9,16,15.9,15.9,10,10,6,13
15.9,2,15.9,15.9,15.9,16,15.9,10,10,6,13
15.9,2,15.9,15.9,15.9,15.9,16,10,10,6,13
15.9,2,15.9,15.9,15.9,15.9,15.9,10,10,6,13
15.9,2,15.9,15.9,15.9,15.9,15.9,10,9,6,12
15.9,2,15.9,15.9,15.9,15.9,15.9,10,9,6,12
15.9,2,15.9,15.9,15.9,15.9,15.9,10,9,6,12
15.9,2,15.9,15.9,15.9,15.9,15.9,10,9,7,12
15.9,2,15.9,15.9,15.9,15.9,15.9,10,9,7,12
15.8,2,15.9,15.9,15.9,15.9,15.9,10,10,7,12
15.9,2,15.8,15.9,15.9,15.9,15.9,10,10,7,12
15.8,2,15.9,15.8,15.9,15.9,15.9,10,10,7,12
15.8,3,15.8,15.9,15.8,15.9,15.9,9,9,7,12
15.8,3,15.8,15.8,15.9,15.8,15.9,9,9,7,12
15.8,3,15.8,15.8,15.8,15.9,15.8,9,9,7,12
15.8,3,15.8,15.8,15.8,15.8,15.9,9,9,7,12
15.8,3,15.8,15.8,15.8,15.8,15.8,9,9,6,11
15.8,3,15.8,15.8,15.8,15.8,15.8,9,9,6,11
15.8,3,15.8,15.8,15.8,15.8,15.8,9,9,6,11
15.8,3,15.8,15.8,15.8,15.8,15.8,9,9,5,12
15.8,3,15.8,15.8,15.8,15.8,15.8,9,9,5,12
15.8,3,15.8,15.8,15.8,15.8,15.8,9,9,5,12
15.8,3,15.8,15.8,15.8,15.8,15.8,9,9,5,12
15.7,4,15.8,15.8,15.8,15.8,15.8,9,9,5,12
15.8,4,15.7,15.8,15.8,15.8,15.8,9,9,5,12
15.8,4,15.8,15.7,15.8,15.8,15.8,9,9,5,11
15.7,4,15.8,15.8,15.7,15.8,15.8,9,9,6,12
15.7,4,15.7,15.8,15.8,15.7,15.8,9,9,5,11
15.7,4,15.7,15.7,15.8,15.8,15.7,9,9,6,12
15.8,4,15.7,15.7,15.7,15.8,15.8,9,9,6,12
15.8,4,15.8,15.7,15.7,15.7,15.8,9,9,5,12
15.7,4,15.8,15.8,15.7,15.7,15.7,9,9,5,12
15.7,4,15.7,15.8,15.8,15.7,15.7,9,9,5,12
15.7,4,15.7,15.7,15.8,15.8,15.7,9,9,5,12
15.7,4,15.7,15.7,15.7,15.8,15.8,9,9,5,12
15.7,5,15.7,15.7,15.7,15.7,15.8,9,9,5,12
15.7,5,15.7,15.7,15.7,15.7,15.7,9,9,5,12
15.7,5,15.7,15.7,15.7,15.7,15.7,9,8,6,12
15.7,5,15.7,15.7,15.7,15.7,15.7,9,8,6,12
15.7,5,15.7,15.7,15.7,15.7,15.7,9,8,6,12
15.7,5,15.7,15.7,15.7,15.7,15.7,9,8,6,12
15.7,5,15.7,15.7,15.7,15.7,15.7,9,9,6,12
15.7,5,15.7,15.7,15.7,15.7,15.7,9,9,6,12
15.7,5,15.7,15.7,15.7,15.7,15.7,9,9,6,12
15.6,5,15.7,15.7,15.7,15.7,15.7,9,9,6,12
15.6,5,15.6,15.7,15.7,15.7,15.7,9,9,6,12
15.6,5,15.6,15.6,15.7,15.7,15.7,9,9,6,11
15.7,5,15.6,15.6,15.6,15.7,15.7,9,9,5,11
15.6,6,15.7,15.6,15.6,15.6,15.7,9,9,5,11
15.6,6,15.6,15.7,15.6,15.6,15.6,9,9,5,11
15.6,6,15.6,15.6,15.7,15.6,15.6,9,9,5,11
15.6,6,15.6,15.6,15.6,15.7,15.6,9,9,5,11
15.6,6,15.6,15.6,15.6,15.6,15.7,9,9,5,11
15.6,6,15.6,15.6,15.6,15.6,15.6,9,9,6,11
15.6,6,15.6,15.6,15.6,15.6,15.6,9,9,6,12
15.6,6,15.6,15.6,15.6,15.6,15.6,9,9,6,11
15.6,6,15.6,15.6,15.6,15.6,15.6,9,9,6,12
15.6,6,15.6,15.6,15.6,15.6,15.6,9,9,6,11
15.6,6,15.6,15.6,15.6,15.6,15.6,9,9,5,12
15.6,6,15.6,15.6,15.6,15.6,15.6,9,9,5,12
15.6,7,15.6,15.6,15.6,15.6,15.6,9,9,5,12
15.5,7,15.6,15.6,15.6,15.6,15.6,9,9,6,12
15.6,7,15.5,15.6,15.6,15.6,15.6,9,9,6,12
15.6,7,15.6,15.5,15.6,15.6,15.6,9,9,6,12
15.5,7,15.6,15.6,15.5,15.6,15.6,9,9,6,12
15.5,7,15.5,15.6,15.6,15.5,15.6,9,9,6,12
15.5,7,15.5,15.5,15.6,15.6,15.5,9,9,6,12
15.5,7,15.5,15.5,15.5,15.6,15.6,9,8,6,12
15.5,7,15.5,15.5,15.5,15.5,15.6,9,8,6,12
15.5,7,15.5,15.5,15.5,15.5,15.5,9,8,6,12
15.5,7,15.5,15.5,15.5,15.5,15.5,9,9,6,12
15.5,7,15.5,15.5,15.5,15.5,15.5,9,9,6,12
15.5,8,15.5,15.5,15.5,15.5,15.5,9,9,6,12
15.5,8,15.5,15.5,15.5,15.5,15.5,9,9,6,12
15.5,8,15.5,15.5,15.5,15.5,15.5,9,9,6,12
15.5,8,15.5,15.5,15.5,15.5,15.5,9,9,6,12
15.5,8,15.5,15.5,15.5,15.5,15.5,9,9,6,12
15.5,8,15.5,15.5,15.5,15.5,15.5,9,9,6,12
15.5,8,15.5,15.5,15.5,15.5,15.5,9,9,6,12
15.5,8,15.5,15.5,15.5,15.5,15.5,9,9,6,12
15.5,8,15.5,15.5,15.5,15.5,15.5,9,8,6,12
15.5,8,15.5,15.5,15.5,15.5,15.5,9,8,6,12
15.5,8,15.5,15.5,15.5,15.5,15.5,9,9,6,12
15.5,8,15.5,15.5,15.5,15.5,15.5,9,9,6,12
15.5,8,15.5,15.5,15.5,15.5,15.5,9,9,6,12
15.5,9,15.5,15.5,15.5,15.5,15.5,9,9,6,12
15.5,9,15.5,15.5,15.5,15.5,15.5,9,9,6,12
15.5,9,15.5,15.5,15.5,15.5,15.5,10,9,6,12
15.6,9,15.5,15.5,15.5,15.5,15.5,10,9,6,12
15.6,9,15.6,15.5,15.5,15.5,15.5,10,9,6,12
15.6,9,15.6,15.6,15.5,15.5,15.5,10,9,6,12
15.6,9,15.6,15.6,15.6,15.5,15.5,10,9,6,12
15.6,9,15.6,15.6,15.6,15.6,15.5,10,10,7,13
15.6,9,15.6,15.6,15.6,15.6,15.6,10,10,7,13
15.7,9,15.6,15.6,15.6,15.6,15.6,11,10,7,13
15.6,9,15.7,15.6,15.6,15.6,15.6,11,10,7,13
15.7,9,15.6,15.7,15.6,15.6,15.6,11,10,7,13
15.7,10,15.7,15.6,15.7,15.6,15.6,11,10,7,13
15.7,10,15.7,15.7,15.6,15.7,15.6,11,10,7,13
15.7,10,15.7,15.7,15.7,15.6,15.7,11,10,7,13
15.7,10,15.7,15.7,15.7,15.7,15.6,11,10,7,13
15.8,10,15.7,15.7,15.7,15.7,15.7,11,10,7,13
15.8,10,15.8,15.7,15.7,15.7,15.7,11,11,8,14
15.8,10,15.8,15.8,15.7,15.7,15.7,11,11,8,14
15.8,10,15.8,15.8,15.8,15.7,15.7,11,11,8,14
15.9,10,15.8,15.8,15.8,15.8,15.7,12,11,9,14
15.9,10,15.9,15.8,15.8,15.8,15.8,12,11,9,14
15.9,10,15.9,15.9,15.8,15.8,15.8,12,11,9,14
15.9,10,15.9,15.9,15.9,15.8,15.8,12,11,9,14
15.9,10,15.9,15.9,15.9,15.9,15.8,12,11,9,14
16,11,15.9,15.9,15.9,15.9,15.9,13,12,10,14
16,11,16,15.9,15.9,15.9,15.9,13,12,10,14
16,11,16,16,15.9,15.9,15.9,13,12,10,14
16,11,16,16,16,15.9,15.9,13,12,10,14
16,11,16,16,16,16,15.9,13,12,10,14
16.1,11,16,16,16,16,16,13,12,10,15
16.1,11,16.1,16,16,16,16,13,12,10,15
16.1,11,16.1,16.1,16,16,16,13,12,10,15
16.2,11,16.1,16.1,16.1,16,16,13,12,11,15
16.2,11,16.2,16.1,16.1,16.1,16,13,12,11,15
16.2,11,16.2,16.2,16.1,16.1,16.1,13,12,11,15
16.3,11,16.2,16.2,16.2,16.1,16.1,14,13,11,16
16.3,12,16.3,16.2,16.2,16.2,16.1,14,13,12,15
16.3,12,16.3,16.3,16.2,16.2,16.2,14,13,12,16
16.4,12,16.3,16.3,16.3,16.2,16.2,14,13,12,16
16.4,12,16.4,16.3,16.3,16.3,16.2,14,13,12,16
16.4,12,16.4,16.4,16.3,16.3,16.3,14,13,12,16
16.4,12,16.4,16.4,16.4,16.3,16.3,14,13,12,16
16.5,12,16.4,16.4,16.4,16.4,16.3,14,13,12,16
16.5,12,16.5,16.4,16.4,16.4,16.4,14,13,12,16
16.5,12,16.5,16.5,16.4,16.4,16.4,14,14,12,16
16.6,12,16.5,16.5,16.5,16.4,16.4,15,14,12,17
16.6,12,16.6,16.5,16.5,16.5,16.4,15,14,12,17
16.6,12,16.6,16.6,16.5,16.5,16.5,15,14,12,17
16.7,13,16.6,16.6,16.6,16.5,16.5,15,14,13,17
16.7,13,16.7,16.6,16.6,16.6,16.5,15,14,13,17
16.7,13,16.7,16.7,16.6,16.6,16.6,15,14,12,17
16.7,13,16.7,16.7,16.7,16.6,16.6,15,14,12,17
16.8,13,16.7,16.7,16.7,16.7,16.6,15,14,12,17
16.8,13,16.8,16.7,16.7,16.7,16.7,15,14,12,17
16.8,13,16.8,16.8,16.7,16.7,16.7,15,14,12,17
16.8,13,16.8,16.8,16.8,16.7,16.7,15,14,12,17
16.8,13,16.8,16.8,16.8,16.8,16.7,15,14,12,17
16.8,13,16.8,16.8,16.8,16.8,16.8,15,15,13,18
16.8,13,16.8,16.8,16.8,16.8,16.8,15,15,13,17
16.8,13,16.8,16.8,16.8,16.8,16.8,15,15,13,18
16.8,13,16.8,16.8,16.8,16.8,16.8,15,15,13,18
16.8,14,16.8,16.8,16.8,16.8,16.8,15,15,13,18
16.8,14,16.8,16.8,16.8,16.8,16.8,15,14,13,17
16.8,14,16.8,16.8,16.8,16.8,16.8,15,14,13,17
16.8,14,16.8,16.8,16.8,16.8,16.8,15,14,13,17
16.8,14,16.8,16.8,16.8,16.8,16.8,15,15,14,17
16.8,14,16.8,16.8,16.8,16.8,16.8,15,15,13,17
16.8,14,16.8,16.8,16.8,16.8,16.8,16,15,14,17
16.9,14,16.8,16.8,16.8,16.8,16.8,16,15,14,17
16.8,14,16.9,16.8,16.8,16.8,16.8,16,15,13,18
16.8,14,16.8,16.9,16.8,16.8,16.8,16,15,13,18
16.8,14,16.8,16.8,16.9,16.8,16.8,16,15,13,18
16.9,14,16.8,16.8,16.8,16.9,16.8,16,15,13,18
16.8,15,16.9,16.8,16.8,16.8,16.9,16,15,14,18
16.8,15,16.8,16.9,16.8,16.8,16.8,16,15,14,18
16.8,15,16.8,16.8,16.9,16.8,16.8,16,15,14,18
16.8,15,16.8,16.8,16.8,16.9,16.8,16,15,13,18
16.8,15,16.8,16.8,16.8,16.8,16.9,16,15,13,18
16.8,15,16.8,16.8,16.8,16.8,16.8,16,15,13,18
16.8,15,16.8,16.8,16.8,16.8,16.8,16,15,13,18
16.8,15,16.8,16.8,16.8,16.8,16.8,16,15,13,18
16.8,15,16.8,16.8,16.8,16.8,16.8,16,15,13,18
16.8,15,16.8,16.8,16.8,16.8,16.8,16,15,13,18
16.8,15,16.8,16.8,16.8,16.8,16.8,16,15,13,18
16.8,15,16.8,16.8,16.8,16.8,16.8,16,15,13,17
16.8,16,16.8,16.8,16.8,16.8,16.8,16,15,13,18
16.8,16,16.8,16.8,16.8,16.8,16.8,16,15,13,18
16.8,16,16.8,16.8,16.8,16.8,16.8,16,15,13,17
16.8,16,16.8,16.8,16.8,16.8,16.8,16,15,13,18
16.8,16,16.8,16.8,16.8,16.8,16.8,16,15,13,17
16.8,16,16.8,16.8,16.8,16.8,16.8,16,15,13,17
16.8,16,16.8,16.8,16.8,16.8,16.8,16,15,13,17
16.8,16,16.8,16.8,16.8,16.8,16.8,16,15,13,17
16.7,16,16.8,16.8,16.8,16.8,16.8,15,15,13,17
16.8,16,16.7,16.8,16.8,16.8,16.8,15,15,13,17
16.9,16,16.8,16.7,16.8,16.8,16.8,15,15,13,17
16.9,16,16.9,16.8,16.7,16.8,16.8,15,14,13,17
16.9,16,16.9,16.9,16.8,16.7,16.8,15,14,13,17
16.8,17,16.9,16.9,16.9,16.8,16.7,15,14,13,17
16.8,17,16.8,16.9,16.9,16.9,16.8,15,14,13,17
16.7,17,16.8,16.8,16.9,16.9,16.9,15,14,13,17
16.7,17,16.7,16.8,16.8,16.9,16.9,15,14,13,16
16.7,17,16.7,16.7,16.8,16.8,16.9,14,14,12,16
16.7,17,16.7,16.7,16.7,16.8,16.8,14,14,12,16
16.6,17,16.7,16.7,16.7,16.7,16.8,14,14,12,16
16.6,17,16.6,16.7,16.7,16.7,16.7,14,13,12,16
16.6,17,16.6,16.6,16.7,16.7,16.7,14,13,12,16
16.6,17,16.6,16.6,16.6,16.7,16.7,14,13,12,16
16.5,17,16.6,16.6,16.6,16.6,16.7,14,13,11,15
16.5,17,16.5,16.6,16.6,16.6,16.6,14,13,11,15
16.5,18,16.5,16.5,16.6,16.6,16.6,13,13,11,15
16.5,18,16.5,16.5,16.5,16.6,16.6,13,13,11,15
16.5,18,16.5,16.5,16.5,16.5,16.6,13,13,11,15
16.5,18,16.5,16.5,16.5,16.5,16.5,13,13,11,15
16.5,18,16.5,16.5,16.5,16.5,16.5,13,12,11,15
16.5,18,16.5,16.5,16.5,16.5,16.5,13,12,11,14
16.4,18,16.5,16.5,16.5,16.5,16.5,13,12,11,14
16.4,18,16.4,16.5,16.5,16.5,16.5,13,12,11,14
16.4,18,16.4,16.4,16.5,16.5,16.5,13,12,11,14
16.4,18,16.4,16.4,16.4,16.5,16.5,13,12,10,14
16.4,18,16.4,16.4,16.4,16.4,16.5,13,12,10,14
16.4,18,16.4,16.4,16.4,16.4,16.4,13,12,10,14
16.4,18,16.4,16.4,16.4,16.4,16.4,13,12,10,14
16.4,19,16.4,16.4,16.4,16.4,16.4,13,12,10,14
16.4,19,16.4,16.4,16.4,16.4,16.4,12,12,10,14
16.4,19,16.4,16.4,16.4,16.4,16.4,12,12,10,14
16.3,19,16.4,16.4,16.4,16.4,16.4,12,12,10,14
16.3,19,16.3,16.4,16.4,16.4,16.4,12,12,10,14
16.3,19,16.3,16.3,16.4,16.4,16.4,12,11,9,14
16.3,19,16.3,16.3,16.3,16.4,16.4,12,11,9,14
16.3,19,16.3,16.3,16.3,16.3,16.4,12,11,9,14
16.3,19,16.3,16.3,16.3,16.3,16.3,12,11,9,14
16.3,19,16.3,16.3,16.3,16.3,16.3,12,11,9,14
16.3,19,16.3,16.3,16.3,16.3,16.3,12,11,8,14
16.3,19,16.3,16.3,16.3,16.3,16.3,12,11,8,14
16.3,20,16.3,16.3,16.3,16.3,16.3,12,11,8,14
16.3,20,16.3,16.3,16.3,16.3,16.3,12,11,8,14
16.3,20,16.3,16.3,16.3,16.3,16.3,12,11,8,13
16.3,20,16.3,16.3,16.3,16.3,16.3,12,11,8,13
16.3,20,16.3,16.3,16.3,16.3,16.3,12,11,8,13
16.3,20,16.3,16.3,16.3,16.3,16.3,12,11,8,13
16.3,20,16.3,16.3,16.3,16.3,16.3,12,11,8,13
16.3,20,16.3,16.3,16.3,16.3,16.3,12,11,8,13
16.3,20,16.3,16.3,16.3,16.3,16.3,12,11,8,13
16.3,20,16.3,16.3,16.3,16.3,16.3,12,11,8,13
16.3,20,16.3,16.3,16.3,16.3,16.3,12,11,8,14
16.3,20,16.3,16.3,16.3,16.3,16.3,12,11,8,14
16.3,21,16.3,16.3,16.3,16.3,16.3,12,11,8,14
16.3,21,16.3,16.3,16.3,16.3,16.3,12,11,8,14
16.4,21,16.3,16.3,16.3,16.3,16.3,12,11,7,14
16.3,21,16.4,16.3,16.3,16.3,16.3,12,11,8,14
16.3,21,16.3,16.4,16.3,16.3,16.3,12,11,7,14
16.3,21,16.3,16.3,16.4,16.3,16.3,12,11,7,14
16.3,21,16.3,16.3,16.3,16.4,16.3,12,11,7,13
16.3,21,16.3,16.3,16.3,16.3,16.4,12,11,8,14
16.4,21,16.3,16.3,16.3,16.3,16.3,12,11,7,13
16.3,21,16.4,16.3,16.3,16.3,16.3,11,10,7,13
16.4,21,16.3,16.4,16.3,16.3,16.3,11,10,7,14
16.4,21,16.4,16.3,16.4,16.3,16.3,11,10,7,13
16.4,21,16.4,16.4,16.3,16.4,16.3,11,10,7,13
16.4,22,16.4,16.4,16.4,16.3,16.4,11,10,7,13
16.4,22,16.4,16.4,16.4,16.4,16.3,11,10,7,13
16.4,22,16.4,16.4,16.4,16.4,16.4,11,10,7,13
16.3,22,16.4,16.4,16.4,16.4,16.4,11,10,7,13
16.4,22,16.3,16.4,16.4,16.4,16.4,11,10,7,13
16.4,22,16.4,16.3,16.4,16.4,16.4,11,10,7,13
16.4,22,16.4,16.4,16.3,16.4,16.4,11,10,7,13
16.4,22,16.4,16.4,16.4,16.3,16.4,11,10,7,13
16.4,22,16.4,16.4,16.4,16.4,16.3,11,10,7,13
16.4,22,16.4,16.4,16.4,16.4,16.4,11,10,7,13
16.4,22,16.4,16.4,16.4,16.4,16.4,11,10,6,13
16.4,22,16.4,16.4,16.4,16.4,16.4,11,10,6,13
16.4,23,16.4,16.4,16.4,16.4,16.4,11,10,6,13
16.4,23,16.4,16.4,16.4,16.4,16.4,11,10,6,13
16.4,23,16.4,16.4,16.4,16.4,16.4,11,10,6,13
16.4,23,16.4,16.4,16.4,16.4,16.4,11,10,6,13
16.4,23,16.4,16.4,16.4,16.4,16.4,11,10,6,13
16.4,23,16.4,16.4,16.4,16.4,16.4,11,10,6,13
16.4,23,16.4,16.4,16.4,16.4,16.4,11,10,6,12
16.4,23,16.4,16.4,16.4,16.4,16.4,11,10,6,12
16.4,23,16.4,16.4,16.4,16.4,16.4,10,10,6,13
16.4,23,16.4,16.4,16.4,16.4,16.4,11,10,6,12
16.4,23,16.4,16.4,16.4,16.4,16.4,10,10,6,12
16.3,23,16.4,16.4,16.4,16.4,16.4,10,10,6,12
16.3,0,16.3,16.4,16.4,16.4,16.4,10,9,6,13
16.3,0,16.3,16.3,16.4,16.4,16.4,11,10,6,12
16.3,0,16.3,16.3,16.3,16.4,16.4,10,9,6,13
16.3,0,16.3,16.3,16.3,16.3,16.4,10,9,6,12
16.3,0,16.3,16.3,16.3,16.3,16.3,10,9,6,12
16.3,0,16.3,16.3,16.3,16.3,16.3,10,9,6,12
16.3,0,16.3,16.3,16.3,16.3,16.3,10,9,6,12
16.3,0,16.3,16.3,16.3,16.3,16.3,10,9,6,12
16.2,0,16.3,16.3,16.3,16.3,16.3,10,10,6,13
16.2,0,16.2,16.3,16.3,16.3,16.3,10,10,5,13
16.2,0,16.2,16.2,16.3,16.3,16.3,10,9,5,13
16.2,0,16.2,16.2,16.2,16.3,16.3,10,9,5,13
16.2,0,16.2,16.2,16.2,16.2,16.3,10,9,5,13
16.2,1,16.2,16.2,16.2,16.2,16.2,10,9,6,13
16.2,1,16.2,16.2,16.2,16.2,16.2,10,9,6,13
16.2,1,16.2,16.2,16.2,16.2,16.2,10,9,6,13
16.1,1,16.2,16.2,16.2,16.2,16.2,10,10,6,13
16.1,1,16.1,16.2,16.2,16.2,16.2,10,9,6,13
16.1,1,16.1,16.1,16.2,16.2,16.2,10,10,6,13
16.1,1,16.1,16.1,16.1,16.2,16.2,10,10,6,13
16.1,1,16.1,16.1,16.1,16.1,16.2,10,10,6,13
16.1,1,16.1,16.1,16.1,16.1,16.1,10,10,6,13
16.1,1,16.1,16.1,16.1,16.1,16.1,10,10,6,13
16.1,1,16.1,16.1,16.1,16.1,16.1,10,10,6,12
16.1,1,16.1,16.1,16.1,16.1,16.1,10,9,6,12
16.1,2,16.1,16.1,16.1,16.1,16.1,10,9,6,12
16,2,16.1,16.1,16.1,16.1,16.1,10,9,6,12
16,2,16,16.1,16.1,16.1,16.1,9,9,5,12
16,2,16,16,16.1,16.1,16.1,9,9,5,12
16,2,16,16,16,16.1,16.1,9,9,5,12
16,2,16,16,16,16,16.1,9,9,5,12
16,2,16,16,16,16,16,10,10,6,12
16,2,16,16,16,16,16,10,10,6,12
16,2,16,16,16,16,16,10,9,6,12
16,2,16,16,16,16,16,10,9,6,12
16,2,16,16,16,16,16,10,9,6,12
16,2,16,16,16,16,16,10,9,5,12
16,2,16,16,16,16,16,9,9,5,12
15.9,3,16,16,16,16,16,9,9,5,12
15.9,3,15.9,16,16,16,16,9,9,5,12
15.9,3,15.9,15.9,16,16,16,10,10,6,12
15.9,3,15.9,15.9,15.9,16,16,10,10,6,12
15.9,3,15.9,15.9,15.9,15.9,16,10,10,6,12
15.9,3,15.9,15.9,15.9,15.9,15.9,10,10,7,12
15.9,3,15.9,15.9,15.9,15.9,15.9,10,10,7,12
15.9,3,15.9,15.9,15.9,15.9,15.9,9,9,5,12
15.9,3,15.9,15.9,15.9,15.9,15.9,10,10,4,12
15.8,3,15.9,15.9,15.9,15.9,15.9,9,9,5,12
15.9,3,15.8,15.9,15.9,15.9,15.9,10,7,7,12
15.8,3,15.9,15.8,15.9,15.9,15.9,10,7,7,12
15.8,4,15.8,15.9,15.8,15.9,15.9,10,7,7,12
15.8,4,15.8,15.8,15.9,15.8,15.9,9,7,7,12
15.8,4,15.8,15.8,15.8,15.9,15.8,9,9,7,12
15.8,4,15.8,15.8,15.8,15.8,15.9,9,9,7,12
15.8,4,15.8,15.8,15.8,15.8,15.8,9,9,7,12
15.8,4,15.8,15.8,15.8,15.8,15.8,9,9,7,12
15.7,4,15.8,15.8,15.8,15.8,15.8,9,9,7,12
15.7,4,15.7,15.8,15.8,15.8,15.8,9,9,7,12
15.7,4,15.7,15.7,15.8,15.8,15.8,9,9,7,12
15.7,4,15.7,15.7,15.7,15.8,15.8,9,6,7,12
15.7,4,15.7,15.7,15.7,15.7,15.8,9,6,7,12
15.7,4,15.7,15.7,15.7,15.7,15.7,9,6,7,12
15.7,5,15.7,15.7,15.7,15.7,15.7,9,6,7,12
15.7,5,15.7,15.7,15.7,15.7,15.7,9,6,7,12
15.7,5,15.7,15.7,15.7,15.7,15.7,9,9,7,11
15.6,5,15.7,15.7,15.7,15.7,15.7,9,9,7,11
15.7,5,15.6,15.7,15.7,15.7,15.7,9,6,7,11
15.6,5,15.7,15.6,15.7,15.7,15.7,9,6,7,11
15.7,5,15.6,15.7,15.6,15.7,15.7,9,6,7,11
15.6,5,15.7,15.6,15.7,15.6,15.7,9,9,7,11
15.6,5,15.6,15.7,15.6,15.7,15.6,9,9,7,11
15.6,5,15.6,15.6,15.7,15.6,15.7,9,9,6,11
15.6,5,15.6,15.6,15.6,15.7,15.6,9,9,6,11
15.6,5,15.6,15.6,15.6,15.6,15.7,9,9,6,11
15.6,5,15.6,15.6,15.6,15.6,15.6,9,9,6,11
15.6,6,15.6,15.6,15.6,15.6,15.6,9,9,6,11
15.6,6,15.6,15.6,15.6,15.6,15.6,9,9,6,11
15.6,6,15.6,15.6,15.6,15.6,15.6,9,9,6,11
15.6,6,15.6,15.6,15.6,15.6,15.6,9,9,6,11
15.5,6,15.6,15.6,15.6,15.6,15.6,9,9,6,11
15.5,6,15.5,15.6,15.6,15.6,15.6,9,6,6,11
15.5,6,15.5,15.5,15.6,15.6,15.6,9,6,6,11
15.5,6,15.5,15.5,15.5,15.6,15.6,9,5,6,11
15.5,6,15.5,15.5,15.5,15.5,15.6,9,6,6,11
15.5,6,15.5,15.5,15.5,15.5,15.5,9,6,6,11
15.5,6,15.5,15.5,15.5,15.5,15.5,9,9,6,11
15.5,6,15.5,15.5,15.5,15.5,15.5,9,9,6,11
15.5,7,15.5,15.5,15.5,15.5,15.5,9,9,6,11
15.5,7,15.5,15.5,15.5,15.5,15.5,9,6,6,11
15.5,7,15.5,15.5,15.5,15.5,15.5,9,6,6,11
15.4,7,15.5,15.5,15.5,15.5,15.5,9,6,6,11
15.4,7,15.4,15.5,15.5,15.5,15.5,9,9,6,11
15.4,7,15.4,15.4,15.5,15.5,15.5,9,9,6,11
15.4,7,15.4,15.4,15.4,15.5,15.5,9,9,6,11
15.4,7,15.4,15.4,15.4,15.4,15.5,9,9,6,11
15.4,7,15.4,15.4,15.4,15.4,15.4,9,9,6,11
15.4,7,15.4,15.4,15.4,15.4,15.4,9,9,6,11
15.4,7,15.4,15.4,15.4,15.4,15.4,9,9,6,11
15.4,7,15.4,15.4,15.4,15.4,15.4,9,9,6,11
15.4,8,15.4,15.4,15.4,15.4,15.4,9,9,6,11
15.4,8,15.4,15.4,15.4,15.4,15.4,9,9,6,11
15.4,8,15.4,15.4,15.4,15.4,15.4,9,9,6,11
15.4,8,15.4,15.4,15.4,15.4,15.4,9,9,6,11
15.3,8,15.4,15.4,15.4,15.4,15.4,9,9,6,11
15.4,8,15.3,15.4,15.4,15.4,15.4,9,9,6,11
15.3,8,15.4,15.3,15.4,15.4,15.4,9,9,6,11
15.3,8,15.3,15.4,15.3,15.4,15.4,9,9,6,11
15.4,8,15.3,15.3,15.4,15.3,15.4,9,9,6,12
15.3,8,15.4,15.3,15.3,15.4,15.3,9,9,6,12
15.4,8,15.3,15.4,15.3,15.3,15.4,9,9,6,12
15.4,8,15.4,15.3,15.4,15.3,15.3,9,9,6,12
15.4,8,15.4,15.4,15.3,15.4,15.3,9,9,6,12
15.4,9,15.4,15.4,15.4,15.3,15.4,9,9,6,12
15.4,9,15.4,15.4,15.4,15.4,15.3,9,9,6,12
15.4,9,15.4,15.4,15.4,15.4,15.4,10,8,6,13
15.4,9,15.4,15.4,15.4,15.4,15.4,10,8,6,12
15.5,9,15.4,15.4,15.4,15.4,15.4,10,8,6,13
15.6,9,15.5,15.4,15.4,15.4,15.4,10,9,6,13
15.5,9,15.6,15.5,15.4,15.4,15.4,10,9,6,13
15.4,9,15.5,15.6,15.5,15.4,15.4,10,10,6,13
15.4,9,15.4,15.5,15.6,15.5,15.4,11,10,7,13
15.4,9,15.4,15.4,15.5,15.6,15.5,11,10,7,13
15.4,9,15.4,15.4,15.4,15.5,15.6,11,10,7,13
15.4,9,15.4,15.4,15.4,15.4,15.5,11,10,7,13
15.7,10,15.4,15.4,15.4,15.4,15.4,11,10,7,13
16.2,10,15.7,15.4,15.4,15.4,15.4,11,10,7,14
16.6,10,16.2,15.7,15.4,15.4,15.4,11,10,7,14
17,10,16.6,16.2,15.7,15.4,15.4,11,10,7,14
17.2,10,17,16.6,16.2,15.7,15.4,11,10,7,14
17,10,17.2,17,16.6,16.2,15.7,11,10,8,14
16.7,10,17,17.2,17,16.6,16.2,11,11,8,14
16.6,10,16.7,17,17.2,17,16.6,12,11,8,14
16.4,10,16.6,16.7,17,17.2,17,12,11,8,14
16.3,10,16.4,16.6,16.7,17,17.2,12,12,9,14
16.2,10,16.3,16.4,16.6,16.7,17,12,12,9,14
16.2,10,16.2,16.3,16.4,16.6,16.7,12,12,10,14
16.2,10,16.2,16.2,16.3,16.4,16.6,13,12,10,15
16.3,11,16.2,16.2,16.2,16.3,16.4,12,12,10,14
16.6,11,16.3,16.2,16.2,16.2,16.3,12,12,10,14
16.7,11,16.6,16.3,16.2,16.2,16.2,13,12,10,15
16.9,11,16.7,16.6,16.3,16.2,16.2,13,12,10,15
17,11,16.9,16.7,16.6,16.3,16.2,13,12,10,15
17.4,11,17,16.9,16.7,16.6,16.3,13,12,10,15
17.7,11,17.4,17,16.9,16.7,16.6,13,12,10,15
17.8,11,17.7,17.4,17,16.9,16.7,13,13,11,15
17.9,11,17.8,17.7,17.4,17,16.9,13,12,11,15
18.1,11,17.9,17.8,17.7,17.4,17,13,13,11,16
18.2,11,18.1,17.9,17.8,17.7,17.4,13,12,11,15
18.3,11,18.2,18.1,17.9,17.8,17.7,14,13,11,16
18.4,12,18.3,18.2,18.1,17.9,17.8,14,14,12,16
18.5,12,18.4,18.3,18.2,18.1,17.9,14,14,12,16
18.6,12,18.5,18.4,18.3,18.2,18.1,14,14,12,16
18.7,12,18.6,18.5,18.4,18.3,18.2,14,14,12,16
18.7,12,18.7,18.6,18.5,18.4,18.3,14,14,11,17
18.4,12,18.7,18.7,18.6,18.5,18.4,14,14,12,16
18.1,12,18.4,18.7,18.7,18.6,18.5,14,14,12,16
18.1,12,18.1,18.4,18.7,18.7,18.6,14,14,12,16
18.1,12,18.1,18.1,18.4,18.7,18.7,15,14,12,16
18.1,12,18.1,18.1,18.1,18.4,18.7,15,14,12,16
18.1,12,18.1,18.1,18.1,18.1,18.4,15,15,13,16
18.1,12,18.1,18.1,18.1,18.1,18.1,15,15,13,16
18.1,13,18.1,18.1,18.1,18.1,18.1,15,15,13,16
18.1,13,18.1,18.1,18.1,18.1,18.1,15,14,13,16
18.2,13,18.1,18.1,18.1,18.1,18.1,15,15,13,17
18.2,13,18.2,18.1,18.1,18.1,18.1,15,15,13,17
18.2,13,18.2,18.2,18.1,18.1,18.1,15,15,13,17
18.2,13,18.2,18.2,18.2,18.1,18.1,15,15,13,17
18.2,13,18.2,18.2,18.2,18.2,18.1,15,15,14,17
18.2,13,18.2,18.2,18.2,18.2,18.2,15,15,14,17
18.2,13,18.2,18.2,18.2,18.2,18.2,15,15,14,17
18.3,13,18.2,18.2,18.2,18.2,18.2,15,15,14,17
18.3,13,18.3,18.2,18.2,18.2,18.2,15,15,14,17
18.3,13,18.3,18.3,18.2,18.2,18.2,15,15,14,17
18.2,13,18.3,18.3,18.3,18.2,18.2,16,15,14,17
18.1,14,18.2,18.3,18.3,18.3,18.2,16,15,15,17
17.9,14,18.1,18.2,18.3,18.3,18.3,16,15,14,17
17.8,14,17.9,18.1,18.2,18.3,18.3,16,15,15,17
17.8,14,17.8,17.9,18.1,18.2,18.3,16,15,15,17
17.7,14,17.8,17.8,17.9,18.1,18.2,16,16,15,18
17.7,14,17.7,17.8,17.8,17.9,18.1,16,16,15,18
17.6,14,17.7,17.7,17.8,17.8,17.9,16,16,15,18
17.6,14,17.6,17.7,17.7,17.8,17.8,16,16,15,18
17.5,14,17.6,17.6,17.7,17.7,17.8,16,16,15,18
17.5,14,17.5,17.6,17.6,17.7,17.7,16,16,15,18
17.5,14,17.5,17.5,17.6,17.6,17.7,16,16,15,18
17.5,14,17.5,17.5,17.5,17.6,17.6,16,16,14,18
17.5,15,17.5,17.5,17.5,17.5,17.6,16,16,15,18
17.4,15,17.5,17.5,17.5,17.5,17.5,16,16,15,18
17.4,15,17.4,17.5,17.5,17.5,17.5,16,16,15,18
17.4,15,17.4,17.4,17.5,17.5,17.5,16,16,15,18
17.4,15,17.4,17.4,17.4,17.5,17.5,16,16,15,18
17.3,15,17.4,17.4,17.4,17.4,17.5,16,16,15,18
17.3,15,17.3,17.4,17.4,17.4,17.4,16,16,15,18
17.3,15,17.3,17.3,17.4,17.4,17.4,16,16,15,18
17.3,15,17.3,17.3,17.3,17.4,17.4,16,16,15,18
17.3,15,17.3,17.3,17.3,17.3,17.4,16,16,15,18
17.3,15,17.3,17.3,17.3,17.3,17.3,16,16,15,18
17.3,15,17.3,17.3,17.3,17.3,17.3,16,16,15,18
17.3,16,17.3,17.3,17.3,17.3,17.3,16,16,15,18
17.2,16,17.3,17.3,17.3,17.3,17.3,16,16,15,18
17.2,16,17.2,17.3,17.3,17.3,17.3,16,16,14,18
17.2,16,17.2,17.2,17.3,17.3,17.3,16,16,14,18
17.2,16,17.2,17.2,17.2,17.3,17.3,16,16,14,18
17.1,16,17.2,17.2,17.2,17.2,17.3,16,15,14,18
17.4,16,17.1,17.2,17.2,17.2,17.2,16,15,14,18
17.8,16,17.4,17.1,17.2,17.2,17.2,16,15,14,18
18,16,17.8,17.4,17.1,17.2,17.2,16,15,14,18
18.2,16,18,17.8,17.4,17.1,17.2,15,15,14,17
18.4,16,18.2,18,17.8,17.4,17.1,15,15,14,17
18.6,16,18.4,18.2,18,17.8,17.4,15,15,14,17
18.7,16,18.6,18.4,18.2,18,17.8,15,15,14,17
18.7,17,18.7,18.6,18.4,18.2,18,15,15,14,17
18.8,17,18.7,18.7,18.6,18.4,18.2,15,15,13,17
18.9,17,18.8,18.7,18.7,18.6,18.4,15,15,13,17
18.9,17,18.9,18.8,18.7,18.7,18.6,15,15,13,17
18.9,17,18.9,18.9,18.8,18.7,18.7,15,15,13,17
19,17,18.9,18.9,18.9,18.8,18.7,15,14,12,17
19.1,17,19,18.9,18.9,18.9,18.8,15,14,12,17
19.1,17,19.1,19,18.9,18.9,18.9,14,14,12,16
19.2,17,19.1,19.1,19,18.9,18.9,14,14,12,16
19,17,19.2,19.1,19.1,19,18.9,14,14,12,16
19,17,19,19.2,19.1,19.1,19,14,13,11,15
18.8,17,19,19,19.2,19.1,19.1,14,13,11,15
18.7,18,18.8,19,19,19.2,19.1,14,13,11,15
18.5,18,18.7,18.8,19,19,19.2,13,13,11,15
18.5,18,18.5,18.7,18.8,19,19,13,13,11,15
18.4,18,18.5,18.5,18.7,18.8,19,13,13,11,15
18.3,18,18.4,18.5,18.5,18.7,18.8,13,13,10,14
18.3,18,18.3,18.4,18.5,18.5,18.7,13,13,10,14
18.2,18,18.3,18.3,18.4,18.5,18.5,13,13,10,14
18.1,18,18.2,18.3,18.3,18.4,18.5,13,12,9,14
18,18,18.1,18.2,18.3,18.3,18.4,13,12,9,14
17.9,18,18,18.1,18.2,18.3,18.3,13,12,9,14
17.8,18,17.9,18,18.1,18.2,18.3,13,12,9,14
17.8,18,17.8,17.9,18,18.1,18.2,13,12,9,14
17.7,18,17.8,17.8,17.9,18,18.1,12,12,9,14
17.6,19,17.7,17.8,17.8,17.9,18,12,12,9,14
17.6,19,17.6,17.7,17.8,17.8,17.9,12,12,9,14
17.6,19,17.6,17.6,17.7,17.8,17.8,12,12,9,14
17.5,19,17.6,17.6,17.6,17.7,17.8,12,12,9,14
17.5,19,17.5,17.6,17.6,17.6,17.7,12,12,9,14
17.4,19,17.5,17.5,17.6,17.6,17.6,12,12,9,14
17.4,19,17.4,17.5,17.5,17.6,17.6,12,12,9,14
17.3,19,17.4,17.4,17.5,17.5,17.6,12,11,9,14
17.3,19,17.3,17.4,17.4,17.5,17.5,12,11,9,14
17.3,19,17.3,17.3,17.4,17.4,17.5,12,11,9,14
17.3,19,17.3,17.3,17.3,17.4,17.4,12,11,9,14
17.2,19,17.3,17.3,17.3,17.3,17.4,12,11,8,14
17.2,20,17.2,17.3,17.3,17.3,17.3,12,11,8,14
17.2,20,17.2,17.2,17.3,17.3,17.3,12,11,8,14
17.2,20,17.2,17.2,17.2,17.3,17.3,12,11,9,13
17.1,20,17.2,17.2,17.2,17.2,17.3,12,11,8,14
17.1,20,17.1,17.2,17.2,17.2,17.2,12,11,9,13
17.1,20,17.1,17.1,17.2,17.2,17.2,12,11,8,13
17.1,20,17.1,17.1,17.1,17.2,17.2,12,11,8,14
17,20,17.1,17.1,17.1,17.1,17.2,12,11,8,14
17,20,17,17.1,17.1,17.1,17.1,12,11,8,14
17,20,17,17,17.1,17.1,17.1,11,11,8,13
17,20,17,17,17,17.1,17.1,11,11,8,13
17,20,17,17,17,17,17.1,11,11,8,13
17,21,17,17,17,17,17,11,11,8,13
17,21,17,17,17,17,17,11,11,8,13
17,21,17,17,17,17,17,11,11,8,13
17,21,17,17,17,17,17,11,11,8,13
16.9,21,17,17,17,17,17,11,11,8,13
17,21,16.9,17,17,17,17,11,10,8,13
16.9,21,17,16.9,17,17,17,11,10,8,13
17,21,16.9,17,16.9,17,17,11,10,8,13
17,21,17,16.9,17,16.9,17,11,10,8,13
16.9,21,17,17,16.9,17,16.9,11,10,8,13
16.9,21,16.9,17,17,16.9,17,11,10,7,13
17,21,16.9,16.9,17,17,16.9,11,10,7,13
17,21,17,16.9,16.9,17,17,11,10,7,13
16.9,22,17,17,16.9,16.9,17,11,10,7,13
16.9,22,16.9,17,17,16.9,16.9,11,10,7,13
16.9,22,16.9,16.9,17,17,16.9,11,10,7,13
16.9,22,16.9,16.9,16.9,17,17,11,10,7,13
16.9,22,16.9,16.9,16.9,16.9,17,11,10,7,13
16.9,22,16.9,16.9,16.9,16.9,16.9,11,10,8,13
16.9,22,16.9,16.9,16.9,16.9,16.9,11,10,7,13
16.9,22,16.9,16.9,16.9,16.9,16.9,11,10,8,13
16.9,22,16.9,16.9,16.9,16.9,16.9,11,10,6,13
16.9,22,16.9,16.9,16.9,16.9,16.9,11,10,7,13
16.9,22,16.9,16.9,16.9,16.9,16.9,11,10,7,13
16.8,22,16.9,16.9,16.9,16.9,16.9,11,10,6,13
16.8,23,16.8,16.9,16.9,16.9,16.9,11,10,6,13
16.8,23,16.8,16.8,16.9,16.9,16.9,11,10,7,12
16.8,23,16.8,16.8,16.8,16.9,16.9,11,10,7,12
16.8,23,16.8,16.8,16.8,16.8,16.9,11,10,7,12
16.7,23,16.8,16.8,16.8,16.8,16.8,11,10,7,12
16.7,23,16.7,16.8,16.8,16.8,16.8,11,10,8,12
16.7,23,16.7,16.7,16.8,16.8,16.8,11,10,8,12
16.7,23,16.7,16.7,16.7,16.8,16.8,11,10,8,12
16.7,23,16.7,16.7,16.7,16.7,16.8,10,9,7,12
16.7,23,16.7,16.7,16.7,16.7,16.7,10,9,7,12
16.6,23,16.7,16.7,16.7,16.7,16.7,10,10,7,12
16.6,23,16.6,16.7,16.7,16.7,16.7,10,9,7,12
16.6,0,16.6,16.6,16.7,16.7,16.7,10,9,7,12
16.6,0,16.6,16.6,16.6,16.7,16.7,10,9,7,12
16.6,0,16.6,16.6,16.6,16.6,16.7,10,9,7,12
16.5,0,16.6,16.6,16.6,16.6,16.6,10,10,7,12
16.5,0,16.5,16.6,16.6,16.6,16.6,10,10,7,12
16.5,0,16.5,16.5,16.6,16.6,16.6,11,10,7,12
16.5,0,16.5,16.5,16.5,16.6,16.6,11,10,7,12
16.5,0,16.5,16.5,16.5,16.5,16.6,10,10,8,12
16.5,0,16.5,16.5,16.5,16.5,16.5,10,10,8,12
16.5,0,16.5,16.5,16.5,16.5,16.5,10,9,7,12
16.4,0,16.5,16.5,16.5,16.5,16.5,10,9,7,12
16.4,0,16.4,16.5,16.5,16.5,16.5,10,9,7,12
16.4,0,16.4,16.4,16.5,16.5,16.5,10,9,7,12
16.4,1,16.4,16.4,16.4,16.5,16.5,10,9,7,12
16.4,1,16.4,16.4,16.4,16.4,16.5,10,9,7,12
16.4,1,16.4,16.4,16.4,16.4,16.4,10,9,7,12
16.3,1,16.4,16.4,16.4,16.4,16.4,10,9,7,12
16.3,1,16.3,16.4,16.4,16.4,16.4,10,9,7,12
16.3,1,16.3,16.3,16.4,16.4,16.4,10,8,7,12
16.3,1,16.3,16.3,16.3,16.4,16.4,10,8,7,12
16.3,1,16.3,16.3,16.3,16.3,16.4,10,8,7,12
16.3,1,16.3,16.3,16.3,16.3,16.3,10,8,8,12
16.3,1,16.3,16.3,16.3,16.3,16.3,10,8,8,12
16.3,1,16.3,16.3,16.3,16.3,16.3,10,8,8,12
16.2,1,16.3,16.3,16.3,16.3,16.3,10,8,8,12
16.2,2,16.2,16.3,16.3,16.3,16.3,10,9,8,12
16.2,2,16.2,16.2,16.3,16.3,16.3,10,9,8,12
16.2,2,16.2,16.2,16.2,16.3,16.3,10,9,8,12
16.2,2,16.2,16.2,16.2,16.2,16.3,10,9,8,12
16.2,2,16.2,16.2,16.2,16.2,16.2,10,10,7,12
16.2,2,16.2,16.2,16.2,16.2,16.2,10,9,7,12
16.1,2,16.2,16.2,16.2,16.2,16.2,10,9,7,12
16.1,2,16.1,16.2,16.2,16.2,16.2,10,9,7,12
16.1,2,16.1,16.1,16.2,16.2,16.2,10,9,7,12
16.1,2,16.1,16.1,16.1,16.2,16.2,10,9,7,12
16.1,2,16.1,16.1,16.1,16.1,16.2,10,9,7,12
16.1,2,16.1,16.1,16.1,16.1,16.1,10,8,7,11
16.1,2,16.1,16.1,16.1,16.1,16.1,10,9,7,11
16,3,16.1,16.1,16.1,16.1,16.1,10,9,7,11
16,3,16,16.1,16.1,16.1,16.1,10,8,7,11
16,3,16,16,16.1,16.1,16.1,10,8,7,11
16,3,16,16,16,16.1,16.1,10,8,7,11
16,3,16,16,16,16,16.1,10,8,7,11
16,3,16,16,16,16,16,9,9,7,11
16,3,16,16,16,16,16,9,9,7,11
16,3,16,16,16,16,16,9,9,7,11
16,3,16,16,16,16,16,9,9,7,11
16,3,16,16,16,16,16,9,9,7,11
15.9,3,16,16,16,16,16,9,8,7,11
15.9,3,15.9,16,16,16,16,9,8,7,11
15.9,4,15.9,15.9,16,16,16,9,7,7,11
15.9,4,15.9,15.9,15.9,16,16,9,7,7,11
15.9,4,15.9,15.9,15.9,15.9,16,9,9,7,11
15.9,4,15.9,15.9,15.9,15.9,15.9,9,9,7,11
15.8,4,15.9,15.9,15.9,15.9,15.9,9,9,7,11
15.8,4,15.8,15.9,15.9,15.9,15.9,9,9,7,11
15.8,4,15.8,15.8,15.9,15.9,15.9,9,9,7,11
15.8,4,15.8,15.8,15.8,15.9,15.9,9,9,7,11
15.8,4,15.8,15.8,15.8,15.8,15.9,9,9,7,11
15.8,4,15.8,15.8,15.8,15.8,15.8,9,9,7,11
15.8,4,15.8,15.8,15.8,15.8,15.8,9,8,7,11
15.8,4,15.8,15.8,15.8,15.8,15.8,9,8,7,11
15.8,5,15.8,15.8,15.8,15.8,15.8,9,8,7,11
15.7,5,15.8,15.8,15.8,15.8,15.8,9,8,7,11
15.7,5,15.7,15.8,15.8,15.8,15.8,9,8,7,11
15.7,5,15.7,15.7,15.8,15.8,15.8,9,8,7,11
15.7,5,15.7,15.7,15.7,15.8,15.8,9,8,7,11
15.7,5,15.7,15.7,15.7,15.7,15.8,9,8,7,11
15.7,5,15.7,15.7,15.7,15.7,15.7,9,9,6,11
15.6,5,15.7,15.7,15.7,15.7,15.7,9,9,6,11
15.6,5,15.6,15.7,15.7,15.7,15.7,9,9,6,11
15.6,5,15.6,15.6,15.7,15.7,15.7,9,8,6,11
15.6,5,15.6,15.6,15.6,15.7,15.7,9,9,6,11
15.6,5,15.6,15.6,15.6,15.6,15.7,9,8,6,12
15.6,5,15.6,15.6,15.6,15.6,15.6,9,8,6,12
15.6,6,15.6,15.6,15.6,15.6,15.6,9,8,6,12
15.6,6,15.6,15.6,15.6,15.6,15.6,9,9,6,11
15.6,6,15.6,15.6,15.6,15.6,15.6,9,9,6,11
15.5,6,15.6,15.6,15.6,15.6,15.6,9,9,6,11
15.5,6,15.5,15.6,15.6,15.6,15.6,9,8,6,11
15.5,6,15.5,15.5,15.6,15.6,15.6,9,8,6,12
15.5,6,15.5,15.5,15.5,15.6,15.6,9,8,6,12
15.5,6,15.5,15.5,15.5,15.5,15.6,9,9,6,12
15.5,6,15.5,15.5,15.5,15.5,15.5,9,9,6,12
15.5,6,15.5,15.5,15.5,15.5,15.5,9,8,6,12
15.5,6,15.5,15.5,15.5,15.5,15.5,9,8,6,12
15.4,6,15.5,15.5,15.5,15.5,15.5,9,8,6,11
15.4,7,15.4,15.5,15.5,15.5,15.5,9,8,6,11
15.4,7,15.4,15.4,15.5,15.5,15.5,9,8,6,11
15.4,7,15.4,15.4,15.4,15.5,15.5,9,8,6,10
15.4,7,15.4,15.4,15.4,15.4,15.5,9,9,5,10
15.4,7,15.4,15.4,15.4,15.4,15.4,9,8,6,10
15.4,7,15.4,15.4,15.4,15.4,15.4,9,8,6,10
15.4,7,15.4,15.4,15.4,15.4,15.4,9,8,6,10
15.3,7,15.4,15.4,15.4,15.4,15.4,9,8,5,10
15.4,7,15.3,15.4,15.4,15.4,15.4,9,8,5,10
15.3,7,15.4,15.3,15.4,15.4,15.4,9,8,5,10
15.3,7,15.3,15.4,15.3,15.4,15.4,9,6,5,11
15.3,7,15.3,15.3,15.4,15.3,15.4,9,8,5,11
15.3,8,15.3,15.3,15.3,15.4,15.3,9,8,5,11
15.3,8,15.3,15.3,15.3,15.3,15.4,9,8,5,11
15.3,8,15.3,15.3,15.3,15.3,15.3,9,8,5,10
15.3,8,15.3,15.3,15.3,15.3,15.3,9,8,5,10
15.3,8,15.3,15.3,15.3,15.3,15.3,9,8,5,10
15.3,8,15.3,15.3,15.3,15.3,15.3,9,8,5,10
15.3,8,15.3,15.3,15.3,15.3,15.3,9,9,6,10
15.3,8,15.3,15.3,15.3,15.3,15.3,9,9,6,10
15.3,8,15.3,15.3,15.3,15.3,15.3,9,9,6,10
15.2,8,15.3,15.3,15.3,15.3,15.3,9,9,6,13
15.3,8,15.2,15.3,15.3,15.3,15.3,9,9,6,13
15.3,8,15.3,15.2,15.3,15.3,15.3,9,9,5,13
15.3,8,15.3,15.3,15.2,15.3,15.3,9,9,5,12
15.3,9,15.3,15.3,15.3,15.2,15.3,9,9,5,12
15.3,9,15.3,15.3,15.3,15.3,15.2,9,9,5,12
15.3,9,15.3,15.3,15.3,15.3,15.3,9,9,5,12
15.3,9,15.3,15.3,15.3,15.3,15.3,9,7,5,12
15.3,9,15.3,15.3,15.3,15.3,15.3,9,9,5,12
15.3,9,15.3,15.3,15.3,15.3,15.3,10,9,5,12
15.3,9,15.3,15.3,15.3,15.3,15.3,9,9,5,12
15.3,9,15.3,15.3,15.3,15.3,15.3,10,10,5,12
15.3,9,15.3,15.3,15.3,15.3,15.3,11,10,9,13
15.3,9,15.3,15.3,15.3,15.3,15.3,11,10,6,13
15.3,9,15.3,15.3,15.3,15.3,15.3,11,10,9,13
15.4,9,15.3,15.3,15.3,15.3,15.3,11,10,6,13
15.4,10,15.4,15.3,15.3,15.3,15.3,11,10,6,13
15.4,10,15.4,15.4,15.3,15.3,15.3,10,10,6,13
15.4,10,15.4,15.4,15.4,15.3,15.3,11,10,6,13
15.4,10,15.4,15.4,15.4,15.4,15.3,10,10,6,13
15.4,10,15.4,15.4,15.4,15.4,15.4,10,10,6,13
15.4,10,15.4,15.4,15.4,15.4,15.4,11,10,9,14
15.5,10,15.4,15.4,15.4,15.4,15.4,11,10,7,14
15.8,10,15.5,15.4,15.4,15.4,15.4,11,11,9,14
16.2,10,15.8,15.5,15.4,15.4,15.4,11,11,9,14
16.5,10,16.2,15.8,15.5,15.4,15.4,12,11,9,14
16.8,10,16.5,16.2,15.8,15.5,15.4,12,11,10,14
17,10,16.8,16.5,16.2,15.8,15.5,12,11,10,14
17.2,11,17,16.8,16.5,16.2,15.8,12,11,10,15
17.3,11,17.2,17,16.8,16.5,16.2,12,11,11,15
17.3,11,17.3,17.2,17,16.8,16.5,12,11,10,14
17.3,11,17.3,17.3,17.2,17,16.8,12,11,10,14
17.3,11,17.3,17.3,17.3,17.2,17,12,11,10,14
17.3,11,17.3,17.3,17.3,17.3,17.2,12,12,10,15
17.2,11,17.3,17.3,17.3,17.3,17.3,12,12,10,15
17,11,17.2,17.3,17.3,17.3,17.3,12,12,10,15
17.1,11,17,17.2,17.3,17.3,17.3,13,12,11,15
17.2,11,17.1,17,17.2,17.3,17.3,13,12,11,15
17.3,11,17.2,17.1,17,17.2,17.3,13,12,11,15
17.3,11,17.3,17.2,17.1,17,17.2,13,12,11,15
17.4,11,17.3,17.3,17.2,17.1,17,13,13,11,15
17.5,12,17.4,17.3,17.3,17.2,17.1,13,13,11,15
17.6,12,17.5,17.4,17.3,17.3,17.2,13,13,11,15
17.8,12,17.6,17.5,17.4,17.3,17.3,14,13,12,15
18,12,17.8,17.6,17.5,17.4,17.3,14,13,12,15
18.2,12,18,17.8,17.6,17.5,17.4,14,13,12,15
18.4,12,18.2,18,17.8,17.6,17.5,14,13,11,16
18.5,12,18.4,18.2,18,17.8,17.6,14,13,11,16
18.7,12,18.5,18.4,18.2,18,17.8,14,13,11,16
18.7,12,18.7,18.5,18.4,18.2,18,14,13,12,17
18.6,12,18.7,18.7,18.5,18.4,18.2,14,13,12,17
18.8,12,18.6,18.7,18.7,18.5,18.4,14,13,12,16
19,12,18.8,18.6,18.7,18.7,18.5,14,13,12,16
19,13,19,18.8,18.6,18.7,18.7,14,13,13,17
19.2,13,19,19,18.8,18.6,18.7,14,13,13,16
19.3,13,19.2,19,19,18.8,18.6,14,13,13,17
19.4,13,19.3,19.2,19,19,18.8,14,14,13,17
19.4,13,19.4,19.3,19.2,19,19,14,14,13,17
19.5,13,19.4,19.4,19.3,19.2,19,14,14,13,18
19.6,13,19.5,19.4,19.4,19.3,19.2,14,14,13,17
19.5,13,19.6,19.5,19.4,19.4,19.3,14,14,13,17
19,13,19.5,19.6,19.5,19.4,19.4,15,14,13,19
18.6,13,19,19.5,19.6,19.5,19.4,15,14,13,19
18.4,13,18.6,19,19.5,19.6,19.5,15,14,13,19
18.2,13,18.4,18.6,19,19.5,19.6,15,14,13,19
18.1,13,18.2,18.4,18.6,19,19.5,15,14,13,18
18,14,18.1,18.2,18.4,18.6,19,15,14,13,18
18,14,18,18.1,18.2,18.4,18.6,15,14,13,19
17.9,14,18,18,18.1,18.2,18.4,15,14,13,19
17.9,14,17.9,18,18,18.1,18.2,15,14,13,19
17.8,14,17.9,17.9,18,18,18.1,15,14,13,19
17.8,14,17.8,17.9,17.9,18,18,15,15,13,19
17.8,14,17.8,17.8,17.9,17.9,18,15,14,13,19
17.8,14,17.8,17.8,17.8,17.9,17.9,15,15,13,19
17.7,14,17.8,17.8,17.8,17.8,17.9,15,15,13,18
17.7,14,17.7,17.8,17.8,17.8,17.8,15,15,13,18
17.7,14,17.7,17.7,17.8,17.8,17.8,15,15,13,19
17.7,14,17.7,17.7,17.7,17.8,17.8,15,15,13,19
17.6,15,17.7,17.7,17.7,17.7,17.8,15,15,13,19
17.6,15,17.6,17.7,17.7,17.7,17.7,15,15,13,19
17.5,15,17.6,17.6,17.7,17.7,17.7,15,14,13,19
17.5,15,17.5,17.6,17.6,17.7,17.7,15,14,13,19
17.5,15,17.5,17.5,17.6,17.6,17.7,15,15,13,20
17.5,15,17.5,17.5,17.5,17.6,17.6,15,15,13,19
17.5,15,17.5,17.5,17.5,17.5,17.6,15,15,13,20
17.6,15,17.5,17.5,17.5,17.5,17.5,15,15,13,20
18,15,17.6,17.5,17.5,17.5,17.5,15,14,13,19
18.4,15,18,17.6,17.5,17.5,17.5,15,15,13,20
18.7,15,18.4,18,17.6,17.5,17.5,15,14,13,19
18.9,15,18.7,18.4,18,17.6,17.5,15,14,13,19
19.1,16,18.9,18.7,18.4,18,17.6,15,14,13,19
19.2,16,19.1,18.9,18.7,18.4,18,15,14,13,19
19.4,16,19.2,19.1,18.9,18.7,18.4,15,14,13,19
19.5,16,19.4,19.2,19.1,18.9,18.7,15,14,13,20
19.6,16,19.5,19.4,19.2,19.1,18.9,15,14,13,20
19.5,16,19.6,19.5,19.4,19.2,19.1,15,14,13,19
19.4,16,19.5,19.6,19.5,19.4,19.2,15,14,13,19
19.3,16,19.4,19.5,19.6,19.5,19.4,15,14,13,19
19.3,16,19.3,19.4,19.5,19.6,19.5,14,14,12,17
19.3,16,19.3,19.3,19.4,19.5,19.6,14,14,12,17
19.3,16,19.3,19.3,19.3,19.4,19.5,14,13,12,16
19.3,16,19.3,19.3,19.3,19.3,19.4,14,13,12,16
19.3,16,19.3,19.3,19.3,19.3,19.3,14,13,12,16
19.3,17,19.3,19.3,19.3,19.3,19.3,14,13,12,16
19.3,17,19.3,19.3,19.3,19.3,19.3,14,13,12,16
19.3,17,19.3,19.3,19.3,19.3,19.3,14,13,12,16
19.1,17,19.3,19.3,19.3,19.3,19.3,14,13,12,16
18.9,17,19.1,19.3,19.3,19.3,19.3,13,13,11,16
18.9,17,18.9,19.1,19.3,19.3,19.3,13,13,11,16
19.1,17,18.9,18.9,19.1,19.3,19.3,13,13,11,16
19.1,17,19.1,18.9,18.9,19.1,19.3,13,13,11,16
19.2,17,19.1,19.1,18.9,18.9,19.1,13,12,11,15
19.2,17,19.2,19.1,19.1,18.9,18.9,13,12,10,15
19.4,17,19.2,19.2,19.1,19.1,18.9,13,12,11,15
19.4,17,19.4,19.2,19.2,19.1,19.1,13,12,10,15
19.5,18,19.4,19.4,19.2,19.2,19.1,12,12,10,15
19.5,18,19.5,19.4,19.4,19.2,19.2,12,12,10,15
19.5,18,19.5,19.5,19.4,19.4,19.2,12,11,10,14
19.6,18,19.5,19.5,19.5,19.4,19.4,12,12,11,14
19.5,18,19.6,19.5,19.5,19.5,19.4,12,11,10,14
19.5,18,19.5,19.6,19.5,19.5,19.5,12,11,10,13
19.6,18,19.5,19.5,19.6,19.5,19.5,12,11,10,13
19.6,18,19.6,19.5,19.5,19.6,19.5,12,11,10,13
19.6,18,19.6,19.6,19.5,19.5,19.6,12,11,9,13
19.7,18,19.6,19.6,19.6,19.5,19.5,12,11,9,13
19.7,18,19.7,19.6,19.6,19.6,19.5,12,11,9,13
19.8,18,19.7,19.7,19.6,19.6,19.6,12,11,9,13
19.8,19,19.8,19.7,19.7,19.6,19.6,11,11,10,13
19.8,19,19.8,19.8,19.7,19.7,19.6,11,11,10,13
19.8,19,19.8,19.8,19.8,19.7,19.7,11,11,10,14
19.8,19,19.8,19.8,19.8,19.8,19.7,11,10,10,13
19.7,19,19.8,19.8,19.8,19.8,19.8,11,10,10,13
19.5,19,19.7,19.8,19.8,19.8,19.8,11,10,9,13
19.3,19,19.5,19.7,19.8,19.8,19.8,11,10,9,13
19.1,19,19.3,19.5,19.7,19.8,19.8,11,10,9,13
19,19,19.1,19.3,19.5,19.7,19.8,11,10,9,14
18.9,19,19,19.1,19.3,19.5,19.7,11,10,9,13
18.9,19,18.9,19,19.1,19.3,19.5,11,10,9,13
18.8,19,18.9,18.9,19,19.1,19.3,11,10,9,13
18.7,19,18.8,18.9,18.9,19,19.1,11,10,9,14
18.7,20,18.7,18.8,18.9,18.9,19,11,10,8,13
18.6,20,18.7,18.7,18.8,18.9,18.9,11,10,8,13
18.6,20,18.6,18.7,18.7,18.8,18.9,11,10,8,13
18.5,20,18.6,18.6,18.7,18.7,18.8,11,10,8,13
18.5,20,18.5,18.6,18.6,18.7,18.7,11,10,8,13
18.4,20,18.5,18.5,18.6,18.6,18.7,11,10,8,13
18.4,20,18.4,18.5,18.5,18.6,18.6,11,10,8,13
18.4,20,18.4,18.4,18.5,18.5,18.6,11,10,8,13
18.3,20,18.4,18.4,18.4,18.5,18.5,11,10,8,13
18.3,20,18.3,18.4,18.4,18.4,18.5,11,10,8,13
18.2,20,18.3,18.3,18.4,18.4,18.4,10,10,8,13
18.2,20,18.2,18.3,18.3,18.4,18.4,10,10,8,13
18.2,21,18.2,18.2,18.3,18.3,18.4,10,10,8,13
18.1,21,18.2,18.2,18.2,18.3,18.3,10,10,8,13
18.1,21,18.1,18.2,18.2,18.2,18.3,10,10,8,13
18.1,21,18.1,18.1,18.2,18.2,18.2,10,9,8,13
18.2,21,18.1,18.1,18.1,18.2,18.2,10,10,8,13
18.2,21,18.2,18.1,18.1,18.1,18.2,10,9,8,13
18.2,21,18.2,18.2,18.1,18.1,18.1,10,9,7,13
18.2,21,18.2,18.2,18.2,18.1,18.1,10,9,7,13
18.3,21,18.2,18.2,18.2,18.2,18.1,10,9,8,13
18.3,21,18.3,18.2,18.2,18.2,18.2,10,9,8,13
18.3,21,18.3,18.3,18.2,18.2,18.2,10,9,6,13
18.4,21,18.3,18.3,18.3,18.2,18.2,11,10,6,14
18.4,21,18.4,18.3,18.3,18.3,18.2,11,10,6,14
18.4,22,18.4,18.4,18.3,18.3,18.3,11,10,6,14
18.4,22,18.4,18.4,18.4,18.3,18.3,11,10,6,14
18.4,22,18.4,18.4,18.4,18.4,18.3,10,10,6,14
18.4,22,18.4,18.4,18.4,18.4,18.4,10,10,6,14
18.4,22,18.4,18.4,18.4,18.4,18.4,10,10,6,14
18.5,22,18.4,18.4,18.4,18.4,18.4,10,9,6,14
18.5,22,18.5,18.4,18.4,18.4,18.4,10,9,6,14
18.5,22,18.5,18.5,18.4,18.4,18.4,10,9,7,14
18.5,22,18.5,18.5,18.5,18.4,18.4,10,10,7,12
18.5,22,18.5,18.5,18.5,18.5,18.4,10,10,7,12
18.5,22,18.5,18.5,18.5,18.5,18.5,10,10,7,12
18.5,22,18.5,18.5,18.5,18.5,18.5,10,8,6,12
18.5,23,18.5,18.5,18.5,18.5,18.5,10,8,6,12
18.5,23,18.5,18.5,18.5,18.5,18.5,10,9,7,13
18.5,23,18.5,18.5,18.5,18.5,18.5,10,9,7,13
18.5,23,18.5,18.5,18.5,18.5,18.5,10,10,7,13
18.5,23,18.5,18.5,18.5,18.5,18.5,10,10,7,13
18.5,23,18.5,18.5,18.5,18.5,18.5,10,10,7,13
18.4,23,18.5,18.5,18.5,18.5,18.5,11,10,8,14
18.3,23,18.4,18.5,18.5,18.5,18.5,11,10,8,14
18.2,23,18.3,18.4,18.5,18.5,18.5,11,10,8,14
18.2,23,18.2,18.3,18.4,18.5,18.5,11,10,8,14
18.1,23,18.2,18.2,18.3,18.4,18.5,11,10,8,14
18.1,23,18.1,18.2,18.2,18.3,18.4,11,10,8,14
18,0,18.1,18.1,18.2,18.2,18.3,11,10,8,14
18,0,18,18.1,18.1,18.2,18.2,11,10,8,14
18,0,18,18,18.1,18.1,18.2,11,10,8,14
17.9,0,18,18,18,18.1,18.1,10,10,8,12
17.9,0,17.9,18,18,18,18.1,10,10,8,12
17.9,0,17.9,17.9,18,18,18,10,10,8,12
17.9,0,17.9,17.9,17.9,18,18,10,10,8,12
17.9,0,17.9,17.9,17.9,17.9,18,10,8,8,12
17.8,0,17.9,17.9,17.9,17.9,17.9,10,10,8,12
17.8,0,17.8,17.9,17.9,17.9,17.9,10,7,8,12
17.8,0,17.8,17.8,17.9,17.9,17.9,10,7,8,12
17.7,0,17.8,17.8,17.8,17.9,17.9,10,8,8,12
17.7,0,17.7,17.8,17.8,17.8,17.9,10,7,8,12
17.7,1,17.7,17.7,17.8,17.8,17.8,10,7,8,12
17.7,1,17.7,17.7,17.7,17.8,17.8,10,10,8,12
17.7,1,17.7,17.7,17.7,17.7,17.8,10,10,8,12
17.6,1,17.7,17.7,17.7,17.7,17.7,10,10,8,12
17.6,1,17.6,17.7,17.7,17.7,17.7,10,10,7,13
17.6,1,17.6,17.6,17.7,17.7,17.7,10,8,7,13
17.6,1,17.6,17.6,17.6,17.7,17.7,10,10,7,12
17.5,1,17.6,17.6,17.6,17.6,17.7,10,7,7,12
17.5,1,17.5,17.6,17.6,17.6,17.6,10,8,7,12
17.5,1,17.5,17.5,17.6,17.6,17.6,10,8,7,12
17.5,1,17.5,17.5,17.5,17.6,17.6,10,8,7,12
17.5,1,17.5,17.5,17.5,17.5,17.6,10,10,7,12
17.5,2,17.5,17.5,17.5,17.5,17.5,10,10,7,12
17.5,2,17.5,17.5,17.5,17.5,17.5,10,8,7,13
17.4,2,17.5,17.5,17.5,17.5,17.5,10,8,7,13
17.4,2,17.4,17.5,17.5,17.5,17.5,10,8,7,13
17.4,2,17.4,17.4,17.5,17.5,17.5,10,10,7,13
17.4,2,17.4,17.4,17.4,17.5,17.5,10,8,7,13
17.4,2,17.4,17.4,17.4,17.4,17.5,10,10,7,13
17.3,2,17.4,17.4,17.4,17.4,17.4,10,10,7,13
17.3,2,17.3,17.4,17.4,17.4,17.4,10,10,7,13
17.3,2,17.3,17.3,17.4,17.4,17.4,10,10,7,13
17.3,2,17.3,17.3,17.3,17.4,17.4,10,10,7,13
17.3,2,17.3,17.3,17.3,17.3,17.4,10,8,7,13
17.2,3,17.3,17.3,17.3,17.3,17.3,10,8,7,13
17.2,3,17.2,17.3,17.3,17.3,17.3,10,8,7,13
17.2,3,17.2,17.2,17.3,17.3,17.3,10,10,7,13
17.2,3,17.2,17.2,17.2,17.3,17.3,10,10,7,13
17.2,3,17.2,17.2,17.2,17.2,17.3,10,10,7,13
17.2,3,17.2,17.2,17.2,17.2,17.2,10,10,7,13
17.1,3,17.2,17.2,17.2,17.2,17.2,10,10,7,13
17.2,3,17.1,17.2,17.2,17.2,17.2,10,10,7,13
17.1,3,17.2,17.1,17.2,17.2,17.2,10,10,7,13
17.1,3,17.1,17.2,17.1,17.2,17.2,10,10,7,13
17.1,3,17.1,17.1,17.2,17.1,17.2,10,10,7,13
17.1,3,17.1,17.1,17.1,17.2,17.1,10,10,7,13
17,3,17.1,17.1,17.1,17.1,17.2,10,9,7,13
17.1,4,17,17.1,17.1,17.1,17.1,10,10,7,13
17.1,4,17.1,17,17.1,17.1,17.1,10,10,7,13
17,4,17.1,17.1,17,17.1,17.1,10,10,7,13
17,4,17,17.1,17.1,17,17.1,10,10,7,13
17,4,17,17,17.1,17.1,17,10,10,7,13
17,4,17,17,17,17.1,17.1,10,9,7,13
17,4,17,17,17,17,17.1,10,7,7,13
16.9,4,17,17,17,17,17,10,9,7,13
16.9,4,16.9,17,17,17,17,10,7,7,13
16.9,4,16.9,16.9,17,17,17,10,7,7,13
16.9,4,16.9,16.9,16.9,17,17,10,7,7,13
16.9,4,16.9,16.9,16.9,16.9,17,10,7,7,13
16.9,5,16.9,16.9,16.9,16.9,16.9,10,10,7,13
16.9,5,16.9,16.9,16.9,16.9,16.9,10,8,7,13
16.8,5,16.9,16.9,16.9,16.9,16.9,10,8,7,13
16.8,5,16.8,16.9,16.9,16.9,16.9,10,8,7,13
16.8,5,16.8,16.8,16.9,16.9,16.9,10,10,7,13
16.8,5,16.8,16.8,16.8,16.9,16.9,10,10,7,13
16.8,5,16.8,16.8,16.8,16.8,16.9,10,10,7,13
16.8,5,16.8,16.8,16.8,16.8,16.8,10,7,7,13
16.8,5,16.8,16.8,16.8,16.8,16.8,10,7,7,13
16.8,5,16.8,16.8,16.8,16.8,16.8,10,7,7,13
16.7,5,16.8,16.8,16.8,16.8,16.8,10,10,7,12
16.7,5,16.7,16.8,16.8,16.8,16.8,10,10,7,13
16.7,5,16.7,16.7,16.8,16.8,16.8,10,7,7,13
16.7,6,16.7,16.7,16.7,16.8,16.8,10,7,7,13
16.7,6,16.7,16.7,16.7,16.7,16.8,10,7,7,13
16.7,6,16.7,16.7,16.7,16.7,16.7,10,10,7,13
16.7,6,16.7,16.7,16.7,16.7,16.7,10,10,7,13
16.7,6,16.7,16.7,16.7,16.7,16.7,10,10,7,12
16.6,6,16.7,16.7,16.7,16.7,16.7,10,10,7,13
16.6,6,16.6,16.7,16.7,16.7,16.7,10,10,7,13
16.6,6,16.6,16.6,16.7,16.7,16.7,10,10,7,13
16.6,6,16.6,16.6,16.6,16.7,16.7,10,10,7,13
16.6,6,16.6,16.6,16.6,16.6,16.7,10,10,7,13
16.6,6,16.6,16.6,16.6,16.6,16.6,10,10,7,13
16.5,6,16.6,16.6,16.6,16.6,16.6,10,10,6,13
16.5,7,16.5,16.6,16.6,16.6,16.6,10,10,6,13
16.5,7,16.5,16.5,16.6,16.6,16.6,10,10,6,13
16.5,7,16.5,16.5,16.5,16.6,16.6,10,10,6,13
16.5,7,16.5,16.5,16.5,16.5,16.6,10,10,6,13
16.5,7,16.5,16.5,16.5,16.5,16.5,10,10,6,13
16.4,7,16.5,16.5,16.5,16.5,16.5,10,10,6,13
16.4,7,16.4,16.5,16.5,16.5,16.5,10,9,6,13
16.4,7,16.4,16.4,16.5,16.5,16.5,10,9,6,13
16.4,7,16.4,16.4,16.4,16.5,16.5,9,9,6,13
16.4,7,16.4,16.4,16.4,16.4,16.5,10,9,6,13
16.4,7,16.4,16.4,16.4,16.4,16.4,10,9,6,13
16.4,7,16.4,16.4,16.4,16.4,16.4,10,9,6,13
16.4,8,16.4,16.4,16.4,16.4,16.4,10,9,6,13
16.4,8,16.4,16.4,16.4,16.4,16.4,10,9,6,13
16.4,8,16.4,16.4,16.4,16.4,16.4,10,8,6,12
16.3,8,16.4,16.4,16.4,16.4,16.4,10,8,6,12
16.3,8,16.3,16.4,16.4,16.4,16.4,10,8,6,12
16.3,8,16.3,16.3,16.4,16.4,16.4,9,9,6,12
16.3,8,16.3,16.3,16.3,16.4,16.4,9,9,6,12
16.3,8,16.3,16.3,16.3,16.3,16.4,9,9,6,13
16.3,8,16.3,16.3,16.3,16.3,16.3,9,9,6,13
16.3,8,16.3,16.3,16.3,16.3,16.3,9,9,6,13
16.3,8,16.3,16.3,16.3,16.3,16.3,9,9,6,13
16.6,8,16.3,16.3,16.3,16.3,16.3,10,10,6,13
16.8,8,16.6,16.3,16.3,16.3,16.3,10,10,6,13
17.1,9,16.8,16.6,16.3,16.3,16.3,10,9,6,14
17.3,9,17.1,16.8,16.6,16.3,16.3,10,9,6,14
17.6,9,17.3,17.1,16.8,16.6,16.3,10,9,6,14
17.8,9,17.6,17.3,17.1,16.8,16.6,10,9,6,14
18.1,9,17.8,17.6,17.3,17.1,16.8,10,9,6,14
18.1,9,18.1,17.8,17.6,17.3,17.1,10,9,6,14
19.1,9,18.1,18.1,17.8,17.6,17.3,11,9,6,14
20.7,9,19.1,18.1,18.1,17.8,17.6,11,10,6,14
22.3,10,20.7,19.1,18.1,18.1,17.8,12,11,8,15
21.8,10,22.3,20.7,19.1,18.1,18.1,14,13,11,16
21.8,10,21.8,22.3,20.7,19.1,18.1,12,11,9,16
21.9,10,21.8,21.8,22.3,20.7,19.1,13,12,11,15
21.9,10,21.9,21.8,21.8,22.3,20.7,12,11,9,16
22,10,21.9,21.9,21.8,21.8,22.3,12,11,9,16
22.3,10,22,21.9,21.9,21.8,21.8,13,12,11,15
22.3,10,22.3,22,21.9,21.9,21.8,12,11,9,16
25.4,18,22.3,22.3,22,21.9,21.9,12,11,9,14
25.9,18,25.4,22.3,22.3,22,21.9,12,11,9,14
25.9,18,25.9,25.4,22.3,22.3,22,12,11,9,14
25.9,18,25.9,25.9,25.4,22.3,22.3,12,11,9,14
22.3,11,25.9,25.9,25.9,25.4,22.3,11,10,10,14
22.1,11,22.3,25.9,25.9,25.9,25.4,11,10,10,14
22.2,11,22.1,22.3,25.9,25.9,25.9,11,10,10,14
22.2,11,22.2,22.1,22.3,25.9,25.9,11,10,10,14
21.6,12,22.2,22.2,22.1,22.3,25.9,11,10,10,14
21.7,12,21.6,22.2,22.2,22.1,22.3,11,10,10,14
22.2,12,21.7,21.6,22.2,22.2,22.1,11,10,9,14
22.4,12,22.2,21.7,21.6,22.2,22.2,11,10,10,14
22.5,12,22.4,22.2,21.7,21.6,22.2,11,10,10,14
22.2,12,22.5,22.4,22.2,21.7,21.6,11,10,10,14
22.1,12,22.2,22.5,22.4,22.2,21.7,11,10,10,14
22.2,12,22.1,22.2,22.5,22.4,22.2,11,11,10,14
22.3,12,22.2,22.1,22.2,22.5,22.4,11,11,10,14
22.3,13,22.3,22.2,22.1,22.2,22.5,11,11,10,14
22.4,13,22.3,22.3,22.2,22.1,22.2,11,11,10,14
22.4,13,22.4,22.3,22.3,22.2,22.1,11,11,10,14
22.5,13,22.4,22.4,22.3,22.3,22.2,11,11,10,14
22.6,13,22.5,22.4,22.4,22.3,22.3,11,11,10,15
22.3,13,22.6,22.5,22.4,22.4,22.3,11,11,10,15
22.7,13,22.3,22.6,22.5,22.4,22.4,11,11,10,15
22.3,13,22.7,22.3,22.6,22.5,22.4,11,11,10,15
21.6,13,22.3,22.7,22.3,22.6,22.5,12,11,10,15
21.9,13,21.6,22.3,22.7,22.3,22.6,12,11,10,15
22,13,21.9,21.6,22.3,22.7,22.3,12,11,10,15
22.1,13,22,21.9,21.6,22.3,22.7,12,11,10,15
22.1,13,22.1,22,21.9,21.6,22.3,12,11,10,15
22.3,14,22.1,22.1,22,21.9,21.6,12,11,10,15
22.2,14,22.3,22.1,22.1,22,21.9,12,11,10,15
22.1,14,22.2,22.3,22.1,22.1,22,12,11,10,15
22.1,14,22.1,22.2,22.3,22.1,22.1,12,11,10,15
22.1,14,22.1,22.1,22.2,22.3,22.1,12,11,10,15
21.5,14,22.1,22.1,22.1,22.2,22.3,12,11,10,15
21.3,14,21.5,22.1,22.1,22.1,22.2,12,11,10,16
21.2,14,21.3,21.5,22.1,22.1,22.1,12,11,10,16
21,14,21.2,21.3,21.5,22.1,22.1,12,11,10,15
20.9,14,21,21.2,21.3,21.5,22.1,12,11,10,15
20.9,14,20.9,21,21.2,21.3,21.5,12,11,10,15
20.6,14,20.9,20.9,21,21.2,21.3,12,11,10,15
20.7,14,20.6,20.9,20.9,21,21.2,12,11,10,15
20.4,15,20.7,20.6,20.9,20.9,21,12,11,10,15
20.2,15,20.4,20.7,20.6,20.9,20.9,12,11,10,15
20.1,15,20.2,20.4,20.7,20.6,20.9,12,11,10,15
20,15,20.1,20.2,20.4,20.7,20.6,12,11,10,15
20.3,15,20,20.1,20.2,20.4,20.7,12,11,10,16
20,15,20.3,20,20.1,20.2,20.4,12,11,10,16
19.9,15,20,20.3,20,20.1,20.2,12,11,10,15
19.8,15,19.9,20,20.3,20,20.1,12,11,10,15
19.8,15,19.8,19.9,20,20.3,20,12,11,10,15
19.9,15,19.8,19.8,19.9,20,20.3,12,11,10,15
20.5,15,19.9,19.8,19.8,19.9,20,12,11,10,15
20.5,15,20.5,19.9,19.8,19.8,19.9,12,11,10,15
21,16,20.5,20.5,19.9,19.8,19.8,12,11,10,15
21.1,16,21,20.5,20.5,19.9,19.8,12,11,10,15
21.4,16,21.1,21,20.5,20.5,19.9,12,11,10,15
21.4,16,21.4,21.1,21,20.5,20.5,12,11,10,14
21.5,16,21.4,21.4,21.1,21,20.5,12,11,10,14
21.7,16,21.5,21.4,21.4,21.1,21,12,11,10,14
21.8,16,21.7,21.5,21.4,21.4,21.1,11,11,10,14
22,16,21.8,21.7,21.5,21.4,21.4,12,11,10,14
22.1,16,22,21.8,21.7,21.5,21.4,11,11,10,13
22.1,16,22.1,22,21.8,21.7,21.5,11,11,10,13
22.1,16,22.1,22.1,22,21.8,21.7,11,11,10,13
22,16,22.1,22.1,22.1,22,21.8,11,11,10,13
21.9,16,22,22.1,22.1,22.1,22,11,11,10,13
21.7,17,21.9,22,22.1,22.1,22.1,11,11,10,13
22.4,17,21.7,21.9,22,22.1,22.1,11,11,10,13
21.8,17,22.4,21.7,21.9,22,22.1,11,10,10,13
21.4,17,21.8,22.4,21.7,21.9,22,11,10,10,13
21.7,17,21.4,21.8,22.4,21.7,21.9,11,10,10,13
21.6,17,21.7,21.4,21.8,22.4,21.7,11,10,10,13
21.8,17,21.6,21.7,21.4,21.8,22.4,11,10,10,13
21.7,17,21.8,21.6,21.7,21.4,21.8,11,10,10,13
21.6,17,21.7,21.8,21.6,21.7,21.4,11,10,10,13
21.5,17,21.6,21.7,21.8,21.6,21.7,11,10,10,13
21.4,17,21.5,21.6,21.7,21.8,21.6,11,10,10,13
21.2,17,21.4,21.5,21.6,21.7,21.8,11,10,10,13
21.1,17,21.2,21.4,21.5,21.6,21.7,11,10,10,13
20.9,18,21.1,21.2,21.4,21.5,21.6,11,10,10,13
20.9,18,20.9,21.1,21.2,21.4,21.5,11,10,10,13
21,18,20.9,20.9,21.1,21.2,21.4,11,10,10,13
21.2,18,21,20.9,20.9,21.1,21.2,11,10,10,13
21.2,18,21.2,21,20.9,20.9,21.1,11,10,10,13
21.3,18,21.2,21.2,21,20.9,20.9,11,10,10,13
21.3,18,21.3,21.2,21.2,21,20.9,11,10,10,13
21.5,18,21.3,21.3,21.2,21.2,21,11,10,10,13
21.4,18,21.5,21.3,21.3,21.2,21.2,11,10,10,13
21.4,18,21.4,21.5,21.3,21.3,21.2,11,10,9,13
21.5,18,21.4,21.4,21.5,21.3,21.3,11,10,9,13
21.6,18,21.5,21.4,21.4,21.5,21.3,11,10,9,13
21.5,18,21.6,21.5,21.4,21.4,21.5,11,10,9,13
21.6,19,21.5,21.6,21.5,21.4,21.4,11,10,9,13
21.7,19,21.6,21.5,21.6,21.5,21.4,11,10,9,13
21.5,19,21.7,21.6,21.5,21.6,21.5,11,10,9,13
21.4,19,21.5,21.7,21.6,21.5,21.6,11,10,9,13
21.4,19,21.4,21.5,21.7,21.6,21.5,11,10,10,13
21.5,19,21.4,21.4,21.5,21.7,21.6,11,10,10,13
21.4,19,21.5,21.4,21.4,21.5,21.7,11,10,10,13
21.5,19,21.4,21.5,21.4,21.4,21.5,11,10,9,13
21.3,19,21.5,21.4,21.5,21.4,21.4,11,10,9,13
21.4,19,21.3,21.5,21.4,21.5,21.4,11,10,9,13
21.3,19,21.4,21.3,21.5,21.4,21.5,11,10,9,13
21.3,19,21.3,21.4,21.3,21.5,21.4,11,10,9,13
21.1,20,21.3,21.3,21.4,21.3,21.5,11,10,9,13
20.9,21,21.1,21.3,21.3,21.4,21.3,11,10,9,13
21,21,20.9,21.1,21.3,21.3,21.4,11,10,9,13
20.7,21,21,20.9,21.1,21.3,21.3,11,10,9,13
20.5,21,20.7,21,20.9,21.1,21.3,11,10,9,13
20.5,21,20.5,20.7,21,20.9,21.1,11,10,9,13
20.3,21,20.5,20.5,20.7,21,20.9,11,10,9,13
20.1,21,20.3,20.5,20.5,20.7,21,11,10,9,13
20,21,20.1,20.3,20.5,20.5,20.7,11,10,9,13
19.9,21,20,20.1,20.3,20.5,20.5,11,10,9,13
19.8,21,19.9,20,20.1,20.3,20.5,11,10,9,13
19.9,21,19.8,19.9,20,20.1,20.3,11,10,9,13